Rank,Name,Platform,Year,Genre,Publisher,NA_Sales,EU_Sales,JP_Sales,Other_Sales,Global_Sales
1,Saga of Empires,PSP,2010.0,Action,Activision,24.64,20.16,3.68,11.04,59.52
2,Battle for Racing Stars: Remastered,X360,2010.0,Action,Bethesda Softworks,8.75,5.98,1.61,1.29,17.63
3,Age of Fairways,DS,2007.0,Platform,2K Games,4.35,2.4,2.45,1.43,10.63
4,Empire of Duty III,X360,2014.0,Platform,Nintendo,4.34,1.47,1.56,3.03,10.4
5,Heroes Nations: Remastered,GBA,2004.0,Shooter,Epic Games,5.14,1.83,0.27,1.65,8.89
6,Valor Rebellion: Next Gen,GBA,2006.0,Sports,Epic Games,2.56,3.51,0.28,0.27,6.62
7,Kingdom of Frontier III,GBA,2008.0,Fighting,,2.42,2.29,0.94,0.85,6.5
8,Saga of Heroes Gold Edition,N64,2004.0,Strategy,CD Projekt,2.47,2.52,0.58,0.64,6.21
9,Saga of Titans II,PS,1997.0,Shooter,Activision,3.58,1.17,0.4,0.94,6.09
10,Empire of Duty: Origins,N64,2002.0,Role-Playing,Epic Games,1.21,0.93,2.0,1.58,5.72
11,Fury Gridiron III,PSV,2014.0,Shooter,Atari,3.26,1.86,0.01,0.46,5.59
12,Heroes Odyssey: Reborn,Wii,2015.0,Shooter,Sega,2.67,2.04,0.6,0.18,5.49
13,Shadow of Storm 3,SNES,1998.0,Role-Playing,CD Projekt,1.89,2.06,1.48,0.03,5.46
14,Nations Gridiron,GBA,2004.0,Racing,Sega,1.64,1.79,0.4,1.59,5.42
15,Chronicles of Warriors Gold Edition,PS3,2010.0,Strategy,Microsoft Game Studios,1.65,1.98,0.53,1.19,5.35
16,Kingdom of Legends Gold Edition,PS4,2015.0,Shooter,Activision,1.65,1.48,0.67,1.52,5.32
17,Nations Titans: Origins,PS4,2015.0,Fighting,Microsoft Game Studios,3.72,1.26,0.18,0.07,5.23
18,Fury Odyssey: Origins,N64,1999.0,Adventure,Ubisoft,2.74,1.14,0.82,0.24,4.94
19,Quest for Storm: Next Gen,XOne,2018.0,Sports,Konami Digital Entertainment,1.86,1.15,0.72,0.86,4.59
20,Age of Depths,Wii,2010.0,Action,Take-Two Interactive,2.28,1.3,0.42,0.47,4.47
21,Titans Shadows: Remastered,PC,2000.0,Adventure,Bethesda Softworks,2.65,0.9,0.34,0.41,4.3
22,Fairways Warriors: Next Gen,3DS,2011.0,Simulation,Take-Two Interactive,1.24,1.13,0.58,1.24,4.19
23,Age of Conquest: Origins,PC,1999.0,Simulation,Namco Bandai Games,1.6,0.86,0.93,0.72,4.11
24,Tales of Empires: Remastered,PS2,2001.0,Fighting,Take-Two Interactive,1.33,1.63,0.72,0.33,4.01
25,Chronicles of Storm,Wii,2011.0,Fighting,Konami Digital Entertainment,1.0,1.9,0.14,0.74,3.78
26,Shadow of Rebellion: Next Gen,Switch,2020.0,Sports,Nintendo,1.43,1.4,0.6,0.1,3.53
27,Fall of Shadows: Revolution,PS3,2010.0,Sports,Epic Games,1.51,0.9,0.47,0.59,3.47
28,Legend of Fury,GBA,2005.0,Racing,Electronic Arts,1.11,1.28,0.38,0.6,3.37
29,Battle for Frontier,PC,2002.0,Platform,2K Games,1.21,1.24,0.72,0.18,3.35
30,Age of Valor,PS3,2010.0,Role-Playing,Square Enix,1.85,0.58,0.6,0.31,3.34
31,Frontier Shadows: Origins,N64,2000.0,Sports,Sega,1.63,1.46,0.06,0.19,3.34
32,Battle for Frontier Gold Edition,PC,2003.0,Action,Activision,1.12,1.1,0.66,0.46,3.34
33,Realm of Glory 2,PS4,2017.0,Racing,Square Enix,1.49,1.3,0.03,0.48,3.3
34,Tales of Duty III,X360,2015.0,Action,Activision,1.37,0.65,0.85,0.33,3.2
35,Saga of Heroes 2,PS,1996.0,Role-Playing,Sony Computer Entertainment,1.13,0.32,1.05,0.7,3.2
36,Champions Fairways: Remastered,PC,2000.0,Sports,Epic Games,1.38,0.79,0.08,0.86,3.11
37,Legend of Titans: Remastered,Wii,2014.0,Platform,Sega,0.76,1.55,0.27,0.52,3.1
38,World of Glory: Next Gen,PS3,2015.0,Adventure,Square Enix,1.17,1.36,0.34,0.05,2.92
39,Duty Fairways 3,X360,2005.0,Fighting,Bethesda Softworks,1.12,0.97,0.05,0.59,2.73
40,Call of Titans,SNES,1997.0,Fighting,Bethesda Softworks,1.25,1.01,0.42,0.04,2.72
41,Call of Conquest,PS3,2017.0,Role-Playing,Microsoft Game Studios,0.81,0.21,1.62,0.06,2.7
42,Champions Rebellion: Next Gen,X360,2012.0,Fighting,Activision,1.0,0.73,0.63,0.3,2.66
43,Fury Gridiron: Reborn,PS2,2004.0,Adventure,Capcom,1.43,0.52,0.4,0.31,2.66
44,Fall of Conquest: Origins,GBA,2008.0,Shooter,Ubisoft,1.2,0.92,0.24,0.28,2.64
45,Arena Gridiron II,PS3,2013.0,Role-Playing,Atari,0.82,0.35,1.32,0.1,2.59
46,Titans Odyssey 3,PS2,2002.0,Action,Atari,1.14,0.7,0.46,0.26,2.56
47,Legends Valor: Reborn,XOne,2015.0,Simulation,Take-Two Interactive,1.12,0.82,0.42,0.16,2.52
48,Saga of Odyssey: Next Gen,PSP,2005.0,Action,Bethesda Softworks,0.98,0.99,0.26,0.2,2.43
49,Legends Skies III,WiiU,2014.0,Adventure,Sega,1.3,0.43,0.45,0.2,2.38
50,Rise of Glory: Next Gen,PS3,2006.0,Strategy,2K Games,1.02,0.49,0.35,0.5,2.36
51,Nations Glory,PS,2005.0,Platform,2K Games,1.1,0.74,0.25,0.26,2.35
52,World of Dragons,N64,2002.0,Sports,Nintendo,1.28,0.69,0.09,0.27,2.33
53,Depths Depths,Wii,2012.0,Misc,THQ,0.72,0.61,0.5,0.42,2.25
54,Realm of Fury: Origins,PSP,2006.0,Racing,Atari,0.83,0.89,0.03,0.47,2.22
55,Fall of Frontier: Revolution,PS4,2017.0,Racing,Electronic Arts,1.0,0.82,0.09,0.31,2.22
56,Battle for Nations: Revolution,PSP,2007.0,Fighting,Activision,0.7,0.85,0.27,0.4,2.22
57,Rebellion Glory,PS,1996.0,Racing,Bethesda Softworks,1.07,0.52,0.07,0.47,2.13
58,Racing Stars Depths 2,XB,2001.0,Role-Playing,CD Projekt,0.34,0.6,1.01,0.13,2.08
59,Titans Odyssey III,PS2,2000.0,Misc,Disney Interactive Studios,0.93,0.5,0.2,0.44,2.07
60,Nations Racing Stars 2,PS2,2008.0,Fighting,Sony Computer Entertainment,1.26,0.57,0.07,0.14,2.04
61,Empires Storm: Reborn,XB,2004.0,Action,Microsoft Game Studios,0.83,0.84,0.29,0.06,2.02
62,Tales of Racing Stars: Remastered,PC,1995.0,Strategy,Sony Computer Entertainment,0.98,0.52,0.35,0.17,2.02
63,Conquest Heroes III,PSP,2008.0,Puzzle,Epic Games,0.89,0.61,0.35,0.16,2.01
64,Champions Nations,GB,2000.0,Action,Nintendo,0.75,0.61,0.28,0.36,2.0
65,Fairways Legends: Reborn,GBA,2005.0,Sports,Microsoft Game Studios,0.79,0.74,0.12,0.34,1.99
66,Frontier Arena,XB,2003.0,Shooter,Sega,1.07,0.42,0.12,0.38,1.99
67,Racing Stars Valor: Remastered,PS2,2006.0,Fighting,Disney Interactive Studios,1.07,0.21,0.2,0.48,1.96
68,Fairways Arena,PS2,2002.0,Platform,Epic Games,0.57,0.78,0.24,0.34,1.93
69,Empires Conquest,Switch,2017.0,Role-Playing,CD Projekt,0.41,0.46,0.91,0.07,1.85
70,Racing Stars Warriors: Origins,PS,2007.0,Misc,Disney Interactive Studios,0.64,0.6,0.5,0.11,1.85
71,Saga of Fury 3,DS,2005.0,Fighting,Konami Digital Entertainment,1.01,0.46,0.26,0.06,1.79
72,Frontier Duty: Next Gen,PS2,2006.0,Adventure,Disney Interactive Studios,0.65,0.27,0.27,0.6,1.79
73,Frontier Rebellion II,PSV,2015.0,Misc,Disney Interactive Studios,0.62,0.7,0.18,0.25,1.75
74,Saga of Fairways: Reborn,XOne,2019.0,Adventure,Namco Bandai Games,0.51,0.79,0.23,0.22,1.75
75,Rise of Rebellion,PS3,2015.0,Racing,Microsoft Game Studios,0.46,1.09,0.0,0.18,1.73
76,Realm of Dragons 3,DS,2009.0,Adventure,Square Enix,0.7,0.72,0.24,0.07,1.73
77,Age of Storm III,X360,2007.0,Misc,,0.57,0.45,0.34,0.35,1.71
78,Battle for Shadows,PS,2008.0,Racing,Warner Bros. Interactive,0.74,0.9,0.0,0.06,1.7
79,Dragons Heroes,PC,2001.0,Action,Bethesda Softworks,0.77,0.75,0.09,0.07,1.68
80,Quest for Fury III,Wii,2011.0,Adventure,Disney Interactive Studios,1.1,0.22,0.24,0.1,1.66
81,Quest for Empires III,N64,2005.0,Fighting,Take-Two Interactive,0.4,0.7,0.31,0.21,1.62
82,Conquest Shadows: Origins,PS3,2017.0,Platform,Take-Two Interactive,0.42,0.65,0.34,0.21,1.62
83,Glory Shadows II,PS,1997.0,Role-Playing,Atari,0.43,0.6,0.32,0.27,1.62
84,Tales of Shadows II,XB,2006.0,Sports,Activision,0.95,0.29,0.03,0.33,1.6
85,Call of Storm 2,Wii,2015.0,Action,Capcom,0.77,0.48,0.3,0.04,1.59
86,Legend of Shadows,GBA,2001.0,Role-Playing,Bethesda Softworks,0.32,0.41,0.7,0.14,1.57
87,Battle for Racing Stars: Revolution,PS2,2008.0,Role-Playing,Nintendo,0.54,0.18,0.66,0.17,1.55
88,Shadows Honor II,3DS,2011.0,Adventure,CD Projekt,0.6,0.46,0.18,0.31,1.55
89,Call of Rebellion: Revolution,PS2,2005.0,Adventure,Warner Bros. Interactive,0.84,0.24,0.24,0.22,1.54
90,Racing Stars Shadows,DS,2014.0,Puzzle,Nintendo,0.44,0.54,0.17,0.36,1.51
91,Chronicles of Valor: Origins,DS,2014.0,Platform,Atari,0.51,0.5,0.2,0.3,1.51
92,Call of Dragons: Revolution,3DS,2018.0,Misc,THQ,0.71,0.43,0.17,0.19,1.5
93,Titans Duty Gold Edition,WiiU,2016.0,Fighting,Nintendo,0.88,0.42,0.1,0.1,1.5
94,Tales of Depths: Reborn,N64,2002.0,Shooter,Konami Digital Entertainment,0.78,0.52,0.03,0.16,1.49
95,Tales of Gridiron: Next Gen,PS3,2014.0,Racing,Atari,0.81,0.57,0.03,0.08,1.49
96,Shadow of Dragons,PS,2003.0,Adventure,CD Projekt,0.67,0.38,0.32,0.11,1.48
97,Legend of Empires: Next Gen,GBA,2004.0,Fighting,Sega,0.82,0.16,0.31,0.19,1.48
98,Fall of Valor 2,DS,2007.0,Shooter,Sony Computer Entertainment,0.86,0.27,0.03,0.31,1.47
99,Age of Arena Gold Edition,3DS,2011.0,Role-Playing,CD Projekt,0.26,0.35,0.65,0.21,1.47
100,Nations Champions,PS3,2012.0,Platform,Disney Interactive Studios,0.5,0.71,0.13,0.11,1.45
101,Duty Honor Gold Edition,SNES,2005.0,Fighting,Sony Computer Entertainment,0.7,0.44,0.19,0.11,1.44
102,World of Rebellion III,GBA,2007.0,Role-Playing,Take-Two Interactive,0.29,0.47,0.63,0.04,1.43
103,Call of Fury: Remastered,PS3,,Sports,Warner Bros. Interactive,0.84,0.39,0.03,0.16,1.42
104,Age of Conquest 3,XB,2007.0,Misc,THQ,0.76,0.24,0.28,0.13,1.41
105,Rebellion Fairways: Revolution,PSP,2005.0,Racing,2K Games,0.54,0.52,0.08,0.25,1.39
106,Age of Gridiron,Switch,2020.0,Platform,Epic Games,0.6,0.41,0.21,0.17,1.39
107,Skies Frontier,DS,2008.0,Strategy,Konami Digital Entertainment,0.4,0.57,0.24,0.17,1.38
108,Kingdom of Dragons 2,X360,2017.0,Platform,Atari,0.56,0.29,0.27,0.25,1.37
109,Tales of Glory III,X360,2014.0,Misc,Sony Computer Entertainment,0.73,0.29,0.18,0.16,1.36
110,Empire of Fury Gold Edition,DS,2004.0,Simulation,CD Projekt,0.73,0.3,0.09,0.24,1.36
111,Realm of Empires,PS,2006.0,Adventure,Namco Bandai Games,0.53,0.43,0.22,0.17,1.35
112,Age of Nations,GB,1998.0,Sports,CD Projekt,0.55,0.49,0.07,0.23,1.34
113,Legend of Racing Stars Gold Edition,3DS,2015.0,Simulation,Ubisoft,0.63,0.37,0.27,0.07,1.34
114,Depths Odyssey,PS3,2009.0,Action,Nintendo,0.42,0.55,0.13,0.23,1.33
115,Duty Fury Gold Edition,SNES,1996.0,Action,Konami Digital Entertainment,0.67,0.22,0.18,0.26,1.33
116,World of Empires: Reborn,PS3,,Puzzle,Atari,0.48,0.53,0.22,0.09,1.32
117,Honor Rebellion 3,X360,2005.0,Misc,Electronic Arts,0.61,0.3,0.2,0.2,1.31
118,Tales of Frontier III,Switch,2017.0,Adventure,Square Enix,0.6,0.25,0.22,0.24,1.31
119,Chronicles of Empires,PSV,2016.0,Fighting,Sega,0.48,0.34,0.32,0.15,1.29
120,Racing Stars Conquest 2,PS2,2005.0,Shooter,THQ,0.63,0.46,0.05,0.14,1.28
121,Odyssey Duty: Reborn,PS4,2019.0,Role-Playing,Epic Games,0.54,0.15,0.32,0.27,1.28
122,Skies Heroes: Reborn,PS2,2008.0,Role-Playing,CD Projekt,0.42,0.52,0.26,0.07,1.27
123,Saga of Titans: Revolution,Wii,2013.0,Sports,Epic Games,0.47,0.51,0.03,0.26,1.27
124,Empire of Skies: Revolution,DS,2009.0,Adventure,Sony Computer Entertainment,0.66,0.36,0.17,0.07,1.26
125,Kingdom of Empires II,DS,2011.0,Platform,Namco Bandai Games,0.63,0.41,0.06,0.14,1.24
126,Titans Titans: Reborn,PS3,2014.0,Action,Activision,0.54,0.47,0.06,0.17,1.24
127,Conquest Valor Gold Edition,GBA,2006.0,Role-Playing,Bethesda Softworks,0.38,0.17,0.6,0.07,1.22
128,Glory Racing Stars II,PS4,2014.0,Role-Playing,Atari,0.46,0.09,0.41,0.25,1.21
129,Fairways Arena Gold Edition,X360,2007.0,Role-Playing,Disney Interactive Studios,0.41,0.22,0.51,0.06,1.2
130,Shadows Frontier: Next Gen,Switch,2020.0,Shooter,2K Games,0.34,0.68,0.01,0.17,1.2
131,Shadow of Heroes: Origins,PSP,2007.0,Racing,Activision,0.36,0.32,0.08,0.44,1.2
132,Realm of Warriors,GC,2013.0,Platform,Ubisoft,0.38,0.37,0.33,0.11,1.19
133,Realm of Gridiron 2,PC,2002.0,Shooter,Take-Two Interactive,0.67,0.33,0.01,0.18,1.19
134,Quest for Gridiron Gold Edition,XOne,2015.0,Sports,Take-Two Interactive,0.52,0.41,0.05,0.21,1.19
135,Call of Racing Stars II,PS,2005.0,Action,Activision,0.62,0.32,0.22,0.03,1.19
136,Champions Depths,DS,2007.0,Sports,Warner Bros. Interactive,0.58,0.35,0.03,0.22,1.18
137,Empires Destiny 2,PS2,2001.0,Adventure,2K Games,0.31,0.39,0.2,0.27,1.17
138,Realm of Arena,PS2,2001.0,Simulation,Nintendo,0.71,0.29,0.08,0.09,1.17
139,Conquest Shadows,GBA,2006.0,Platform,Sega,0.72,0.26,0.05,0.14,1.17
140,Empire of Empires: Remastered,WiiU,2017.0,Role-Playing,Bethesda Softworks,0.39,0.34,0.31,0.11,1.15
141,Rebellion Odyssey III,SNES,2003.0,Action,Bethesda Softworks,0.45,0.27,0.24,0.19,1.15
142,Fall of Heroes 2,PSV,2011.0,Sports,Electronic Arts,0.56,0.17,0.1,0.32,1.15
143,Gridiron Heroes: Remastered,Switch,2020.0,Role-Playing,Disney Interactive Studios,0.31,0.27,0.43,0.14,1.15
144,Heroes Dragons: Reborn,PS2,2007.0,Action,Square Enix,0.38,0.41,0.25,0.1,1.14
145,Glory Frontier III,DS,2014.0,Simulation,Ubisoft,0.46,0.35,0.22,0.11,1.14
146,Tales of Destiny,DS,2005.0,Shooter,Atari,0.39,0.4,0.01,0.34,1.14
147,Rebellion Gridiron,PS2,2004.0,Action,Disney Interactive Studios,0.59,0.17,0.19,0.19,1.14
148,Shadow of Racing Stars: Revolution,X360,2010.0,Racing,Capcom,0.66,0.2,0.04,0.23,1.13
149,Fall of Fury III,Wii,2011.0,Misc,THQ,0.47,0.38,0.23,0.05,1.13
150,Fury Frontier III,Wii,2009.0,Sports,Konami Digital Entertainment,0.55,0.29,0.03,0.26,1.13
151,Fall of Legends III,GB,1997.0,Action,Atari,0.6,0.3,0.19,0.03,1.12
152,Rise of Empires: Origins,PS4,2015.0,Platform,Atari,0.55,0.21,0.17,0.19,1.12
153,Fall of Storm,GBA,2004.0,Role-Playing,Square Enix,0.21,0.27,0.58,0.05,1.11
154,Empire of Arena Gold Edition,PS3,2016.0,Action,Activision,0.5,0.44,0.07,0.1,1.11
155,Duty Warriors III,PS3,2013.0,Sports,Sega,0.49,0.42,0.07,0.12,1.1
156,Kingdom of Legends: Revolution,XOne,2019.0,Platform,2K Games,0.65,0.26,0.07,0.11,1.09
157,Legends Duty,DS,2004.0,Shooter,Take-Two Interactive,0.51,0.41,0.01,0.16,1.09
158,Quest for Fury 3,PS3,2009.0,Shooter,Capcom,0.56,0.33,0.07,0.13,1.09
159,Shadow of Storm: Next Gen,Switch,2019.0,Fighting,Disney Interactive Studios,0.51,0.31,0.17,0.1,1.09
160,Fall of Fairways: Origins,DS,2011.0,Misc,2K Games,0.36,0.48,0.12,0.13,1.09
161,Realm of Skies III,PS3,2016.0,Action,Bethesda Softworks,0.48,0.31,0.18,0.11,1.08
162,Shadows Gridiron Gold Edition,Switch,2020.0,Sports,Electronic Arts,0.51,0.36,0.03,0.18,1.08
163,Glory Empires III,Wii,2007.0,Adventure,2K Games,0.45,0.39,0.04,0.19,1.07
164,Kingdom of Valor III,Wii,2013.0,Fighting,Capcom,0.42,0.44,0.15,0.06,1.07
165,Empire of Depths: Remastered,X360,2017.0,Racing,Capcom,0.5,0.19,0.25,0.13,1.07
166,Empire of Shadows: Remastered,PS3,2012.0,Role-Playing,Konami Digital Entertainment,0.51,0.09,0.36,0.11,1.07
167,Frontier Heroes: Revolution,Wii,2007.0,Racing,THQ,0.49,0.46,0.01,0.1,1.06
168,World of Gridiron: Origins,PS4,2015.0,Simulation,Sega,0.48,0.35,0.12,0.11,1.06
169,Glory Fairways,Wii,2013.0,Adventure,Take-Two Interactive,0.62,0.34,0.05,0.05,1.06
170,Dragons Racing Stars: Revolution,PS3,2009.0,Shooter,THQ,0.42,0.25,0.07,0.32,1.06
171,Arena Nations,PS3,2013.0,Strategy,Take-Two Interactive,0.77,0.13,0.1,0.06,1.06
172,Destiny Dragons,3DS,2011.0,Action,Sony Computer Entertainment,0.68,0.21,0.16,0.01,1.06
173,Odyssey Empires: Origins,PSP,2004.0,Simulation,Take-Two Interactive,0.57,0.34,0.09,0.04,1.04
174,Champions Destiny: Reborn,XOne,2016.0,Action,Bethesda Softworks,0.29,0.38,0.1,0.27,1.04
175,Age of Titans 2,PS4,2018.0,Puzzle,Nintendo,0.52,0.19,0.16,0.17,1.04
176,Shadows Valor 3,DS,2008.0,Racing,Take-Two Interactive,0.5,0.33,0.05,0.15,1.03
177,Destiny Gridiron,GB,2005.0,Role-Playing,Nintendo,0.47,0.28,0.24,0.03,1.02
178,Shadow of Duty: Reborn,Switch,2018.0,Misc,Take-Two Interactive,0.55,0.27,0.04,0.16,1.02
179,Skies Frontier II,XB,2008.0,Shooter,THQ,0.41,0.46,0.02,0.13,1.02
180,Realm of Gridiron: Next Gen,DS,2007.0,Racing,Epic Games,0.33,0.38,0.05,0.25,1.01
181,Empires Empires,PS4,2014.0,Platform,Disney Interactive Studios,0.33,0.5,0.04,0.14,1.01
182,Skies Titans Gold Edition,PC,1995.0,Sports,2K Games,0.49,0.29,0.03,0.2,1.01
183,Empire of Shadows: Next Gen,PS2,2000.0,Adventure,Disney Interactive Studios,0.31,0.41,0.19,0.1,1.01
184,Call of Arena: Next Gen,PC,1996.0,Racing,Warner Bros. Interactive,0.55,0.32,0.0,0.13,1.0
185,Frontier Depths III,PC,1995.0,Role-Playing,Square Enix,0.19,0.23,0.44,0.14,1.0
186,Honor Legends,GC,2004.0,Fighting,Capcom,0.43,0.35,0.18,0.04,1.0
187,Chronicles of Arena,PS4,2020.0,Action,2K Games,0.45,0.25,0.14,0.15,0.99
188,Destiny Odyssey III,Switch,2020.0,Sports,Take-Two Interactive,0.57,0.24,0.02,0.16,0.99
189,Legends Legends: Next Gen,XB,2006.0,Action,Bethesda Softworks,0.37,0.3,0.18,0.14,0.99
190,Quest for Rebellion II,PS3,2016.0,Shooter,Warner Bros. Interactive,0.78,0.14,0.02,0.05,0.99
191,Fairways Glory Gold Edition,PSP,2013.0,Simulation,Microsoft Game Studios,0.47,0.13,0.27,0.11,0.98
192,Call of Depths: Reborn,3DS,2017.0,Action,Activision,0.4,0.23,0.28,0.07,0.98
193,Odyssey Odyssey,N64,2004.0,Shooter,THQ,0.33,0.54,0.02,0.09,0.98
194,Warriors Empires: Origins,PSP,2014.0,Action,Sony Computer Entertainment,0.34,0.29,0.16,0.19,0.98
195,Age of Dragons: Revolution,X360,2009.0,Shooter,Electronic Arts,0.48,0.24,0.04,0.21,0.97
196,Shadows Duty: Remastered,Wii,2007.0,Fighting,Namco Bandai Games,0.23,0.32,0.35,0.07,0.97
197,Destiny Legends: Reborn,XB,2002.0,Puzzle,Bethesda Softworks,0.41,0.39,0.06,0.11,0.97
198,Titans Depths: Remastered,3DS,2015.0,Sports,Ubisoft,0.56,0.28,0.11,0.02,0.97
199,Quest for Warriors: Origins,WiiU,2018.0,Shooter,Disney Interactive Studios,0.57,0.17,0.04,0.18,0.96
200,Empires Shadows: Next Gen,PSV,2019.0,Fighting,Sega,0.5,0.14,0.11,0.21,0.96
201,Chronicles of Racing Stars III,Wii,2008.0,Shooter,Take-Two Interactive,0.56,0.27,0.02,0.11,0.96
202,Battle for Heroes,PS2,2008.0,Sports,Ubisoft,0.37,0.21,0.21,0.16,0.95
203,Battle for Conquest: Remastered,GBA,2006.0,Action,Capcom,0.31,0.38,0.12,0.14,0.95
204,Rise of Depths,PS,2006.0,Shooter,Disney Interactive Studios,0.38,0.34,0.04,0.18,0.94
205,Destiny Conquest,PS2,2004.0,Adventure,Square Enix,0.33,0.34,0.16,0.11,0.94
206,Gridiron Depths,3DS,2016.0,Adventure,Disney Interactive Studios,0.32,0.39,0.11,0.12,0.94
207,Battle for Arena: Remastered,GC,2012.0,Simulation,Activision,0.45,0.19,0.11,0.19,0.94
208,Destiny Nations 3,PS2,2004.0,Simulation,Ubisoft,0.5,0.26,0.12,0.06,0.94
209,Destiny Odyssey: Origins,GC,2008.0,Misc,Ubisoft,0.33,0.27,0.22,0.12,0.94
210,Shadow of Glory Gold Edition,PS4,2015.0,Action,2K Games,0.42,0.25,0.1,0.17,0.94
211,Saga of Frontier: Revolution,PS4,2019.0,Role-Playing,Square Enix,0.22,0.24,0.41,0.06,0.93
212,Rise of Rebellion,DS,2009.0,Fighting,CD Projekt,0.3,0.36,0.09,0.18,0.93
213,Quest for Nations: Origins,PS,2000.0,Adventure,Take-Two Interactive,0.35,0.24,0.13,0.2,0.92
214,Rise of Legends: Revolution,Switch,2017.0,Platform,Sega,0.23,0.16,0.17,0.36,0.92
215,Shadow of Conquest,GC,2010.0,Racing,Ubisoft,0.4,0.38,0.05,0.09,0.92
216,Conquest Warriors: Origins,PS2,2007.0,Fighting,THQ,0.44,0.3,0.03,0.14,0.91
217,Realm of Depths: Origins,XOne,2017.0,Sports,Disney Interactive Studios,0.22,0.3,0.05,0.34,0.91
218,Nations Warriors Gold Edition,GBA,2005.0,Adventure,CD Projekt,0.58,0.07,0.01,0.25,0.91
219,Realm of Fairways 2,PSV,2013.0,Action,Namco Bandai Games,0.22,0.37,0.16,0.15,0.9
220,Chronicles of Heroes,PC,1997.0,Racing,Disney Interactive Studios,0.44,0.32,0.08,0.06,0.9
221,Saga of Rebellion,PC,1998.0,Fighting,Konami Digital Entertainment,0.28,0.46,0.05,0.11,0.9
222,World of Dragons,GBA,2007.0,Platform,Take-Two Interactive,0.34,0.29,0.19,0.08,0.9
223,Nations Duty: Origins,N64,2007.0,Strategy,2K Games,0.4,0.33,0.11,0.06,0.9
224,Warriors Duty: Revolution,WiiU,2016.0,Sports,2K Games,0.56,0.11,0.0,0.22,0.89
225,Chronicles of Honor: Next Gen,PC,1995.0,Sports,Capcom,0.5,0.24,0.03,0.12,0.89
226,Legends Titans 3,GC,2012.0,Strategy,2K Games,0.18,0.37,0.15,0.19,0.89
227,Valor Conquest,3DS,2011.0,Fighting,Nintendo,0.55,0.21,0.04,0.09,0.89
228,Battle for Glory 2,PS3,2015.0,Fighting,Sega,0.44,0.26,0.12,0.07,0.89
229,Conquest Racing Stars: Remastered,PSP,2005.0,Fighting,Activision,0.42,0.35,0.09,0.03,0.89
230,Duty Shadows 2,Switch,2017.0,Action,Take-Two Interactive,0.59,0.09,0.15,0.05,0.88
231,Rebellion Conquest,PS2,2006.0,Simulation,Ubisoft,0.46,0.16,0.12,0.14,0.88
232,Skies Frontier Gold Edition,DS,2005.0,Fighting,Activision,0.46,0.24,0.07,0.11,0.88
233,Chronicles of Warriors,Wii,2014.0,Action,Bethesda Softworks,0.43,0.23,0.09,0.13,0.88
234,Storm Nations 3,PS2,2002.0,Strategy,Capcom,0.39,0.13,0.19,0.16,0.87
235,Age of Honor: Remastered,GBA,2002.0,Shooter,Nintendo,0.52,0.19,0.02,0.14,0.87
236,Kingdom of Honor,DS,2008.0,Racing,Microsoft Game Studios,0.35,0.46,0.01,0.05,0.87
237,Empires Warriors: Revolution,XB,2009.0,Shooter,Atari,0.4,0.19,0.01,0.26,0.86
238,Kingdom of Warriors: Origins,X360,2012.0,Shooter,THQ,0.55,0.27,0.0,0.04,0.86
239,Duty Legends,PSP,2006.0,Action,Electronic Arts,0.48,0.19,0.14,0.05,0.86
240,Battle for Arena,DS,2013.0,Simulation,Sony Computer Entertainment,0.34,0.32,0.11,0.09,0.86
241,Dragons Racing Stars,PS4,2015.0,Shooter,Capcom,0.54,0.23,0.02,0.07,0.86
242,Fury Titans Gold Edition,PS4,2019.0,Puzzle,Electronic Arts,0.27,0.52,0.03,0.03,0.85
243,Fairways Valor 2,DS,2009.0,Fighting,Warner Bros. Interactive,0.34,0.27,0.09,0.15,0.85
244,Battle for Gridiron: Reborn,PS2,2005.0,Sports,THQ,0.43,0.29,0.02,0.1,0.84
245,Kingdom of Odyssey Gold Edition,WiiU,,Adventure,Bethesda Softworks,0.38,0.3,0.13,0.03,0.84
246,Honor Titans II,PS3,2010.0,Platform,Atari,0.37,0.14,0.32,0.01,0.84
247,Kingdom of Titans,SNES,2003.0,Shooter,Disney Interactive Studios,0.46,0.33,0.0,0.05,0.84
248,Depths Destiny: Next Gen,PS2,2005.0,Simulation,Sega,0.48,0.21,0.06,0.09,0.84
249,Tales of Fury,Switch,2017.0,Sports,Take-Two Interactive,0.31,0.27,0.12,0.13,0.83
250,Shadow of Odyssey,SNES,,Misc,Atari,0.47,0.1,0.16,0.1,0.83
251,Fairways Empires: Next Gen,PS2,2007.0,Adventure,Disney Interactive Studios,0.3,0.24,0.13,0.16,0.83
252,Odyssey Storm,GBA,2007.0,Platform,Microsoft Game Studios,0.31,0.33,0.11,0.08,0.83
253,Nations Empires 2,PS,1998.0,Simulation,Warner Bros. Interactive,0.19,0.42,0.05,0.16,0.82
254,Depths Racing Stars II,DS,2010.0,Adventure,Bethesda Softworks,0.3,0.3,0.14,0.08,0.82
255,Call of Odyssey III,PSV,2019.0,Fighting,Disney Interactive Studios,0.25,0.27,0.18,0.12,0.82
256,Honor Warriors,DS,2009.0,Shooter,Sony Computer Entertainment,0.44,0.33,0.03,0.02,0.82
257,Fury Heroes 2,XOne,2016.0,Role-Playing,THQ,0.11,0.26,0.25,0.19,0.81
258,Titans Odyssey: Next Gen,WiiU,2018.0,Racing,Warner Bros. Interactive,0.45,0.19,0.01,0.16,0.81
259,Age of Titans: Remastered,PC,2000.0,Action,Sony Computer Entertainment,0.39,0.15,0.13,0.14,0.81
260,Champions Fairways: Origins,WiiU,2015.0,Simulation,Namco Bandai Games,0.23,0.37,0.06,0.15,0.81
261,Saga of Honor,PS2,2001.0,Sports,Atari,0.43,0.21,0.02,0.15,0.81
262,Chronicles of Fury: Next Gen,SNES,1998.0,Sports,Nintendo,0.34,0.33,0.02,0.11,0.8
263,Empire of Legends: Revolution,X360,2009.0,Simulation,Epic Games,0.38,0.21,0.06,0.15,0.8
264,Quest for Heroes 2,Wii,2009.0,Shooter,2K Games,0.43,0.27,0.01,0.09,0.8
265,Skies Racing Stars: Next Gen,DS,2012.0,Fighting,Konami Digital Entertainment,0.48,0.25,0.03,0.04,0.8
266,Glory Gridiron: Revolution,3DS,2014.0,Action,Microsoft Game Studios,0.33,0.3,0.12,0.05,0.8
267,Fall of Frontier,XOne,2020.0,Sports,Nintendo,0.35,0.27,0.05,0.12,0.79
268,Shadows Frontier III,3DS,2020.0,Action,Sony Computer Entertainment,0.32,0.29,0.13,0.05,0.79
269,Champions Odyssey: Origins,PS2,2003.0,Fighting,Atari,0.33,0.33,0.05,0.08,0.79
270,Realm of Champions,GB,1997.0,Sports,Capcom,0.23,0.34,0.08,0.14,0.79
271,World of Duty 2,PSV,2018.0,Role-Playing,Square Enix,0.31,0.17,0.23,0.08,0.79
272,Chronicles of Racing Stars 3,PS2,2004.0,Strategy,Namco Bandai Games,0.21,0.34,0.13,0.11,0.79
273,Nations Honor II,Wii,2015.0,Action,THQ,0.18,0.32,0.07,0.22,0.79
274,Honor Duty,X360,2016.0,Action,Konami Digital Entertainment,0.24,0.3,0.14,0.11,0.79
275,Glory Glory: Remastered,PS4,2015.0,Racing,2K Games,0.4,0.23,0.1,0.05,0.78
276,Battle for Champions,Wii,2013.0,Simulation,Epic Games,0.26,0.18,0.28,0.06,0.78
277,Warriors Fury: Origins,PS4,2019.0,Simulation,Konami Digital Entertainment,0.46,0.18,0.02,0.12,0.78
278,Conquest Frontier,Wii,2012.0,Role-Playing,Warner Bros. Interactive,0.4,0.19,0.17,0.02,0.78
279,Arena Duty: Next Gen,PSP,2006.0,Role-Playing,CD Projekt,0.19,0.07,0.4,0.12,0.78
280,Chronicles of Titans,SNES,1995.0,Action,Epic Games,0.41,0.19,0.1,0.08,0.78
281,Shadows Legends 3,PS,2004.0,Role-Playing,Namco Bandai Games,0.26,0.09,0.36,0.07,0.78
282,Battle for Conquest: Origins,PSV,2020.0,Shooter,Electronic Arts,0.37,0.3,0.05,0.06,0.78
283,Dragons Valor Gold Edition,Wii,2011.0,Fighting,Konami Digital Entertainment,0.34,0.27,0.06,0.11,0.78
284,Quest for Storm 2,DS,2008.0,Action,Sega,0.29,0.22,0.13,0.14,0.78
285,Depths Arena Gold Edition,PS4,2020.0,Shooter,Sega,0.37,0.26,0.02,0.12,0.77
286,Depths Warriors II,PC,2000.0,Adventure,Bethesda Softworks,0.32,0.25,0.08,0.12,0.77
287,World of Dragons III,3DS,2018.0,Fighting,Konami Digital Entertainment,0.21,0.4,0.13,0.03,0.77
288,Racing Stars Depths Gold Edition,X360,2014.0,Action,2K Games,0.34,0.26,0.13,0.04,0.77
289,Fairways Racing Stars,DS,2010.0,Adventure,CD Projekt,0.35,0.17,0.2,0.04,0.76
290,Tales of Legends Gold Edition,Wii,2014.0,Role-Playing,Square Enix,0.18,0.18,0.32,0.08,0.76
291,Titans Storm: Revolution,Wii,2010.0,Sports,Atari,0.41,0.25,0.01,0.09,0.76
292,Shadow of Racing Stars: Remastered,PC,2000.0,Fighting,Capcom,0.16,0.39,0.06,0.15,0.76
293,Call of Dragons: Reborn,PC,1995.0,Adventure,2K Games,0.38,0.22,0.08,0.08,0.76
294,Arena Fury 3,Wii,2009.0,Shooter,Activision,0.45,0.09,0.02,0.2,0.76
295,Duty Skies 2,PS2,2008.0,Adventure,CD Projekt,0.49,0.14,0.05,0.07,0.75
296,Nations Warriors III,PC,2002.0,Misc,Namco Bandai Games,0.33,0.21,0.04,0.17,0.75
297,Shadows Storm,WiiU,2015.0,Action,Warner Bros. Interactive,0.46,0.16,0.03,0.09,0.74
298,Call of Storm,PS2,2008.0,Shooter,Konami Digital Entertainment,0.38,0.23,0.02,0.11,0.74
299,Realm of Gridiron: Remastered,WiiU,2020.0,Shooter,2K Games,0.4,0.19,0.06,0.09,0.74
300,World of Heroes II,GB,2004.0,Platform,Disney Interactive Studios,0.28,0.21,0.12,0.13,0.74
301,Empires Rebellion: Revolution,X360,2005.0,Sports,Namco Bandai Games,0.3,0.32,0.06,0.06,0.74
302,Call of Gridiron,3DS,2017.0,Strategy,Nintendo,0.33,0.21,0.1,0.1,0.74
303,Valor Rebellion,PS,2005.0,Action,Electronic Arts,0.35,0.11,0.18,0.1,0.74
304,Heroes Honor,PSV,2011.0,Shooter,Epic Games,0.32,0.24,0.06,0.12,0.74
305,Shadow of Frontier: Reborn,Wii,2006.0,Action,Konami Digital Entertainment,0.43,0.18,0.04,0.08,0.73
306,Realm of Frontier: Origins,PS2,2002.0,Platform,Microsoft Game Studios,0.31,0.19,0.1,0.13,0.73
307,Rise of Fury: Next Gen,Wii,2016.0,Action,Konami Digital Entertainment,0.28,0.25,0.13,0.07,0.73
308,Legend of Odyssey: Next Gen,SNES,2005.0,Strategy,Warner Bros. Interactive,0.21,0.12,0.14,0.26,0.73
309,Fall of Depths 2,PSV,2017.0,Fighting,Activision,0.37,0.2,0.05,0.11,0.73
310,Quest for Storm,GB,2001.0,Fighting,Sony Computer Entertainment,0.18,0.14,0.29,0.12,0.73
311,Battle for Arena,PSV,2014.0,Action,Bethesda Softworks,0.32,0.16,0.09,0.16,0.73
312,Battle for Valor III,PS4,2013.0,Adventure,Bethesda Softworks,0.35,0.18,0.12,0.08,0.73
313,Saga of Rebellion: Origins,WiiU,2015.0,Shooter,THQ,0.37,0.28,0.02,0.06,0.73
314,Fall of Conquest: Next Gen,PS4,,Action,Activision,0.38,0.24,0.06,0.04,0.72
315,Empires Odyssey,DS,2010.0,Action,Take-Two Interactive,0.12,0.28,0.15,0.17,0.72
316,Odyssey Honor 3,DS,2005.0,Simulation,Microsoft Game Studios,0.24,0.25,0.04,0.19,0.72
317,Empires Racing Stars II,PC,2001.0,Platform,Microsoft Game Studios,0.28,0.22,0.05,0.16,0.71
318,Dragons Warriors II,PSV,2014.0,Adventure,Take-Two Interactive,0.19,0.34,0.1,0.08,0.71
319,Saga of Shadows II,XB,2002.0,Adventure,CD Projekt,0.36,0.22,0.09,0.04,0.71
320,Conquest Nations Gold Edition,GB,2004.0,Role-Playing,Ubisoft,0.32,0.15,0.22,0.01,0.7
321,Valor Warriors: Revolution,PSV,2018.0,Role-Playing,Warner Bros. Interactive,0.34,0.2,0.13,0.03,0.7
322,Storm Heroes 2,Wii,2016.0,Role-Playing,Microsoft Game Studios,0.25,0.12,0.3,0.03,0.7
323,Fall of Honor 3,PSV,2018.0,Role-Playing,Electronic Arts,0.21,0.25,0.19,0.04,0.69
324,Destiny Valor Gold Edition,XOne,2015.0,Misc,Epic Games,0.31,0.24,0.09,0.05,0.69
325,Champions Empires II,XB,2005.0,Action,Konami Digital Entertainment,0.31,0.16,0.19,0.03,0.69
326,Frontier Champions,GB,1999.0,Role-Playing,Square Enix,0.34,0.09,0.23,0.03,0.69
327,Call of Honor: Next Gen,GB,1996.0,Platform,2K Games,0.24,0.33,0.06,0.06,0.69
328,Kingdom of Heroes,Wii,2013.0,Racing,Ubisoft,0.29,0.21,0.0,0.19,0.69
329,Chronicles of Frontier,PS3,2011.0,Racing,,0.36,0.19,0.02,0.12,0.69
330,Storm Nations,XB,2005.0,Racing,Warner Bros. Interactive,0.42,0.15,0.01,0.11,0.69
331,Fall of Warriors III,PC,2003.0,Sports,Electronic Arts,0.37,0.23,0.04,0.05,0.69
332,Age of Duty Gold Edition,PC,1998.0,Fighting,Activision,0.36,0.2,0.04,0.09,0.69
333,Fall of Titans 3,PC,1997.0,Sports,Epic Games,0.17,0.28,0.01,0.23,0.69
334,Shadow of Dragons,PSP,2009.0,Simulation,Warner Bros. Interactive,0.32,0.13,0.22,0.01,0.68
335,Depths Dragons Gold Edition,GB,2002.0,Strategy,Bethesda Softworks,0.25,0.19,0.15,0.09,0.68
336,Rise of Titans,DS,2004.0,Misc,Sony Computer Entertainment,0.32,0.11,0.1,0.15,0.68
337,Tales of Depths 2,X360,2013.0,Sports,Konami Digital Entertainment,0.23,0.28,0.07,0.1,0.68
338,Kingdom of Shadows II,SNES,2002.0,Action,Nintendo,0.34,0.29,0.03,0.02,0.68
339,Fury Glory,Wii,2015.0,Strategy,Capcom,0.28,0.28,0.08,0.04,0.68
340,Legend of Duty III,PC,2002.0,Adventure,THQ,0.3,0.17,0.09,0.12,0.68
341,Legend of Frontier Gold Edition,PC,2000.0,Shooter,Sega,0.34,0.26,0.01,0.07,0.68
342,Fall of Racing Stars,PS3,2013.0,Platform,2K Games,0.2,0.3,0.06,0.11,0.67
343,Frontier Empires,GB,2003.0,Racing,Atari,0.33,0.27,0.03,0.04,0.67
344,Shadow of Titans,Switch,2017.0,Shooter,Take-Two Interactive,0.32,0.23,0.03,0.09,0.67
345,Heroes Valor,X360,2008.0,Role-Playing,Square Enix,0.06,0.26,0.22,0.13,0.67
346,Racing Stars Honor,Switch,2019.0,Simulation,Microsoft Game Studios,0.33,0.18,0.09,0.07,0.67
347,Age of Shadows,PS4,2016.0,Action,Capcom,0.3,0.19,0.14,0.04,0.67
348,Fall of Glory II,DS,2011.0,Fighting,THQ,0.29,0.13,0.05,0.2,0.67
349,Legends Warriors: Origins,PS2,2003.0,Adventure,Square Enix,0.27,0.2,0.07,0.12,0.66
350,Kingdom of Empires: Origins,X360,2014.0,Simulation,Capcom,0.35,0.13,0.09,0.09,0.66
351,Fall of Storm,PC,,Puzzle,Namco Bandai Games,0.24,0.16,0.15,0.11,0.66
352,Heroes Heroes: Reborn,Wii,2015.0,Misc,2K Games,0.25,0.25,0.08,0.08,0.66
353,Age of Conquest: Origins,GBA,2003.0,Role-Playing,2K Games,0.24,0.11,0.23,0.08,0.66
354,Destiny Storm III,WiiU,2015.0,Simulation,Namco Bandai Games,0.25,0.26,0.12,0.03,0.66
355,Warriors Conquest II,SNES,1995.0,Sports,Disney Interactive Studios,0.35,0.24,0.01,0.06,0.66
356,Age of Dragons: Remastered,3DS,2012.0,Misc,2K Games,0.21,0.21,0.02,0.21,0.65
357,Frontier Nations,PS2,2003.0,Strategy,Konami Digital Entertainment,0.41,0.09,0.04,0.11,0.65
358,Chronicles of Honor 2,PSP,2008.0,Action,Bethesda Softworks,0.37,0.11,0.06,0.11,0.65
359,Tales of Dragons 2,PS2,2004.0,Action,Microsoft Game Studios,0.33,0.17,0.07,0.08,0.65
360,Quest for Dragons Gold Edition,PS3,2008.0,Simulation,Electronic Arts,0.37,0.11,0.11,0.06,0.65
361,Champions Racing Stars: Origins,Wii,2013.0,Sports,Konami Digital Entertainment,0.39,0.22,0.01,0.03,0.65
362,Fall of Glory,XOne,2020.0,Role-Playing,CD Projekt,0.32,0.07,0.22,0.04,0.65
363,Saga of Rebellion,PS2,2005.0,Sports,Konami Digital Entertainment,0.29,0.26,0.04,0.06,0.65
364,Battle for Nations III,GC,,Fighting,Microsoft Game Studios,0.33,0.15,0.07,0.09,0.64
365,Saga of Valor,N64,2001.0,Shooter,Take-Two Interactive,0.37,0.12,0.0,0.15,0.64
366,Shadow of Arena: Reborn,Switch,2017.0,Misc,Take-Two Interactive,0.3,0.19,0.06,0.09,0.64
367,Arena Rebellion III,N64,2008.0,Fighting,Epic Games,0.24,0.22,0.12,0.06,0.64
368,Shadow of Champions 3,X360,2015.0,Action,Activision,0.25,0.18,0.08,0.12,0.63
369,Age of Honor,PS4,2017.0,Adventure,Ubisoft,0.29,0.15,0.02,0.17,0.63
370,Dragons Glory 2,PC,1998.0,Strategy,2K Games,0.31,0.08,0.08,0.16,0.63
371,Age of Odyssey,Wii,2010.0,Adventure,,0.29,0.11,0.13,0.1,0.63
372,Shadows Glory,PSV,2014.0,Puzzle,Microsoft Game Studios,0.2,0.34,0.06,0.03,0.63
373,World of Shadows: Remastered,PS3,2017.0,Racing,Warner Bros. Interactive,0.28,0.15,0.15,0.04,0.62
374,Nations Titans,PS3,2011.0,Strategy,Sony Computer Entertainment,0.17,0.31,0.07,0.07,0.62
375,Kingdom of Honor,GBA,2004.0,Simulation,THQ,0.32,0.12,0.1,0.08,0.62
376,Legend of Conquest 2,PS2,2006.0,Action,Microsoft Game Studios,0.31,0.21,0.06,0.04,0.62
377,Shadow of Frontier: Next Gen,X360,2016.0,Adventure,Bethesda Softworks,0.24,0.2,0.07,0.11,0.62
378,Empires Champions: Reborn,GBA,2009.0,Racing,Namco Bandai Games,0.36,0.19,0.01,0.06,0.62
379,Racing Stars Depths: Remastered,PSP,2008.0,Action,Bethesda Softworks,0.21,0.14,0.1,0.17,0.62
380,World of Valor: Revolution,N64,1996.0,Platform,Disney Interactive Studios,0.35,0.1,0.08,0.09,0.62
381,Depths Warriors,SNES,1996.0,Platform,Take-Two Interactive,0.24,0.15,0.13,0.1,0.62
382,Tales of Destiny,SNES,1999.0,Role-Playing,CD Projekt,0.16,0.25,0.19,0.02,0.62
383,Dragons Honor II,PS3,2008.0,Shooter,Disney Interactive Studios,0.31,0.18,0.02,0.11,0.62
384,Fairways Titans 3,PC,1999.0,Puzzle,Microsoft Game Studios,0.34,0.11,0.05,0.12,0.62
385,Fairways Frontier II,N64,2000.0,Sports,Sega,0.42,0.09,0.0,0.11,0.62
386,Shadow of Empires,PC,1999.0,Role-Playing,Warner Bros. Interactive,0.16,0.19,0.16,0.11,0.62
387,Rise of Shadows,GBA,2004.0,Strategy,Warner Bros. Interactive,0.29,0.18,0.07,0.07,0.61
388,Odyssey Duty III,N64,2003.0,Simulation,Capcom,0.19,0.26,0.06,0.1,0.61
389,Quest for Shadows: Remastered,DS,2007.0,Puzzle,Capcom,0.23,0.25,0.05,0.08,0.61
390,Tales of Glory II,GC,2006.0,Simulation,Take-Two Interactive,0.35,0.08,0.04,0.14,0.61
391,Realm of Glory: Remastered,Wii,2009.0,Fighting,2K Games,0.26,0.24,0.06,0.05,0.61
392,Kingdom of Dragons II,Switch,2020.0,Platform,2K Games,0.21,0.24,0.08,0.08,0.61
393,Fall of Champions Gold Edition,WiiU,2012.0,Adventure,Atari,0.15,0.19,0.23,0.04,0.61
394,Fall of Shadows: Remastered,PSV,2016.0,Sports,Ubisoft,0.31,0.2,0.02,0.08,0.61
395,Duty Legends 3,Wii,2006.0,Adventure,Square Enix,0.26,0.15,0.07,0.13,0.61
396,Fall of Rebellion,PSP,2010.0,Action,Activision,0.16,0.27,0.13,0.04,0.6
397,Conquest Champions 2,N64,2004.0,Action,Bethesda Softworks,0.22,0.31,0.06,0.01,0.6
398,Quest for Titans: Remastered,GB,2001.0,Platform,Ubisoft,0.26,0.16,0.09,0.09,0.6
399,Age of Valor,WiiU,2020.0,Simulation,Nintendo,0.24,0.27,0.04,0.05,0.6
400,Depths Gridiron,PSV,2016.0,Role-Playing,Nintendo,0.19,0.09,0.18,0.14,0.6
401,Arena Legends,Switch,2020.0,Action,Sony Computer Entertainment,0.21,0.23,0.1,0.06,0.6
402,Battle for Champions,PS,2004.0,Strategy,Sony Computer Entertainment,0.27,0.14,0.06,0.13,0.6
403,Tales of Champions Gold Edition,PS,1998.0,Shooter,Activision,0.28,0.23,0.02,0.07,0.6
404,Shadows Dragons,PC,1998.0,Sports,Warner Bros. Interactive,0.16,0.34,0.0,0.1,0.6
405,Honor Skies: Revolution,X360,2012.0,Role-Playing,Microsoft Game Studios,0.09,0.22,0.24,0.05,0.6
406,Call of Duty 3,PS2,2008.0,Shooter,Take-Two Interactive,0.29,0.16,0.11,0.03,0.59
407,Fall of Glory,PS2,2001.0,Racing,Electronic Arts,0.29,0.13,0.04,0.13,0.59
408,Fall of Fairways 2,GC,2007.0,Misc,Disney Interactive Studios,0.2,0.21,0.04,0.14,0.59
409,Shadows Dragons 3,Wii,2011.0,Shooter,Sega,0.25,0.23,0.04,0.07,0.59
410,Fall of Dragons,N64,,Action,Konami Digital Entertainment,0.29,0.17,0.11,0.02,0.59
411,Skies Empires: Reborn,N64,2005.0,Strategy,THQ,0.31,0.21,0.03,0.04,0.59
412,Saga of Depths: Revolution,WiiU,2013.0,Role-Playing,Nintendo,0.16,0.09,0.24,0.1,0.59
413,Warriors Heroes 2,GBA,2004.0,Role-Playing,Namco Bandai Games,0.1,0.18,0.23,0.08,0.59
414,Rebellion Racing Stars III,PS2,2002.0,Platform,Disney Interactive Studios,0.35,0.11,0.06,0.07,0.59
415,Tales of Odyssey: Origins,PS3,2014.0,Simulation,2K Games,0.32,0.15,0.05,0.07,0.59
416,Call of Nations: Next Gen,N64,2002.0,Fighting,Square Enix,0.19,0.16,0.11,0.13,0.59
417,Age of Valor: Revolution,PS,1999.0,Platform,THQ,0.18,0.12,0.22,0.06,0.58
418,Age of Depths Gold Edition,SNES,2000.0,Shooter,Microsoft Game Studios,0.24,0.19,0.05,0.1,0.58
419,Depths Storm III,Wii,2011.0,Action,Konami Digital Entertainment,0.14,0.19,0.14,0.11,0.58
420,Rise of Glory 3,DS,2005.0,Role-Playing,Atari,0.21,0.13,0.19,0.05,0.58
421,Tales of Heroes: Reborn,PS2,2006.0,Action,2K Games,0.22,0.2,0.12,0.04,0.58
422,Storm Warriors,3DS,2019.0,Fighting,Capcom,0.28,0.23,0.05,0.02,0.58
423,Age of Fairways: Origins,WiiU,2018.0,Racing,Warner Bros. Interactive,0.28,0.23,0.02,0.05,0.58
424,World of Dragons,3DS,2020.0,Sports,Ubisoft,0.29,0.21,0.01,0.07,0.58
425,World of Storm III,Switch,2017.0,Misc,Namco Bandai Games,0.34,0.19,0.02,0.03,0.58
426,Fall of Depths: Origins,PSP,2010.0,Shooter,Nintendo,0.3,0.15,0.01,0.12,0.58
427,Saga of Fury,PS3,2006.0,Action,Ubisoft,0.25,0.26,0.02,0.04,0.57
428,Quest for Empires: Origins,XOne,2013.0,Action,Atari,0.32,0.16,0.08,0.01,0.57
429,Quest for Fairways: Reborn,PSP,2011.0,Racing,Ubisoft,0.4,0.12,0.02,0.03,0.57
430,Fury Legends II,PS2,2007.0,Action,Bethesda Softworks,0.22,0.16,0.15,0.04,0.57
431,Call of Conquest: Next Gen,PSP,2012.0,Puzzle,Sega,0.34,0.17,0.05,0.01,0.57
432,Valor Heroes 3,PS2,2003.0,Role-Playing,Microsoft Game Studios,0.17,0.03,0.15,0.22,0.57
433,Realm of Duty 3,PSP,2008.0,Simulation,Square Enix,0.25,0.16,0.1,0.05,0.56
434,Dragons Odyssey 2,X360,2006.0,Puzzle,Microsoft Game Studios,0.27,0.15,0.04,0.1,0.56
435,Fury Shadows III,GB,1999.0,Sports,Epic Games,0.35,0.16,0.03,0.02,0.56
436,Titans Heroes: Revolution,Switch,2020.0,Action,Bethesda Softworks,0.19,0.07,0.15,0.15,0.56
437,Fury Fury: Next Gen,X360,2010.0,Sports,Ubisoft,0.32,0.22,0.0,0.02,0.56
438,Kingdom of Depths 3,PS3,2017.0,Misc,Warner Bros. Interactive,0.22,0.2,0.01,0.13,0.56
439,Battle for Glory 3,PC,2003.0,Sports,Atari,0.34,0.16,0.03,0.03,0.56
440,Valor Storm,3DS,2017.0,Adventure,Square Enix,0.19,0.23,0.08,0.06,0.56
441,Kingdom of Destiny: Revolution,XB,2006.0,Action,Epic Games,0.28,0.12,0.13,0.02,0.55
442,World of Empires,PC,1998.0,Strategy,Atari,0.25,0.14,0.11,0.05,0.55
443,Call of Odyssey: Remastered,X360,2008.0,Sports,Epic Games,0.41,0.11,0.01,0.02,0.55
444,Realm of Honor,GB,1999.0,Action,Capcom,0.23,0.1,0.05,0.17,0.55
445,Chronicles of Destiny: Origins,PS,,Shooter,Epic Games,0.33,0.14,0.03,0.05,0.55
446,Fury Honor 3,PS3,2007.0,Sports,Sega,0.32,0.1,0.0,0.13,0.55
447,Valor Frontier: Remastered,PSV,2020.0,Action,Bethesda Softworks,0.25,0.15,0.05,0.1,0.55
448,Saga of Odyssey: Remastered,N64,2005.0,Simulation,Nintendo,0.31,0.14,0.08,0.02,0.55
449,Duty Champions: Origins,PS2,2001.0,Action,Nintendo,0.34,0.08,0.04,0.09,0.55
450,Nations Heroes: Origins,PS4,2015.0,Sports,Electronic Arts,0.27,0.12,0.0,0.16,0.55
451,Rise of Conquest III,PSV,2019.0,Action,Ubisoft,0.19,0.28,0.03,0.05,0.55
452,Empire of Arena 3,Switch,2017.0,Action,Square Enix,0.26,0.19,0.07,0.03,0.55
453,Kingdom of Conquest: Revolution,GC,2010.0,Adventure,Atari,0.19,0.25,0.05,0.06,0.55
454,Legend of Legends,XOne,2018.0,Sports,Microsoft Game Studios,0.3,0.18,0.01,0.05,0.54
455,Odyssey Destiny II,PC,2002.0,Platform,CD Projekt,0.29,0.17,0.03,0.05,0.54
456,Rise of Heroes,PC,1998.0,Racing,Electronic Arts,0.18,0.18,0.04,0.14,0.54
457,Fall of Storm Gold Edition,GB,2000.0,Action,Atari,0.23,0.14,0.09,0.08,0.54
458,Titans Heroes Gold Edition,X360,2005.0,Racing,Take-Two Interactive,0.24,0.11,0.13,0.06,0.54
459,Shadow of Conquest 2,Switch,2020.0,Fighting,Capcom,0.27,0.12,0.05,0.1,0.54
460,Saga of Valor III,WiiU,2015.0,Role-Playing,Atari,0.09,0.29,0.13,0.03,0.54
461,Legend of Fairways 2,SNES,2001.0,Role-Playing,Warner Bros. Interactive,0.21,0.07,0.24,0.02,0.54
462,Frontier Storm: Next Gen,X360,2014.0,Sports,Electronic Arts,0.28,0.14,0.08,0.04,0.54
463,Realm of Skies: Revolution,GC,2013.0,Racing,Take-Two Interactive,0.18,0.25,0.04,0.07,0.54
464,Dragons Conquest 3,3DS,2018.0,Puzzle,Electronic Arts,0.2,0.15,0.12,0.07,0.54
465,Racing Stars Dragons: Origins,X360,2013.0,Shooter,Activision,0.25,0.2,0.05,0.04,0.54
466,Kingdom of Skies,PSV,2013.0,Simulation,THQ,0.21,0.24,0.05,0.04,0.54
467,Fall of Shadows: Origins,DS,2014.0,Platform,Capcom,0.16,0.14,0.13,0.11,0.54
468,Champions Fairways 3,PS4,2019.0,Simulation,Ubisoft,0.24,0.2,0.04,0.06,0.54
469,Skies Fury: Reborn,PS3,2017.0,Puzzle,THQ,0.27,0.14,0.03,0.1,0.54
470,Depths Rebellion III,X360,2013.0,Action,Activision,0.21,0.18,0.09,0.06,0.54
471,Storm Legends 3,XOne,2018.0,Misc,Capcom,0.17,0.17,0.11,0.08,0.53
472,Destiny Storm 3,GC,2013.0,Fighting,Microsoft Game Studios,0.29,0.11,0.04,0.09,0.53
473,Realm of Skies 2,Switch,2020.0,Shooter,Warner Bros. Interactive,0.23,0.16,0.05,0.09,0.53
474,Empire of Heroes: Reborn,XB,2002.0,Strategy,Capcom,0.23,0.09,0.14,0.07,0.53
475,Honor Fairways II,GB,1999.0,Puzzle,Sega,0.27,0.12,0.05,0.09,0.53
476,Shadows Skies III,3DS,2013.0,Racing,Konami Digital Entertainment,0.34,0.12,0.01,0.06,0.53
477,Rise of Skies II,PS,1996.0,Sports,Konami Digital Entertainment,0.21,0.26,0.01,0.05,0.53
478,World of Nations 3,XOne,2013.0,Action,2K Games,0.23,0.19,0.07,0.04,0.53
479,Call of Rebellion II,Switch,2019.0,Simulation,Take-Two Interactive,0.17,0.12,0.14,0.09,0.52
480,Valor Warriors 3,Wii,2008.0,Strategy,Konami Digital Entertainment,0.18,0.21,0.11,0.02,0.52
481,Glory Warriors II,PS3,2013.0,Platform,Nintendo,0.26,0.17,0.04,0.05,0.52
482,Gridiron Conquest 2,PS4,2020.0,Action,Sega,0.2,0.08,0.13,0.11,0.52
483,Battle for Storm III,DS,2008.0,Puzzle,Sony Computer Entertainment,0.35,0.09,0.05,0.03,0.52
484,Realm of Skies III,PS4,2018.0,Puzzle,Ubisoft,0.24,0.18,0.08,0.02,0.52
485,Conquest Destiny Gold Edition,PS,,Platform,Disney Interactive Studios,0.22,0.17,0.04,0.09,0.52
486,Shadow of Shadows: Revolution,PS3,2007.0,Role-Playing,Nintendo,0.15,0.06,0.22,0.09,0.52
487,Gridiron Storm,GBA,2009.0,Fighting,Activision,0.23,0.16,0.11,0.02,0.52
488,Duty Conquest,3DS,2012.0,Shooter,Epic Games,0.2,0.12,0.05,0.15,0.52
489,Saga of Racing Stars,DS,2013.0,Role-Playing,Take-Two Interactive,0.1,0.1,0.27,0.05,0.52
490,Racing Stars Duty: Revolution,PS,2007.0,Role-Playing,Microsoft Game Studios,0.15,0.09,0.17,0.11,0.52
491,Empire of Valor: Remastered,N64,1999.0,Action,Bethesda Softworks,0.13,0.28,0.05,0.06,0.52
492,Battle for Empires,3DS,2012.0,Shooter,THQ,0.35,0.1,0.0,0.07,0.52
493,Rise of Fury Gold Edition,PS,2008.0,Racing,,0.29,0.14,0.02,0.06,0.51
494,Shadow of Odyssey Gold Edition,XOne,2018.0,Role-Playing,CD Projekt,0.19,0.09,0.19,0.04,0.51
495,Fairways Frontier: Origins,GC,2011.0,Simulation,Sony Computer Entertainment,0.14,0.24,0.09,0.04,0.51
496,Rebellion Depths: Revolution,PS2,2002.0,Simulation,Microsoft Game Studios,0.22,0.18,0.09,0.02,0.51
497,Kingdom of Arena,XB,2010.0,Role-Playing,THQ,0.11,0.18,0.21,0.01,0.51
498,Gridiron Champions 3,PS,2003.0,Role-Playing,THQ,0.07,0.22,0.2,0.02,0.51
499,Chronicles of Nations: Origins,X360,2008.0,Racing,THQ,0.29,0.08,0.02,0.12,0.51
500,Racing Stars Honor 2,XB,2008.0,Action,Namco Bandai Games,0.26,0.14,0.01,0.1,0.51
501,Skies Rebellion 3,PS4,2016.0,Action,2K Games,0.3,0.11,0.07,0.03,0.51
502,Chronicles of Odyssey: Revolution,GBA,2003.0,Shooter,Atari,0.31,0.14,0.0,0.06,0.51
503,Rise of Glory: Remastered,DS,2014.0,Adventure,Microsoft Game Studios,0.26,0.13,0.11,0.01,0.51
504,Fury Rebellion III,DS,2012.0,Role-Playing,Namco Bandai Games,0.21,0.03,0.22,0.05,0.51
505,Legends Duty: Reborn,XOne,,Action,Activision,0.2,0.14,0.04,0.13,0.51
506,Shadow of Storm,DS,2004.0,Sports,Square Enix,0.26,0.15,0.01,0.09,0.51
507,Age of Champions 3,X360,2005.0,Puzzle,Bethesda Softworks,0.2,0.15,0.07,0.09,0.51
508,Glory Valor: Remastered,X360,2005.0,Shooter,Disney Interactive Studios,0.22,0.07,0.09,0.13,0.51
509,Legends Skies: Remastered,WiiU,2016.0,Strategy,Sega,0.18,0.11,0.12,0.1,0.51
510,Fall of Champions II,3DS,2013.0,Shooter,Square Enix,0.27,0.19,0.0,0.04,0.5
511,Fall of Champions: Origins,DS,2006.0,Fighting,Sega,0.22,0.14,0.06,0.08,0.5
512,Destiny Legends Gold Edition,PS2,2006.0,Puzzle,Sony Computer Entertainment,0.21,0.18,0.06,0.05,0.5
513,Tales of Skies 3,DS,2008.0,Platform,Nintendo,0.19,0.12,0.14,0.05,0.5
514,Depths Frontier 3,PC,2003.0,Adventure,Capcom,0.28,0.13,0.05,0.04,0.5
515,Empire of Warriors Gold Edition,XOne,2020.0,Simulation,Activision,0.2,0.1,0.14,0.06,0.5
516,Fall of Frontier,PS3,2012.0,Role-Playing,Square Enix,0.15,0.16,0.09,0.1,0.5
517,Fairways Gridiron,DS,2012.0,Action,Microsoft Game Studios,0.31,0.11,0.05,0.03,0.5
518,Depths Destiny III,GBA,2006.0,Sports,Activision,0.22,0.21,0.03,0.04,0.5
519,Nations Arena: Revolution,Wii,2014.0,Role-Playing,Disney Interactive Studios,0.09,0.08,0.16,0.16,0.49
520,Age of Shadows 2,PS4,2013.0,Puzzle,Epic Games,0.29,0.13,0.04,0.03,0.49
521,Battle for Honor: Next Gen,PS4,2015.0,Role-Playing,CD Projekt,0.11,0.12,0.16,0.1,0.49
522,Glory Odyssey II,X360,2016.0,Shooter,Disney Interactive Studios,0.3,0.09,0.0,0.1,0.49
523,Legends Destiny 3,PS4,2020.0,Fighting,Sony Computer Entertainment,0.14,0.21,0.06,0.08,0.49
524,Chronicles of Gridiron 2,PS,2005.0,Adventure,Square Enix,0.15,0.14,0.06,0.14,0.49
525,Depths Titans,GC,2004.0,Sports,Electronic Arts,0.35,0.1,0.0,0.04,0.49
526,World of Destiny,PS,1998.0,Sports,Microsoft Game Studios,0.28,0.12,0.02,0.07,0.49
527,Racing Stars Depths 2,X360,2012.0,Action,Bethesda Softworks,0.15,0.25,0.08,0.01,0.49
528,Rise of Champions,Wii,2008.0,Shooter,Take-Two Interactive,0.27,0.13,0.01,0.08,0.49
529,Depths Skies,PSP,2005.0,Fighting,Epic Games,0.25,0.08,0.13,0.03,0.49
530,Legend of Racing Stars,PS,2002.0,Action,Warner Bros. Interactive,0.28,0.12,0.05,0.04,0.49
531,Chronicles of Champions: Revolution,PC,1997.0,Racing,Epic Games,0.29,0.08,0.0,0.12,0.49
532,Duty Fairways: Next Gen,N64,1999.0,Simulation,Namco Bandai Games,0.25,0.06,0.13,0.05,0.49
533,Shadow of Heroes III,X360,2014.0,Shooter,Activision,0.2,0.13,0.1,0.06,0.49
534,World of Conquest,XOne,2018.0,Simulation,Namco Bandai Games,0.29,0.09,0.06,0.05,0.49
535,Rise of Champions 2,XOne,2016.0,Sports,Atari,0.27,0.11,0.02,0.09,0.49
536,Battle for Fury 3,Wii,2008.0,Sports,Epic Games,0.24,0.1,0.12,0.03,0.49
537,Valor Empires II,Switch,2020.0,Racing,Ubisoft,0.18,0.22,0.03,0.06,0.49
538,Realm of Racing Stars: Remastered,GBA,,Adventure,2K Games,0.2,0.12,0.12,0.05,0.49
539,Saga of Frontier II,XB,2001.0,Racing,Namco Bandai Games,0.24,0.18,0.03,0.04,0.49
540,Heroes Conquest II,GB,2001.0,Action,Ubisoft,0.2,0.14,0.06,0.08,0.48
541,Quest for Shadows: Remastered,Wii,2012.0,Shooter,Electronic Arts,0.22,0.14,0.06,0.06,0.48
542,Chronicles of Glory: Revolution,PSP,2010.0,Role-Playing,Namco Bandai Games,0.08,0.12,0.26,0.02,0.48
543,Frontier Heroes II,PS2,2008.0,Fighting,Activision,0.28,0.14,0.02,0.04,0.48
544,Quest for Glory: Revolution,Switch,2019.0,Action,Ubisoft,0.26,0.16,0.03,0.03,0.48
545,Empires Duty II,PS3,2017.0,Action,Konami Digital Entertainment,0.25,0.09,0.1,0.04,0.48
546,Champions Empires: Reborn,PS4,2017.0,Role-Playing,Atari,0.19,0.06,0.22,0.01,0.48
547,Rebellion Fury: Remastered,N64,2004.0,Sports,Nintendo,0.28,0.12,0.02,0.06,0.48
548,Shadow of Empires: Remastered,PS2,2006.0,Role-Playing,Atari,0.12,0.1,0.2,0.06,0.48
549,Realm of Rebellion,GC,2012.0,Simulation,THQ,0.21,0.13,0.04,0.1,0.48
550,Duty Champions: Remastered,XB,2002.0,Puzzle,Atari,0.14,0.09,0.21,0.04,0.48
551,Shadow of Honor,PS3,2009.0,Role-Playing,Capcom,0.16,0.11,0.2,0.01,0.48
552,Battle for Storm,Switch,2018.0,Role-Playing,CD Projekt,0.07,0.17,0.19,0.05,0.48
553,Chronicles of Heroes,GC,2003.0,Action,Activision,0.17,0.18,0.07,0.06,0.48
554,Kingdom of Titans: Next Gen,XOne,2020.0,Action,Activision,0.21,0.16,0.07,0.03,0.47
555,Rise of Legends: Origins,GC,2004.0,Strategy,Namco Bandai Games,0.26,0.12,0.06,0.03,0.47
556,Empire of Duty: Origins,PS,1998.0,Shooter,Nintendo,0.19,0.11,0.05,0.12,0.47
557,Nations Fury II,PSP,2016.0,Strategy,Bethesda Softworks,0.24,0.1,0.05,0.08,0.47
558,Battle for Empires II,GBA,2001.0,Misc,THQ,0.17,0.13,0.1,0.07,0.47
559,Age of Heroes: Remastered,Wii,2007.0,Sports,Epic Games,0.17,0.23,0.05,0.02,0.47
560,Age of Glory,PC,2002.0,Platform,Atari,0.19,0.09,0.06,0.13,0.47
561,Frontier Champions II,X360,2010.0,Sports,,0.27,0.11,0.07,0.02,0.47
562,Age of Odyssey: Next Gen,PS3,2017.0,Racing,Sony Computer Entertainment,0.21,0.12,0.01,0.13,0.47
563,Saga of Arena III,PSP,2005.0,Sports,Electronic Arts,0.21,0.09,0.05,0.12,0.47
564,Duty Champions,GB,2003.0,Sports,Electronic Arts,0.28,0.12,0.01,0.06,0.47
565,Frontier Duty: Reborn,PS3,2007.0,Sports,Sony Computer Entertainment,0.28,0.1,0.01,0.08,0.47
566,Glory Racing Stars 2,PS,1999.0,Fighting,Warner Bros. Interactive,0.18,0.16,0.09,0.04,0.47
567,Realm of Glory III,GBA,2003.0,Action,Bethesda Softworks,0.25,0.11,0.07,0.03,0.46
568,Realm of Destiny: Next Gen,PSV,2017.0,Shooter,Activision,0.29,0.08,0.01,0.08,0.46
569,Arena Frontier,PS3,2012.0,Adventure,Nintendo,0.21,0.21,0.02,0.02,0.46
570,Glory Fairways,PS2,2001.0,Role-Playing,Nintendo,0.21,0.02,0.22,0.01,0.46
571,Shadow of Heroes: Origins,GBA,2008.0,Action,Konami Digital Entertainment,0.2,0.14,0.1,0.02,0.46
572,Fall of Warriors II,X360,2012.0,Role-Playing,Bethesda Softworks,0.07,0.12,0.23,0.04,0.46
573,Fall of Honor III,DS,2007.0,Fighting,Warner Bros. Interactive,0.24,0.13,0.06,0.03,0.46
574,Gridiron Destiny III,PSV,2013.0,Simulation,Konami Digital Entertainment,0.11,0.21,0.09,0.05,0.46
575,Fairways Legends 2,Switch,2017.0,Platform,Disney Interactive Studios,0.19,0.17,0.05,0.05,0.46
576,Quest for Heroes 2,XB,,Sports,Konami Digital Entertainment,0.25,0.16,0.03,0.02,0.46
577,Dragons Gridiron,GBA,2007.0,Role-Playing,CD Projekt,0.1,0.11,0.23,0.02,0.46
578,Fall of Skies,SNES,1999.0,Role-Playing,2K Games,0.09,0.05,0.31,0.01,0.46
579,Shadow of Arena 2,PS2,2005.0,Sports,Sega,0.26,0.12,0.03,0.05,0.46
580,Chronicles of Fairways: Reborn,GB,2001.0,Adventure,CD Projekt,0.12,0.2,0.08,0.06,0.46
581,Empire of Valor II,3DS,2016.0,Action,Bethesda Softworks,0.15,0.23,0.04,0.04,0.46
582,Realm of Warriors 2,GBA,2007.0,Racing,Atari,0.22,0.12,0.03,0.09,0.46
583,Honor Dragons: Origins,PS2,2002.0,Role-Playing,Take-Two Interactive,0.09,0.13,0.21,0.03,0.46
584,Odyssey Gridiron: Next Gen,N64,2003.0,Role-Playing,Bethesda Softworks,0.08,0.09,0.23,0.06,0.46
585,Glory Odyssey III,PSV,2012.0,Action,Bethesda Softworks,0.22,0.13,0.06,0.05,0.46
586,Kingdom of Empires,SNES,2001.0,Sports,2K Games,0.22,0.1,0.04,0.09,0.45
587,Empire of Destiny Gold Edition,PS2,2000.0,Platform,2K Games,0.09,0.13,0.16,0.07,0.45
588,Storm Empires III,Wii,2015.0,Platform,Capcom,0.24,0.11,0.06,0.04,0.45
589,Odyssey Heroes,DS,2012.0,Sports,,0.11,0.25,0.01,0.08,0.45
590,Destiny Frontier: Remastered,PS,2006.0,Role-Playing,CD Projekt,0.13,0.05,0.2,0.07,0.45
591,Legend of Gridiron,N64,2000.0,Role-Playing,Square Enix,0.21,0.07,0.15,0.02,0.45
592,Odyssey Arena II,PC,2001.0,Platform,Capcom,0.16,0.2,0.05,0.04,0.45
593,Arena Valor II,PS4,2018.0,Platform,Square Enix,0.28,0.12,0.03,0.02,0.45
594,Realm of Titans III,X360,2013.0,Platform,Warner Bros. Interactive,0.25,0.08,0.09,0.03,0.45
595,Frontier Valor II,Switch,2017.0,Sports,Capcom,0.22,0.17,0.02,0.04,0.45
596,Heroes Storm,PS2,2006.0,Adventure,Disney Interactive Studios,0.14,0.16,0.11,0.04,0.45
597,Kingdom of Rebellion II,DS,2004.0,Racing,Namco Bandai Games,0.2,0.16,0.02,0.07,0.45
598,Fall of Destiny,PSV,2013.0,Action,Bethesda Softworks,0.2,0.11,0.08,0.06,0.45
599,Dragons Valor,3DS,2015.0,Sports,Take-Two Interactive,0.27,0.11,0.0,0.07,0.45
600,Honor Empires: Next Gen,PS2,2006.0,Simulation,Atari,0.22,0.16,0.05,0.02,0.45
601,Destiny Nations Gold Edition,SNES,2004.0,Shooter,Warner Bros. Interactive,0.26,0.09,0.01,0.09,0.45
602,Valor Odyssey,3DS,2014.0,Role-Playing,Epic Games,0.04,0.1,0.3,0.01,0.45
603,Kingdom of Titans: Next Gen,X360,2011.0,Simulation,CD Projekt,0.19,0.14,0.09,0.03,0.45
604,Fall of Fairways 2,N64,2000.0,Shooter,Activision,0.17,0.15,0.04,0.09,0.45
605,Empire of Gridiron: Reborn,PSP,2004.0,Platform,Sony Computer Entertainment,0.15,0.16,0.06,0.08,0.45
606,Glory Rebellion III,PC,1998.0,Strategy,Warner Bros. Interactive,0.06,0.2,0.17,0.02,0.45
607,Quest for Heroes II,DS,2013.0,Platform,Nintendo,0.17,0.22,0.05,0.01,0.45
608,Realm of Depths: Reborn,XB,2006.0,Adventure,Square Enix,0.07,0.22,0.13,0.02,0.44
609,Rise of Conquest 3,XB,2007.0,Adventure,Bethesda Softworks,0.22,0.07,0.08,0.07,0.44
610,Frontier Odyssey III,PS2,2007.0,Puzzle,Epic Games,0.26,0.1,0.05,0.03,0.44
611,Tales of Frontier: Reborn,PS4,2017.0,Platform,Ubisoft,0.18,0.15,0.07,0.04,0.44
612,Conquest Arena,Switch,2017.0,Sports,Electronic Arts,0.19,0.15,0.05,0.05,0.44
613,Rebellion Duty: Next Gen,3DS,2019.0,Action,Activision,0.2,0.13,0.04,0.07,0.44
614,Shadows Heroes Gold Edition,GBA,2008.0,Platform,THQ,0.16,0.18,0.05,0.05,0.44
615,Rise of Racing Stars Gold Edition,Switch,2018.0,Simulation,Sega,0.22,0.14,0.06,0.02,0.44
616,Fall of Gridiron,PS2,2006.0,Puzzle,Warner Bros. Interactive,0.18,0.17,0.03,0.06,0.44
617,Storm Gridiron 2,PS3,2012.0,Role-Playing,Bethesda Softworks,0.09,0.1,0.18,0.07,0.44
618,Fall of Valor Gold Edition,PC,2001.0,Simulation,Sega,0.14,0.13,0.09,0.08,0.44
619,Rise of Gridiron: Next Gen,XB,2008.0,Misc,Bethesda Softworks,0.19,0.14,0.04,0.07,0.44
620,Heroes Racing Stars: Reborn,GC,2007.0,Platform,Electronic Arts,0.2,0.12,0.05,0.07,0.44
621,Saga of Fury: Reborn,Wii,2011.0,Platform,Take-Two Interactive,0.12,0.21,0.04,0.07,0.44
622,Arena Empires 3,X360,2016.0,Adventure,Square Enix,0.14,0.17,0.06,0.07,0.44
623,Rebellion Fairways,PS,2001.0,Sports,Epic Games,0.26,0.08,0.04,0.06,0.44
624,Heroes Glory 2,PS,1997.0,Action,Sony Computer Entertainment,0.18,0.1,0.09,0.07,0.44
625,Conquest Fury: Revolution,PSV,2018.0,Sports,Ubisoft,0.24,0.09,0.01,0.1,0.44
626,Battle for Depths: Next Gen,PS,2004.0,Puzzle,Disney Interactive Studios,0.13,0.13,0.1,0.07,0.43
627,Destiny Glory 3,X360,2014.0,Adventure,2K Games,0.17,0.17,0.07,0.02,0.43
628,Odyssey Odyssey III,Wii,2007.0,Action,Bethesda Softworks,0.2,0.14,0.06,0.03,0.43
629,Age of Destiny: Reborn,PS4,2018.0,Racing,Epic Games,0.19,0.13,0.01,0.1,0.43
630,Empire of Skies: Next Gen,3DS,2019.0,Adventure,Take-Two Interactive,0.16,0.14,0.02,0.11,0.43
631,Arena Titans,3DS,2017.0,Fighting,Konami Digital Entertainment,0.19,0.11,0.07,0.06,0.43
632,Kingdom of Fairways 3,PS3,2016.0,Misc,,0.23,0.08,0.09,0.03,0.43
633,Legends Destiny III,PSP,2009.0,Action,Konami Digital Entertainment,0.25,0.07,0.07,0.04,0.43
634,Racing Stars Honor II,PS4,2019.0,Platform,Epic Games,0.26,0.1,0.02,0.05,0.43
635,Frontier Racing Stars: Remastered,DS,2005.0,Role-Playing,Disney Interactive Studios,0.1,0.11,0.21,0.01,0.43
636,Fall of Warriors: Revolution,PS2,2000.0,Role-Playing,CD Projekt,0.13,0.13,0.12,0.05,0.43
637,Racing Stars Champions: Reborn,XOne,2016.0,Sports,Nintendo,0.26,0.12,0.02,0.03,0.43
638,Battle for Arena,PS,2006.0,Shooter,Capcom,0.16,0.15,0.08,0.04,0.43
639,Champions Frontier: Reborn,PS,1997.0,Action,Microsoft Game Studios,0.21,0.08,0.06,0.07,0.42
640,Battle for Shadows: Revolution,DS,2008.0,Action,Activision,0.22,0.09,0.09,0.02,0.42
641,Frontier Empires,X360,2007.0,Action,Disney Interactive Studios,0.1,0.19,0.05,0.08,0.42
642,Champions Nations II,XB,2002.0,Action,Warner Bros. Interactive,0.2,0.09,0.07,0.06,0.42
643,Tales of Rebellion: Remastered,PS3,2011.0,Shooter,Sony Computer Entertainment,0.2,0.15,0.04,0.03,0.42
644,Kingdom of Dragons,PSV,2020.0,Racing,Namco Bandai Games,0.19,0.16,0.04,0.03,0.42
645,Tales of Duty: Revolution,PSV,2011.0,Role-Playing,CD Projekt,0.13,0.03,0.22,0.04,0.42
646,Empire of Valor,SNES,1996.0,Action,Nintendo,0.2,0.15,0.05,0.02,0.42
647,Fury Shadows: Remastered,XB,2002.0,Racing,Sony Computer Entertainment,0.28,0.05,0.01,0.08,0.42
648,Warriors Fairways: Revolution,N64,2008.0,Role-Playing,Warner Bros. Interactive,0.16,0.11,0.13,0.02,0.42
649,Champions Conquest Gold Edition,X360,2012.0,Shooter,Microsoft Game Studios,0.23,0.11,0.03,0.05,0.42
650,Dragons Rebellion: Next Gen,DS,2009.0,Simulation,Electronic Arts,0.16,0.15,0.07,0.04,0.42
651,Conquest Fury 3,XB,2006.0,Shooter,Konami Digital Entertainment,0.25,0.06,0.06,0.05,0.42
652,Gridiron Nations,WiiU,2013.0,Role-Playing,Nintendo,0.07,0.1,0.23,0.02,0.42
653,Legend of Dragons: Remastered,DS,2014.0,Shooter,Sega,0.28,0.07,0.04,0.03,0.42
654,Nations Destiny: Revolution,XOne,2017.0,Shooter,Epic Games,0.18,0.13,0.05,0.06,0.42
655,Valor Destiny: Reborn,SNES,2004.0,Role-Playing,CD Projekt,0.14,0.12,0.15,0.01,0.42
656,Call of Depths: Origins,PS2,2006.0,Shooter,Activision,0.27,0.09,0.01,0.04,0.41
657,Age of Empires 3,PS2,2005.0,Fighting,Electronic Arts,0.12,0.26,0.01,0.02,0.41
658,Fury Honor,PSV,2013.0,Racing,Sony Computer Entertainment,0.19,0.12,0.04,0.06,0.41
659,Valor Depths 2,PC,1997.0,Action,2K Games,0.28,0.08,0.02,0.03,0.41
660,Frontier Legends,X360,2013.0,Adventure,2K Games,0.15,0.15,0.04,0.07,0.41
661,Empire of Fury: Reborn,X360,2006.0,Role-Playing,CD Projekt,0.06,0.16,0.14,0.05,0.41
662,Conquest Depths: Next Gen,X360,2016.0,Racing,Ubisoft,0.19,0.12,0.02,0.08,0.41
663,Fall of Glory III,Switch,2017.0,Platform,Electronic Arts,0.13,0.15,0.04,0.09,0.41
664,Tales of Arena: Revolution,X360,2015.0,Adventure,Sony Computer Entertainment,0.22,0.16,0.01,0.02,0.41
665,Arena Fury: Revolution,N64,1996.0,Sports,Warner Bros. Interactive,0.23,0.15,0.01,0.02,0.41
666,Rise of Conquest: Origins,XB,2007.0,Fighting,Sony Computer Entertainment,0.09,0.09,0.07,0.16,0.41
667,Age of Honor: Remastered,WiiU,2013.0,Puzzle,Warner Bros. Interactive,0.22,0.12,0.05,0.02,0.41
668,Racing Stars Legends Gold Edition,GC,2006.0,Racing,Take-Two Interactive,0.19,0.15,0.0,0.07,0.41
669,Conquest Storm: Revolution,Wii,2015.0,Role-Playing,THQ,0.13,0.04,0.21,0.03,0.41
670,Conquest Frontier II,N64,1999.0,Racing,Warner Bros. Interactive,0.2,0.13,0.0,0.08,0.41
671,Empire of Frontier Gold Edition,PS3,2007.0,Adventure,Namco Bandai Games,0.14,0.14,0.05,0.08,0.41
672,Duty Dragons III,XB,2007.0,Simulation,Ubisoft,0.26,0.05,0.02,0.08,0.41
673,Arena Shadows: Reborn,PSV,2014.0,Misc,Ubisoft,0.27,0.07,0.05,0.02,0.41
674,Saga of Conquest: Origins,XB,2008.0,Platform,THQ,0.16,0.14,0.06,0.05,0.41
675,Chronicles of Racing Stars,XB,2007.0,Action,Konami Digital Entertainment,0.12,0.13,0.08,0.08,0.41
676,Legend of Fury,N64,2003.0,Simulation,Take-Two Interactive,0.18,0.11,0.08,0.04,0.41
677,Skies Champions: Reborn,X360,2011.0,Action,Bethesda Softworks,0.23,0.1,0.05,0.03,0.41
678,Arena Honor: Next Gen,Switch,2018.0,Fighting,Epic Games,0.17,0.13,0.03,0.08,0.41
679,Glory Legends: Origins,PS4,2017.0,Role-Playing,Atari,0.11,0.11,0.17,0.02,0.41
680,Chronicles of Storm: Reborn,PS3,2014.0,Role-Playing,2K Games,0.12,0.1,0.13,0.06,0.41
681,Heroes Frontier Gold Edition,Switch,2019.0,Misc,Atari,0.22,0.1,0.08,0.0,0.4
682,Nations Odyssey: Revolution,PS2,2002.0,Adventure,Square Enix,0.15,0.14,0.04,0.07,0.4
683,Quest for Frontier,Switch,2017.0,Action,Capcom,0.12,0.13,0.09,0.06,0.4
684,World of Duty,3DS,,Platform,Warner Bros. Interactive,0.14,0.12,0.11,0.03,0.4
685,Valor Gridiron: Remastered,PC,1999.0,Misc,Konami Digital Entertainment,0.18,0.11,0.1,0.01,0.4
686,Heroes Champions: Origins,Switch,2020.0,Action,Take-Two Interactive,0.2,0.11,0.05,0.04,0.4
687,Titans Racing Stars,Switch,2020.0,Action,Disney Interactive Studios,0.16,0.14,0.07,0.03,0.4
688,Destiny Racing Stars III,DS,2006.0,Platform,2K Games,0.21,0.12,0.02,0.05,0.4
689,Destiny Depths II,WiiU,2020.0,Adventure,Atari,0.19,0.1,0.03,0.08,0.4
690,Warriors Fury,DS,2014.0,Misc,Sega,0.16,0.13,0.04,0.07,0.4
691,Saga of Glory,GBA,2006.0,Sports,Konami Digital Entertainment,0.12,0.18,0.0,0.1,0.4
692,Valor Glory: Next Gen,PC,2002.0,Sports,Nintendo,0.19,0.11,0.06,0.04,0.4
693,Nations Heroes 2,GBA,2004.0,Shooter,Namco Bandai Games,0.21,0.14,0.01,0.04,0.4
694,Skies Dragons III,PS2,2002.0,Fighting,Sony Computer Entertainment,0.23,0.06,0.05,0.06,0.4
695,Arena Dragons,PSP,2012.0,Racing,Sony Computer Entertainment,0.2,0.11,0.02,0.07,0.4
696,Heroes Champions,X360,2011.0,Role-Playing,Warner Bros. Interactive,0.09,0.06,0.21,0.04,0.4
697,Conquest Destiny 3,DS,2009.0,Sports,2K Games,0.22,0.09,0.01,0.07,0.39
698,Frontier Dragons: Revolution,Switch,2019.0,Adventure,Take-Two Interactive,0.22,0.07,0.06,0.04,0.39
699,Duty Empires: Revolution,GB,2002.0,Action,Konami Digital Entertainment,0.15,0.19,0.04,0.01,0.39
700,Realm of Titans,PS3,2013.0,Simulation,Sony Computer Entertainment,0.17,0.12,0.03,0.07,0.39
701,Fall of Rebellion: Remastered,DS,2013.0,Simulation,Sega,0.11,0.13,0.02,0.13,0.39
702,Fairways Rebellion: Remastered,Wii,2014.0,Role-Playing,THQ,0.12,0.06,0.14,0.07,0.39
703,Chronicles of Valor: Next Gen,Switch,2020.0,Misc,CD Projekt,0.16,0.13,0.03,0.07,0.39
704,Empire of Shadows: Revolution,DS,2006.0,Role-Playing,Disney Interactive Studios,0.08,0.09,0.2,0.02,0.39
705,Champions Titans: Origins,PC,2002.0,Shooter,Sony Computer Entertainment,0.18,0.14,0.01,0.06,0.39
706,Honor Valor II,PS4,2020.0,Simulation,Epic Games,0.19,0.06,0.07,0.07,0.39
707,Battle for Odyssey 3,PSV,2018.0,Shooter,Namco Bandai Games,0.15,0.12,0.03,0.09,0.39
708,Frontier Empires: Next Gen,3DS,2017.0,Puzzle,CD Projekt,0.22,0.1,0.03,0.04,0.39
709,Warriors Rebellion III,GBA,2005.0,Sports,Atari,0.25,0.1,0.03,0.01,0.39
710,Quest for Arena,GBA,2007.0,Racing,Epic Games,0.27,0.06,0.01,0.05,0.39
711,Call of Rebellion,PS2,2008.0,Role-Playing,Namco Bandai Games,0.08,0.07,0.22,0.02,0.39
712,Age of Storm: Reborn,Switch,2018.0,Fighting,Microsoft Game Studios,0.16,0.08,0.05,0.1,0.39
713,Call of Storm Gold Edition,N64,1998.0,Misc,Namco Bandai Games,0.19,0.07,0.03,0.1,0.39
714,Honor Skies: Origins,PSV,2017.0,Shooter,Activision,0.21,0.15,0.02,0.01,0.39
715,Chronicles of Glory 3,GC,2013.0,Misc,Sony Computer Entertainment,0.12,0.08,0.09,0.1,0.39
716,Shadow of Honor: Origins,GBA,2007.0,Role-Playing,Square Enix,0.05,0.04,0.29,0.01,0.39
717,Kingdom of Honor: Next Gen,DS,2011.0,Simulation,Sega,0.13,0.21,0.01,0.04,0.39
718,Duty Dragons: Next Gen,PS2,2007.0,Simulation,Microsoft Game Studios,0.15,0.11,0.05,0.08,0.39
719,World of Empires Gold Edition,N64,1997.0,Simulation,Activision,0.2,0.07,0.08,0.04,0.39
720,Quest for Skies: Remastered,PS4,2016.0,Strategy,Warner Bros. Interactive,0.27,0.06,0.03,0.03,0.39
721,Skies Destiny II,WiiU,2020.0,Sports,THQ,0.2,0.13,0.01,0.05,0.39
722,Rise of Fury: Next Gen,WiiU,2018.0,Sports,THQ,0.19,0.12,0.04,0.04,0.39
723,Depths Depths Gold Edition,Switch,2017.0,Sports,Capcom,0.19,0.16,0.01,0.03,0.39
724,Fury Honor III,PS2,2002.0,Misc,,0.16,0.14,0.03,0.06,0.39
725,Shadow of Depths,PS3,2009.0,Misc,Ubisoft,0.11,0.12,0.12,0.03,0.38
726,Fall of Titans: Reborn,PS4,2017.0,Role-Playing,Capcom,0.14,0.08,0.13,0.03,0.38
727,Saga of Warriors: Revolution,X360,2005.0,Puzzle,Nintendo,0.09,0.12,0.11,0.06,0.38
728,Realm of Warriors II,PS,2009.0,Fighting,2K Games,0.13,0.12,0.07,0.06,0.38
729,Conquest Rebellion: Reborn,N64,2006.0,Strategy,Take-Two Interactive,0.15,0.11,0.03,0.09,0.38
730,Empires Empires: Origins,DS,2013.0,Sports,Sony Computer Entertainment,0.19,0.1,0.02,0.07,0.38
731,Shadows Rebellion: Next Gen,XOne,2020.0,Shooter,Activision,0.23,0.09,0.0,0.06,0.38
732,Conquest Empires: Next Gen,GB,1998.0,Action,Atari,0.15,0.1,0.11,0.02,0.38
733,Fall of Gridiron 2,DS,2007.0,Shooter,Electronic Arts,0.17,0.17,0.01,0.03,0.38
734,Tales of Duty,X360,2007.0,Misc,Sega,0.16,0.13,0.03,0.06,0.38
735,Rise of Champions: Origins,Wii,2009.0,Simulation,2K Games,0.16,0.11,0.08,0.03,0.38
736,Titans Nations: Origins,GB,2003.0,Fighting,Atari,0.19,0.12,0.03,0.04,0.38
737,Shadow of Duty: Revolution,3DS,2020.0,Platform,Bethesda Softworks,0.19,0.1,0.02,0.07,0.38
738,Warriors Champions II,PS3,2013.0,Simulation,Ubisoft,0.18,0.1,0.03,0.07,0.38
739,Fall of Storm: Revolution,X360,2017.0,Platform,Disney Interactive Studios,0.16,0.11,0.09,0.02,0.38
740,Rebellion Champions: Remastered,3DS,2019.0,Racing,Microsoft Game Studios,0.12,0.22,0.01,0.03,0.38
741,Saga of Honor 3,Wii,2010.0,Shooter,Warner Bros. Interactive,0.14,0.11,0.08,0.05,0.38
742,Age of Dragons: Origins,PS,2009.0,Shooter,Bethesda Softworks,0.19,0.12,0.01,0.06,0.38
743,Quest for Heroes 2,DS,2013.0,Simulation,Namco Bandai Games,0.13,0.16,0.03,0.06,0.38
744,World of Titans: Reborn,PS2,2008.0,Strategy,2K Games,0.12,0.17,0.03,0.05,0.37
745,World of Conquest,DS,2014.0,Sports,Sega,0.23,0.08,0.04,0.02,0.37
746,Valor Depths III,XB,2005.0,Simulation,Ubisoft,0.15,0.11,0.07,0.04,0.37
747,Age of Heroes,PC,2002.0,Simulation,Disney Interactive Studios,0.2,0.09,0.02,0.06,0.37
748,Heroes Legends,PSV,2017.0,Simulation,Disney Interactive Studios,0.11,0.14,0.04,0.08,0.37
749,Honor Storm 3,3DS,2013.0,Sports,Disney Interactive Studios,0.2,0.1,0.01,0.06,0.37
750,Saga of Frontier,GC,2010.0,Sports,Konami Digital Entertainment,0.2,0.1,0.01,0.06,0.37
751,Arena Dragons,3DS,2017.0,Sports,Sony Computer Entertainment,0.21,0.11,0.02,0.03,0.37
752,Battle for Fairways,PSP,2004.0,Adventure,Konami Digital Entertainment,0.2,0.08,0.07,0.02,0.37
753,Destiny Valor III,GC,2002.0,Misc,Warner Bros. Interactive,0.17,0.15,0.04,0.01,0.37
754,Quest for Glory,XB,2004.0,Adventure,Square Enix,0.22,0.09,0.04,0.02,0.37
755,Rise of Gridiron,Switch,2019.0,Fighting,Sega,0.14,0.15,0.03,0.05,0.37
756,Chronicles of Honor 3,PS3,2014.0,Strategy,Square Enix,0.16,0.13,0.06,0.02,0.37
757,Shadow of Racing Stars Gold Edition,PS,2005.0,Role-Playing,CD Projekt,0.15,0.04,0.15,0.03,0.37
758,Fairways Valor: Next Gen,Switch,2020.0,Platform,Capcom,0.18,0.08,0.07,0.04,0.37
759,Fall of Empires,PS,1999.0,Sports,Konami Digital Entertainment,0.18,0.13,0.03,0.03,0.37
760,Kingdom of Duty: Next Gen,Switch,2019.0,Action,Ubisoft,0.16,0.08,0.06,0.07,0.37
761,Titans Storm,Switch,2017.0,Puzzle,THQ,0.11,0.1,0.11,0.04,0.36
762,Saga of Gridiron: Revolution,X360,2016.0,Sports,Epic Games,0.14,0.09,0.03,0.1,0.36
763,Kingdom of Glory,GC,2005.0,Sports,Epic Games,0.15,0.1,0.01,0.1,0.36
764,Rise of Destiny,Wii,2012.0,Racing,2K Games,0.21,0.08,0.02,0.05,0.36
765,Chronicles of Fury Gold Edition,3DS,2020.0,Fighting,Epic Games,0.11,0.19,0.03,0.03,0.36
766,Saga of Valor,XOne,2020.0,Fighting,Konami Digital Entertainment,0.15,0.12,0.03,0.06,0.36
767,World of Odyssey 3,GBA,2002.0,Sports,Namco Bandai Games,0.18,0.09,0.01,0.08,0.36
768,Fall of Honor 2,PS4,2014.0,Adventure,Namco Bandai Games,0.18,0.05,0.11,0.02,0.36
769,Fall of Arena: Next Gen,N64,,Strategy,Warner Bros. Interactive,0.11,0.16,0.06,0.03,0.36
770,Legends Dragons 3,3DS,2019.0,Role-Playing,Microsoft Game Studios,0.1,0.07,0.13,0.06,0.36
771,Arena Duty: Next Gen,XB,2006.0,Platform,Electronic Arts,0.15,0.11,0.07,0.03,0.36
772,Fury Fairways,PS3,2013.0,Simulation,Namco Bandai Games,0.15,0.11,0.07,0.03,0.36
773,Rebellion Frontier,XB,2008.0,Misc,Atari,0.09,0.15,0.07,0.05,0.36
774,Shadows Conquest: Reborn,PS2,2000.0,Platform,Nintendo,0.15,0.07,0.1,0.04,0.36
775,Chronicles of Odyssey: Revolution,Wii,2014.0,Role-Playing,Namco Bandai Games,0.08,0.08,0.16,0.04,0.36
776,Legend of Fairways III,PC,2001.0,Fighting,Namco Bandai Games,0.2,0.06,0.06,0.04,0.36
777,World of Conquest: Revolution,XOne,2014.0,Sports,Capcom,0.18,0.16,0.01,0.01,0.36
778,World of Valor II,PC,1997.0,Racing,Electronic Arts,0.16,0.13,0.01,0.06,0.36
779,Valor Valor II,PS4,2015.0,Sports,Epic Games,0.2,0.08,0.02,0.06,0.36
780,Call of Heroes: Reborn,PS2,2001.0,Sports,Nintendo,0.15,0.15,0.01,0.05,0.36
781,Kingdom of Honor: Revolution,3DS,2019.0,Action,Bethesda Softworks,0.12,0.12,0.04,0.08,0.36
782,Arena Skies: Next Gen,Wii,2007.0,Puzzle,Bethesda Softworks,0.14,0.11,0.07,0.04,0.36
783,World of Gridiron: Next Gen,XOne,2015.0,Sports,Microsoft Game Studios,0.14,0.16,0.02,0.03,0.35
784,Shadow of Legends: Origins,PS3,2012.0,Adventure,Square Enix,0.06,0.09,0.06,0.14,0.35
785,Shadow of Warriors 3,XB,2002.0,Simulation,Bethesda Softworks,0.26,0.06,0.02,0.01,0.35
786,Destiny Honor III,PS4,2015.0,Role-Playing,Ubisoft,0.07,0.06,0.22,0.0,0.35
787,Dragons Conquest Gold Edition,GBA,2007.0,Fighting,Activision,0.19,0.06,0.05,0.05,0.35
788,Champions Heroes,PS4,2015.0,Racing,Namco Bandai Games,0.2,0.05,0.01,0.09,0.35
789,Quest for Warriors II,Wii,2010.0,Platform,THQ,0.17,0.07,0.07,0.04,0.35
790,Shadow of Depths 3,WiiU,2016.0,Puzzle,Warner Bros. Interactive,0.12,0.1,0.11,0.02,0.35
791,Odyssey Nations 3,3DS,2017.0,Adventure,Konami Digital Entertainment,0.12,0.15,0.04,0.04,0.35
792,Age of Fairways: Reborn,3DS,2019.0,Sports,Epic Games,0.24,0.05,0.01,0.05,0.35
793,Champions Dragons: Remastered,PS2,2005.0,Shooter,Warner Bros. Interactive,0.18,0.12,0.01,0.04,0.35
794,Age of Legends: Reborn,PS3,2012.0,Shooter,Microsoft Game Studios,0.23,0.09,0.02,0.01,0.35
795,Empires Rebellion 2,X360,2012.0,Action,Konami Digital Entertainment,0.17,0.1,0.03,0.05,0.35
796,Racing Stars Destiny II,PSV,2019.0,Role-Playing,Activision,0.14,0.04,0.13,0.04,0.35
797,Legends Warriors Gold Edition,PC,1995.0,Adventure,Microsoft Game Studios,0.15,0.08,0.09,0.03,0.35
798,World of Empires: Remastered,GBA,2002.0,Sports,Nintendo,0.19,0.13,0.0,0.03,0.35
799,Empires Titans: Reborn,3DS,2020.0,Simulation,Square Enix,0.13,0.05,0.1,0.07,0.35
800,Rebellion Warriors: Origins,PSV,2016.0,Racing,Capcom,0.14,0.17,0.02,0.02,0.35
801,World of Depths II,SNES,1994.0,Platform,Take-Two Interactive,0.1,0.18,0.04,0.03,0.35
802,Fall of Fairways,GBA,2005.0,Role-Playing,Electronic Arts,0.07,0.04,0.23,0.01,0.35
803,Conquest Conquest: Reborn,GC,2011.0,Action,Activision,0.11,0.1,0.03,0.11,0.35
804,Fall of Destiny Gold Edition,PS3,2012.0,Role-Playing,Namco Bandai Games,0.14,0.05,0.13,0.03,0.35
805,Empire of Champions: Next Gen,XB,2010.0,Puzzle,Take-Two Interactive,0.16,0.12,0.05,0.02,0.35
806,Warriors Arena,X360,2007.0,Platform,Atari,0.1,0.14,0.07,0.04,0.35
807,Fury Storm II,X360,2010.0,Shooter,Activision,0.14,0.1,0.01,0.1,0.35
808,Empires Nations,X360,2013.0,Platform,Ubisoft,0.23,0.05,0.04,0.03,0.35
809,Legend of Depths Gold Edition,Switch,2019.0,Strategy,THQ,0.11,0.14,0.02,0.08,0.35
810,Call of Conquest 3,PS3,2013.0,Action,Capcom,0.19,0.07,0.03,0.05,0.34
811,Titans Fairways,PS3,2017.0,Role-Playing,Square Enix,0.12,0.06,0.13,0.03,0.34
812,Rebellion Destiny Gold Edition,PSV,2011.0,Action,Sony Computer Entertainment,0.14,0.14,0.04,0.02,0.34
813,Titans Glory 2,XOne,2017.0,Role-Playing,Square Enix,0.13,0.09,0.09,0.03,0.34
814,Kingdom of Conquest 3,Wii,2007.0,Role-Playing,Square Enix,0.11,0.01,0.19,0.03,0.34
815,Champions Rebellion: Origins,DS,2012.0,Racing,2K Games,0.11,0.16,0.0,0.07,0.34
816,Saga of Honor 2,PSP,2004.0,Platform,Microsoft Game Studios,0.13,0.09,0.12,0.0,0.34
817,Valor Champions: Reborn,Wii,2015.0,Role-Playing,Sega,0.13,0.06,0.14,0.01,0.34
818,Saga of Arena II,PS,1996.0,Sports,Epic Games,0.24,0.08,0.01,0.01,0.34
819,Fall of Champions: Revolution,PS3,2015.0,Simulation,Konami Digital Entertainment,0.22,0.06,0.02,0.04,0.34
820,Quest for Heroes: Next Gen,PS2,2005.0,Adventure,Atari,0.21,0.1,0.02,0.01,0.34
821,World of Arena II,N64,2007.0,Simulation,Atari,0.12,0.1,0.09,0.03,0.34
822,Fall of Racing Stars,DS,2009.0,Role-Playing,Bethesda Softworks,0.06,0.09,0.13,0.06,0.34
823,Dragons Depths: Reborn,Switch,2020.0,Fighting,Activision,0.15,0.06,0.06,0.07,0.34
824,Saga of Warriors 3,3DS,2020.0,Simulation,Electronic Arts,0.2,0.05,0.03,0.06,0.34
825,Honor Champions: Reborn,DS,2013.0,Fighting,Activision,0.19,0.1,0.03,0.02,0.34
826,Destiny Champions,N64,1999.0,Simulation,Namco Bandai Games,0.12,0.16,0.05,0.01,0.34
827,Storm Gridiron II,DS,2012.0,Racing,Namco Bandai Games,0.17,0.13,0.0,0.04,0.34
828,Realm of Empires: Reborn,PSP,2008.0,Adventure,Square Enix,0.12,0.14,0.05,0.03,0.34
829,Shadow of Nations 2,GC,2007.0,Fighting,Warner Bros. Interactive,0.07,0.1,0.08,0.09,0.34
830,Quest for Duty II,PSP,2012.0,Fighting,2K Games,0.14,0.08,0.07,0.05,0.34
831,Odyssey Fury 2,3DS,2018.0,Role-Playing,Capcom,0.12,0.06,0.14,0.02,0.34
832,Skies Glory 2,GB,2005.0,Shooter,Warner Bros. Interactive,0.19,0.09,0.02,0.04,0.34
833,Legends Frontier: Next Gen,GB,1996.0,Role-Playing,Square Enix,0.11,0.05,0.16,0.02,0.34
834,Call of Destiny Gold Edition,PSP,2013.0,Platform,Atari,0.18,0.08,0.06,0.02,0.34
835,Shadows Heroes: Revolution,PC,2001.0,Sports,Take-Two Interactive,0.15,0.14,0.03,0.02,0.34
836,Empires Heroes: Origins,X360,2010.0,Platform,CD Projekt,0.12,0.17,0.02,0.03,0.34
837,Tales of Odyssey: Revolution,PSP,2011.0,Sports,Warner Bros. Interactive,0.09,0.2,0.01,0.04,0.34
838,Fall of Arena: Revolution,3DS,2017.0,Platform,Atari,0.13,0.05,0.13,0.03,0.34
839,Age of Heroes: Reborn,3DS,2015.0,Shooter,Epic Games,0.1,0.13,0.08,0.03,0.34
840,Legends Warriors Gold Edition,XB,2007.0,Misc,Nintendo,0.19,0.09,0.03,0.03,0.34
841,Arena Champions: Revolution,PC,1997.0,Sports,THQ,0.13,0.08,0.04,0.09,0.34
842,Rebellion Nations 2,GC,2008.0,Action,Ubisoft,0.12,0.08,0.12,0.02,0.34
843,Titans Empires: Next Gen,Switch,2017.0,Shooter,Electronic Arts,0.12,0.13,0.07,0.02,0.34
844,Skies Fury III,GC,2001.0,Strategy,Atari,0.13,0.09,0.08,0.04,0.34
845,Chronicles of Arena Gold Edition,PC,1998.0,Role-Playing,CD Projekt,0.1,0.03,0.2,0.01,0.34
846,Shadow of Racing Stars II,XOne,2014.0,Misc,Warner Bros. Interactive,0.14,0.08,0.07,0.04,0.33
847,Battle for Champions,XB,2005.0,Adventure,Bethesda Softworks,0.19,0.06,0.03,0.05,0.33
848,Realm of Shadows II,3DS,2016.0,Role-Playing,Nintendo,0.06,0.1,0.14,0.03,0.33
849,Storm Depths: Origins,XOne,2018.0,Fighting,Microsoft Game Studios,0.12,0.11,0.04,0.06,0.33
850,Fury Empires,PS2,2003.0,Racing,THQ,0.17,0.05,0.03,0.08,0.33
851,Fury Fairways: Origins,GB,2003.0,Platform,Ubisoft,0.14,0.15,0.02,0.02,0.33
852,Tales of Destiny,PSP,2010.0,Adventure,Disney Interactive Studios,0.15,0.08,0.08,0.02,0.33
853,Glory Honor,PS4,2019.0,Misc,Ubisoft,0.14,0.12,0.02,0.05,0.33
854,World of Empires: Remastered,SNES,2002.0,Sports,Sega,0.17,0.11,0.02,0.03,0.33
855,Rise of Odyssey: Next Gen,X360,2011.0,Shooter,Bethesda Softworks,0.22,0.05,0.01,0.05,0.33
856,Realm of Titans Gold Edition,Wii,2010.0,Misc,Electronic Arts,0.12,0.08,0.11,0.02,0.33
857,Call of Glory 2,GB,1997.0,Sports,Nintendo,0.14,0.12,0.03,0.04,0.33
858,Legend of Titans,Switch,2018.0,Action,Nintendo,0.07,0.14,0.04,0.08,0.33
859,Battle for Racing Stars: Reborn,3DS,2020.0,Sports,Epic Games,0.18,0.08,0.01,0.06,0.33
860,Fall of Valor: Next Gen,GBA,2007.0,Racing,Warner Bros. Interactive,0.16,0.06,0.08,0.03,0.33
861,Racing Stars Skies: Next Gen,SNES,2004.0,Sports,Warner Bros. Interactive,0.22,0.08,0.0,0.03,0.33
862,Age of Rebellion III,PSV,2017.0,Racing,Capcom,0.15,0.1,0.04,0.04,0.33
863,Heroes Honor: Next Gen,PS3,2008.0,Action,Konami Digital Entertainment,0.18,0.07,0.03,0.05,0.33
864,Dragons Depths Gold Edition,XB,2001.0,Action,Nintendo,0.11,0.09,0.07,0.06,0.33
865,Tales of Rebellion,PS3,2016.0,Strategy,Activision,0.12,0.1,0.04,0.07,0.33
866,Valor Empires,PC,2002.0,Role-Playing,CD Projekt,0.11,0.07,0.14,0.01,0.33
867,Realm of Odyssey III,PC,1998.0,Role-Playing,THQ,0.09,0.06,0.13,0.05,0.33
868,Realm of Skies: Revolution,Wii,2007.0,Racing,Capcom,0.15,0.12,0.02,0.04,0.33
869,Shadow of Skies: Revolution,PS2,2007.0,Misc,Microsoft Game Studios,0.13,0.11,0.06,0.03,0.33
870,Realm of Warriors,PS,1999.0,Fighting,Namco Bandai Games,0.16,0.11,0.04,0.02,0.33
871,Quest for Fairways: Next Gen,Wii,2006.0,Misc,Capcom,0.19,0.08,0.04,0.02,0.33
872,Conquest Gridiron II,Wii,2008.0,Adventure,Epic Games,0.1,0.16,0.03,0.03,0.32
873,Odyssey Legends 3,DS,2013.0,Role-Playing,Capcom,0.18,0.07,0.07,0.0,0.32
874,Kingdom of Destiny: Reborn,3DS,2015.0,Action,Konami Digital Entertainment,0.09,0.16,0.05,0.02,0.32
875,Champions Duty 2,SNES,1994.0,Puzzle,Sony Computer Entertainment,0.12,0.13,0.03,0.04,0.32
876,Storm Skies 3,Switch,2019.0,Action,Sega,0.16,0.07,0.05,0.04,0.32
877,Battle for Honor: Remastered,PS2,2006.0,Adventure,THQ,0.14,0.1,0.05,0.03,0.32
878,Shadow of Depths,DS,2006.0,Platform,CD Projekt,0.06,0.17,0.07,0.02,0.32
879,Age of Frontier: Revolution,DS,2010.0,Platform,Take-Two Interactive,0.12,0.05,0.12,0.03,0.32
880,Champions Duty: Reborn,XOne,2017.0,Platform,Atari,0.15,0.09,0.06,0.02,0.32
881,Kingdom of Rebellion: Next Gen,Wii,2014.0,Racing,Sega,0.18,0.07,0.0,0.07,0.32
882,Fall of Glory: Origins,3DS,2017.0,Action,Epic Games,0.14,0.11,0.04,0.03,0.32
883,Nations Depths Gold Edition,3DS,2013.0,Sports,Atari,0.16,0.09,0.02,0.05,0.32
884,Fall of Legends: Origins,XB,2002.0,Shooter,Activision,0.2,0.07,0.01,0.04,0.32
885,Tales of Arena 2,3DS,2012.0,Adventure,Konami Digital Entertainment,0.08,0.13,0.06,0.05,0.32
886,Fall of Honor III,PS2,2005.0,Fighting,Konami Digital Entertainment,0.08,0.15,0.05,0.04,0.32
887,Kingdom of Duty: Origins,PSV,2017.0,Puzzle,Nintendo,0.22,0.07,0.01,0.02,0.32
888,Chronicles of Dragons III,PS3,2008.0,Fighting,Namco Bandai Games,0.12,0.11,0.05,0.04,0.32
889,Fall of Titans: Remastered,PS2,2004.0,Strategy,Sega,0.15,0.07,0.02,0.08,0.32
890,Storm Nations 2,3DS,2017.0,Sports,Warner Bros. Interactive,0.11,0.09,0.02,0.1,0.32
891,Fall of Depths Gold Edition,PS,1996.0,Shooter,Take-Two Interactive,0.17,0.12,0.0,0.03,0.32
892,Storm Legends: Remastered,SNES,2005.0,Adventure,Epic Games,0.17,0.08,0.03,0.04,0.32
893,Chronicles of Duty II,PSV,2016.0,Simulation,THQ,0.08,0.15,0.05,0.04,0.32
894,Age of Fury 2,PC,2000.0,Platform,Microsoft Game Studios,0.12,0.12,0.02,0.06,0.32
895,Shadow of Odyssey II,GC,2010.0,Action,Sony Computer Entertainment,0.14,0.09,0.04,0.05,0.32
896,Gridiron Valor: Reborn,PS4,2017.0,Role-Playing,Namco Bandai Games,0.11,0.09,0.1,0.02,0.32
897,Fury Shadows,Wii,2015.0,Sports,Ubisoft,0.17,0.08,0.03,0.04,0.32
898,World of Glory: Remastered,GC,2012.0,Action,Microsoft Game Studios,0.09,0.15,0.05,0.03,0.32
899,Heroes Warriors: Next Gen,PS4,2013.0,Platform,CD Projekt,0.13,0.13,0.02,0.04,0.32
900,Duty Depths: Origins,3DS,2013.0,Sports,Nintendo,0.19,0.07,0.04,0.02,0.32
901,Valor Gridiron 2,PC,2000.0,Shooter,Warner Bros. Interactive,0.21,0.05,0.01,0.05,0.32
902,Battle for Legends,3DS,2011.0,Fighting,Square Enix,0.09,0.09,0.03,0.11,0.32
903,Glory Gridiron,Switch,2019.0,Puzzle,Sega,0.14,0.13,0.03,0.02,0.32
904,Empire of Rebellion,GB,2003.0,Sports,Namco Bandai Games,0.14,0.13,0.0,0.05,0.32
905,Quest for Skies: Next Gen,WiiU,2016.0,Adventure,CD Projekt,0.19,0.08,0.01,0.04,0.32
906,Rebellion Racing Stars,PSV,2016.0,Adventure,Atari,0.13,0.07,0.06,0.06,0.32
907,Valor Conquest III,WiiU,2012.0,Puzzle,Epic Games,0.1,0.12,0.07,0.03,0.32
908,Arena Storm: Remastered,PS,2001.0,Platform,Namco Bandai Games,0.17,0.09,0.03,0.03,0.32
909,Quest for Glory: Remastered,X360,2007.0,Adventure,CD Projekt,0.13,0.03,0.04,0.11,0.31
910,Rise of Empires: Origins,PSV,2012.0,Simulation,Epic Games,0.12,0.08,0.06,0.05,0.31
911,Quest for Frontier,GBA,2009.0,Adventure,Activision,0.18,0.08,0.01,0.04,0.31
912,Empire of Empires: Revolution,PSV,2012.0,Role-Playing,Bethesda Softworks,0.11,0.03,0.13,0.04,0.31
913,Glory Odyssey,XB,2001.0,Racing,Take-Two Interactive,0.18,0.07,0.0,0.06,0.31
914,Chronicles of Legends: Origins,Switch,2018.0,Strategy,Disney Interactive Studios,0.14,0.08,0.05,0.04,0.31
915,Empires Arena,GBA,2004.0,Misc,Take-Two Interactive,0.05,0.17,0.06,0.03,0.31
916,Legend of Skies,Switch,2019.0,Action,Microsoft Game Studios,0.18,0.07,0.04,0.02,0.31
917,Skies Frontier 2,X360,2014.0,Adventure,2K Games,0.08,0.08,0.11,0.04,0.31
918,Chronicles of Warriors,Switch,2019.0,Role-Playing,Microsoft Game Studios,0.1,0.02,0.11,0.08,0.31
919,Saga of Fury Gold Edition,PS2,2003.0,Platform,Epic Games,0.15,0.07,0.03,0.06,0.31
920,Conquest Destiny: Revolution,GC,2008.0,Sports,Warner Bros. Interactive,0.15,0.11,0.0,0.05,0.31
921,Rise of Honor 2,PC,1998.0,Shooter,THQ,0.19,0.06,0.01,0.05,0.31
922,Titans Skies 2,SNES,1998.0,Racing,Electronic Arts,0.21,0.07,0.01,0.02,0.31
923,Empire of Fury II,XOne,2020.0,Role-Playing,Nintendo,0.06,0.09,0.15,0.01,0.31
924,Empires Fury: Revolution,PSP,2013.0,Simulation,Microsoft Game Studios,0.16,0.07,0.06,0.02,0.31
925,Legends Heroes: Origins,PSV,2015.0,Platform,Atari,0.16,0.07,0.04,0.04,0.31
926,Age of Shadows: Remastered,WiiU,2015.0,Shooter,Epic Games,0.17,0.04,0.03,0.07,0.31
927,Empires Rebellion 2,Switch,2017.0,Action,Epic Games,0.18,0.09,0.02,0.02,0.31
928,Tales of Skies 3,PSV,2017.0,Shooter,2K Games,0.15,0.11,0.02,0.03,0.31
929,Duty Fairways: Next Gen,GC,2009.0,Sports,Electronic Arts,0.11,0.08,0.01,0.11,0.31
930,Empires Heroes II,PS,1999.0,Sports,Konami Digital Entertainment,0.09,0.17,0.02,0.03,0.31
931,Battle for Conquest II,Switch,2020.0,Racing,Epic Games,0.19,0.05,0.02,0.05,0.31
932,Empire of Conquest Gold Edition,XOne,2014.0,Fighting,CD Projekt,0.12,0.09,0.04,0.06,0.31
933,Shadows Rebellion,PC,2003.0,Racing,THQ,0.2,0.04,0.01,0.06,0.31
934,Kingdom of Storm: Revolution,GB,1997.0,Racing,Bethesda Softworks,0.08,0.14,0.04,0.05,0.31
935,Call of Fairways: Reborn,PS,1999.0,Sports,Namco Bandai Games,0.16,0.12,0.01,0.02,0.31
936,Fury Glory III,SNES,1995.0,Simulation,CD Projekt,0.15,0.12,0.02,0.02,0.31
937,Battle for Destiny,GB,2001.0,Role-Playing,Disney Interactive Studios,0.01,0.09,0.17,0.04,0.31
938,Arena Storm 3,SNES,2003.0,Action,Konami Digital Entertainment,0.13,0.11,0.04,0.03,0.31
939,Frontier Rebellion,X360,2010.0,Shooter,THQ,0.18,0.07,0.01,0.05,0.31
940,Call of Fairways: Origins,Wii,2016.0,Sports,Electronic Arts,0.07,0.15,0.01,0.07,0.3
941,Fall of Rebellion: Next Gen,PS,2005.0,Action,Warner Bros. Interactive,0.12,0.08,0.07,0.03,0.3
942,Chronicles of Nations 2,GBA,2001.0,Shooter,Electronic Arts,0.17,0.09,0.0,0.04,0.3
943,Destiny Empires: Reborn,WiiU,2016.0,Role-Playing,Take-Two Interactive,0.07,0.04,0.18,0.01,0.3
944,Rise of Champions III,Wii,2011.0,Shooter,Activision,0.19,0.05,0.0,0.06,0.3
945,Champions Shadows: Revolution,Switch,2018.0,Racing,CD Projekt,0.16,0.1,0.01,0.03,0.3
946,Fall of Depths,DS,2013.0,Racing,Electronic Arts,0.12,0.07,0.04,0.07,0.3
947,World of Gridiron Gold Edition,PS2,2001.0,Sports,Electronic Arts,0.16,0.08,0.02,0.04,0.3
948,Nations Destiny,PS2,2003.0,Misc,Ubisoft,0.12,0.14,0.02,0.02,0.3
949,Battle for Heroes,PSV,2012.0,Misc,Take-Two Interactive,0.1,0.12,0.04,0.04,0.3
950,Storm Destiny III,PS,1999.0,Misc,Konami Digital Entertainment,0.14,0.14,0.01,0.01,0.3
951,Realm of Titans 3,GB,2000.0,Sports,Take-Two Interactive,0.15,0.06,0.04,0.05,0.3
952,Racing Stars Nations,PS,1998.0,Fighting,Activision,0.1,0.06,0.1,0.04,0.3
953,Kingdom of Fury,PS3,2006.0,Platform,Take-Two Interactive,0.19,0.04,0.04,0.03,0.3
954,Arena Storm: Reborn,X360,2010.0,Sports,Take-Two Interactive,0.18,0.09,0.0,0.03,0.3
955,Champions Conquest: Reborn,PS3,2017.0,Platform,Bethesda Softworks,0.13,0.11,0.04,0.02,0.3
956,Shadow of Skies: Reborn,XB,2009.0,Action,Bethesda Softworks,0.1,0.15,0.01,0.04,0.3
957,Glory Titans,X360,2011.0,Sports,Disney Interactive Studios,0.13,0.09,0.0,0.08,0.3
958,Age of Odyssey: Remastered,DS,2014.0,Strategy,Bethesda Softworks,0.17,0.08,0.02,0.03,0.3
959,Empires Skies III,Wii,2012.0,Action,Atari,0.11,0.12,0.06,0.01,0.3
960,Empires Rebellion: Revolution,3DS,2011.0,Strategy,THQ,0.16,0.05,0.05,0.04,0.3
961,Rise of Gridiron Gold Edition,GC,2009.0,Platform,Nintendo,0.15,0.1,0.01,0.04,0.3
962,Rise of Glory III,PS2,2003.0,Sports,Disney Interactive Studios,0.16,0.06,0.01,0.07,0.3
963,Racing Stars Storm 2,DS,2012.0,Misc,Konami Digital Entertainment,0.1,0.09,0.04,0.07,0.3
964,Realm of Heroes Gold Edition,PSP,2010.0,Misc,THQ,0.1,0.12,0.05,0.03,0.3
965,Conquest Champions 3,GB,2002.0,Racing,THQ,0.14,0.12,0.02,0.02,0.3
966,World of Storm,PS,,Shooter,Sony Computer Entertainment,0.18,0.1,0.0,0.02,0.3
967,Legends Destiny 2,DS,2012.0,Puzzle,Ubisoft,0.18,0.05,0.01,0.06,0.3
968,Call of Duty,DS,2009.0,Fighting,THQ,0.13,0.14,0.02,0.01,0.3
969,Tales of Dragons: Revolution,PS2,2005.0,Action,Bethesda Softworks,0.11,0.11,0.03,0.05,0.3
970,Frontier Fury: Origins,PS4,2015.0,Sports,Sega,0.16,0.09,0.02,0.03,0.3
971,Legend of Heroes: Reborn,DS,2004.0,Adventure,Square Enix,0.13,0.1,0.02,0.05,0.3
972,Duty Glory: Revolution,Switch,2017.0,Platform,Nintendo,0.08,0.12,0.08,0.02,0.3
973,Destiny Titans: Remastered,PS4,2019.0,Action,Square Enix,0.15,0.07,0.06,0.02,0.3
974,Tales of Destiny 2,SNES,2003.0,Platform,2K Games,0.11,0.12,0.04,0.03,0.3
975,Empires Storm: Next Gen,PS3,2013.0,Racing,Electronic Arts,0.17,0.12,0.0,0.01,0.3
976,Conquest Racing Stars Gold Edition,Wii,2006.0,Simulation,Capcom,0.1,0.11,0.04,0.05,0.3
977,Fury Frontier,PSV,2012.0,Sports,Capcom,0.12,0.1,0.03,0.05,0.3
978,Empire of Gridiron,Wii,2013.0,Adventure,CD Projekt,0.14,0.09,0.03,0.04,0.3
979,Honor Skies: Remastered,PS2,,Fighting,Capcom,0.07,0.1,0.1,0.03,0.3
980,Kingdom of Nations 2,Wii,2010.0,Sports,Electronic Arts,0.17,0.07,0.01,0.05,0.3
981,Tales of Legends: Origins,XB,2002.0,Role-Playing,Capcom,0.08,0.04,0.16,0.02,0.3
982,Call of Storm: Reborn,SNES,2005.0,Action,Nintendo,0.14,0.13,0.01,0.02,0.3
983,Kingdom of Empires 3,PC,,Role-Playing,Sega,0.1,0.08,0.11,0.0,0.29
984,Chronicles of Heroes: Origins,Wii,2012.0,Simulation,THQ,0.13,0.09,0.03,0.04,0.29
985,Rise of Arena: Remastered,X360,2009.0,Sports,Konami Digital Entertainment,0.14,0.09,0.0,0.06,0.29
986,Fairways Dragons,GC,2011.0,Simulation,Atari,0.09,0.06,0.07,0.07,0.29
987,Fairways Nations: Revolution,DS,,Adventure,CD Projekt,0.15,0.05,0.08,0.01,0.29
988,Legend of Champions 3,Switch,2017.0,Fighting,Atari,0.15,0.06,0.03,0.05,0.29
989,Frontier Dragons Gold Edition,PSV,2013.0,Platform,Namco Bandai Games,0.13,0.07,0.03,0.06,0.29
990,Legend of Conquest,XB,,Adventure,CD Projekt,0.1,0.11,0.02,0.06,0.29
991,Depths Honor,PS,1999.0,Adventure,Bethesda Softworks,0.1,0.03,0.07,0.09,0.29
992,Chronicles of Odyssey 3,PS2,2006.0,Simulation,Electronic Arts,0.11,0.12,0.02,0.04,0.29
993,Shadow of Honor 3,PS,2004.0,Sports,Disney Interactive Studios,0.19,0.06,0.02,0.02,0.29
994,Shadow of Storm: Remastered,PS2,2003.0,Racing,Sony Computer Entertainment,0.2,0.07,0.0,0.02,0.29
995,Chronicles of Arena: Next Gen,Wii,2009.0,Shooter,Warner Bros. Interactive,0.16,0.04,0.01,0.08,0.29
996,Destiny Skies Gold Edition,PS4,2015.0,Adventure,THQ,0.1,0.11,0.05,0.03,0.29
997,Arena Nations: Revolution,WiiU,2018.0,Shooter,Nintendo,0.19,0.04,0.05,0.01,0.29
998,Realm of Fury,Wii,2015.0,Puzzle,Epic Games,0.07,0.11,0.08,0.03,0.29
999,Rebellion Dragons,PS3,2015.0,Action,Atari,0.13,0.07,0.06,0.03,0.29
1000,Shadow of Glory,SNES,2002.0,Adventure,Capcom,0.14,0.1,0.01,0.04,0.29
1001,Titans Titans,Switch,2018.0,Misc,Sony Computer Entertainment,0.15,0.07,0.06,0.01,0.29
1002,Age of Skies 2,GBA,2001.0,Misc,Ubisoft,0.14,0.07,0.02,0.06,0.29
1003,Battle for Champions II,PSP,2012.0,Role-Playing,CD Projekt,0.04,0.05,0.17,0.03,0.29
1004,Realm of Storm: Revolution,DS,2005.0,Racing,Take-Two Interactive,0.14,0.1,0.01,0.04,0.29
1005,Battle for Conquest,PSP,2011.0,Platform,Electronic Arts,0.17,0.06,0.03,0.03,0.29
1006,Saga of Warriors: Remastered,Wii,2015.0,Adventure,CD Projekt,0.12,0.13,0.02,0.02,0.29
1007,Gridiron Fairways: Reborn,PSV,2016.0,Shooter,Namco Bandai Games,0.13,0.07,0.03,0.06,0.29
1008,Champions Nations 2,DS,2009.0,Adventure,Square Enix,0.17,0.06,0.04,0.02,0.29
1009,Chronicles of Heroes: Reborn,GB,1999.0,Adventure,CD Projekt,0.09,0.16,0.03,0.01,0.29
1010,Heroes Skies: Origins,WiiU,2014.0,Strategy,Capcom,0.15,0.03,0.04,0.07,0.29
1011,Battle for Skies,GB,2001.0,Fighting,Ubisoft,0.17,0.05,0.04,0.02,0.28
1012,Duty Rebellion: Origins,PSV,2011.0,Puzzle,Microsoft Game Studios,0.13,0.07,0.07,0.01,0.28
1013,Kingdom of Conquest: Remastered,Switch,2017.0,Platform,Electronic Arts,0.16,0.07,0.03,0.02,0.28
1014,Titans Nations: Remastered,SNES,2000.0,Racing,Capcom,0.18,0.05,0.01,0.04,0.28
1015,Quest for Dragons: Next Gen,3DS,2013.0,Role-Playing,Konami Digital Entertainment,0.05,0.09,0.08,0.06,0.28
1016,Battle for Storm: Reborn,GBA,2006.0,Platform,Square Enix,0.14,0.06,0.05,0.03,0.28
1017,Conquest Fairways II,DS,2010.0,Action,Bethesda Softworks,0.15,0.07,0.05,0.01,0.28
1018,Shadow of Storm 3,PS3,2008.0,Fighting,Ubisoft,0.14,0.06,0.05,0.03,0.28
1019,Shadow of Gridiron: Revolution,PS,2001.0,Shooter,Electronic Arts,0.18,0.07,0.0,0.03,0.28
1020,Empire of Arena: Origins,PS2,2006.0,Sports,Activision,0.09,0.11,0.02,0.06,0.28
1021,Glory Arena: Next Gen,SNES,1995.0,Role-Playing,CD Projekt,0.07,0.05,0.13,0.03,0.28
1022,Shadow of Nations,WiiU,2019.0,Action,Activision,0.12,0.06,0.06,0.04,0.28
1023,Fury Empires Gold Edition,PC,1998.0,Platform,Epic Games,0.13,0.1,0.01,0.04,0.28
1024,Fall of Legends: Revolution,PC,2003.0,Platform,Capcom,0.14,0.07,0.06,0.01,0.28
1025,Realm of Warriors 2,PC,2001.0,Action,Activision,0.08,0.12,0.05,0.03,0.28
1026,Tales of Frontier: Origins,XOne,2018.0,Strategy,Capcom,0.19,0.06,0.02,0.01,0.28
1027,Arena Skies II,GC,2005.0,Fighting,Sony Computer Entertainment,0.11,0.09,0.03,0.05,0.28
1028,Fall of Legends: Revolution,DS,2012.0,Racing,Microsoft Game Studios,0.13,0.04,0.06,0.05,0.28
1029,Frontier Fairways: Next Gen,X360,2016.0,Role-Playing,Disney Interactive Studios,0.07,0.1,0.1,0.01,0.28
1030,Honor Titans: Remastered,Switch,2019.0,Adventure,Namco Bandai Games,0.07,0.12,0.06,0.03,0.28
1031,Legend of Storm: Revolution,Wii,2009.0,Shooter,Take-Two Interactive,0.19,0.04,0.0,0.05,0.28
1032,Fall of Honor 3,GB,2004.0,Action,Bethesda Softworks,0.12,0.09,0.03,0.04,0.28
1033,Frontier Glory,PS3,2011.0,Role-Playing,Disney Interactive Studios,0.06,0.05,0.16,0.01,0.28
1034,World of Depths: Reborn,DS,2014.0,Racing,THQ,0.12,0.11,0.02,0.03,0.28
1035,Frontier Shadows II,PS3,2017.0,Shooter,Capcom,0.1,0.08,0.02,0.08,0.28
1036,Empires Odyssey: Remastered,PS3,2016.0,Role-Playing,CD Projekt,0.07,0.03,0.11,0.07,0.28
1037,Duty Frontier: Origins,Switch,2019.0,Shooter,Sony Computer Entertainment,0.14,0.05,0.03,0.06,0.28
1038,Storm Rebellion 2,XOne,2017.0,Role-Playing,Electronic Arts,0.06,0.05,0.12,0.05,0.28
1039,Shadow of Legends: Origins,PC,2000.0,Platform,Nintendo,0.09,0.1,0.06,0.03,0.28
1040,Call of Rebellion,N64,2005.0,Racing,THQ,0.22,0.04,0.0,0.02,0.28
1041,Legend of Conquest 3,X360,2010.0,Role-Playing,CD Projekt,0.08,0.05,0.14,0.01,0.28
1042,Fall of Fury Gold Edition,XOne,2014.0,Simulation,2K Games,0.14,0.06,0.05,0.03,0.28
1043,Saga of Valor: Next Gen,XB,2008.0,Platform,Sega,0.11,0.12,0.03,0.02,0.28
1044,Frontier Skies: Origins,DS,,Platform,Capcom,0.13,0.04,0.02,0.09,0.28
1045,Odyssey Fairways II,GBA,2004.0,Action,Epic Games,0.12,0.11,0.03,0.02,0.28
1046,Rebellion Champions: Origins,XOne,2020.0,Simulation,Disney Interactive Studios,0.1,0.1,0.06,0.02,0.28
1047,Fury Rebellion III,SNES,2002.0,Simulation,Sony Computer Entertainment,0.14,0.08,0.04,0.02,0.28
1048,Empires Fury III,PS4,2013.0,Racing,Microsoft Game Studios,0.16,0.08,0.0,0.04,0.28
1049,World of Storm: Remastered,Wii,2016.0,Sports,Microsoft Game Studios,0.1,0.11,0.02,0.05,0.28
1050,Empire of Empires 2,Switch,2018.0,Platform,Microsoft Game Studios,0.16,0.04,0.04,0.04,0.28
1051,Duty Valor,XB,2008.0,Platform,Nintendo,0.08,0.11,0.07,0.02,0.28
1052,Age of Empires III,PS3,2010.0,Puzzle,Ubisoft,0.06,0.1,0.07,0.05,0.28
1053,Empires Nations,SNES,2005.0,Role-Playing,Microsoft Game Studios,0.1,0.05,0.1,0.03,0.28
1054,Call of Warriors 2,GBA,2003.0,Platform,Namco Bandai Games,0.16,0.08,0.02,0.02,0.28
1055,Quest for Conquest III,XB,2002.0,Fighting,Konami Digital Entertainment,0.11,0.13,0.02,0.02,0.28
1056,Odyssey Destiny,WiiU,2017.0,Sports,Sega,0.11,0.13,0.0,0.04,0.28
1057,Kingdom of Glory: Next Gen,WiiU,2016.0,Platform,Take-Two Interactive,0.1,0.07,0.08,0.03,0.28
1058,Legend of Shadows 3,WiiU,2014.0,Role-Playing,2K Games,0.01,0.06,0.15,0.06,0.28
1059,Quest for Nations: Next Gen,XOne,2015.0,Strategy,Warner Bros. Interactive,0.15,0.08,0.03,0.02,0.28
1060,Saga of Glory,PC,1995.0,Shooter,Warner Bros. Interactive,0.13,0.1,0.0,0.05,0.28
1061,Realm of Fairways 2,GB,1996.0,Shooter,Electronic Arts,0.14,0.08,0.0,0.06,0.28
1062,Kingdom of Fairways,XOne,2018.0,Fighting,Konami Digital Entertainment,0.13,0.05,0.01,0.08,0.27
1063,Saga of Gridiron: Reborn,X360,2013.0,Shooter,2K Games,0.19,0.04,0.02,0.02,0.27
1064,Glory Conquest: Revolution,PS3,2007.0,Shooter,Activision,0.16,0.05,0.01,0.05,0.27
1065,Legend of Rebellion Gold Edition,N64,2007.0,Role-Playing,Take-Two Interactive,0.11,0.02,0.11,0.03,0.27
1066,Gridiron Racing Stars,PS,2007.0,Platform,Nintendo,0.1,0.07,0.05,0.05,0.27
1067,Call of Honor: Remastered,Switch,2018.0,Misc,THQ,0.13,0.06,0.06,0.02,0.27
1068,Tales of Destiny,X360,2011.0,Racing,Activision,0.13,0.07,0.01,0.06,0.27
1069,Saga of Fairways: Remastered,PC,2000.0,Misc,Sony Computer Entertainment,0.16,0.06,0.02,0.03,0.27
1070,Fall of Glory: Next Gen,PS,2004.0,Action,Bethesda Softworks,0.1,0.08,0.07,0.02,0.27
1071,Call of Honor,PS4,2016.0,Strategy,Konami Digital Entertainment,0.12,0.07,0.05,0.03,0.27
1072,Titans Conquest: Reborn,SNES,2000.0,Racing,Activision,0.2,0.05,0.0,0.02,0.27
1073,Heroes Titans Gold Edition,SNES,2003.0,Simulation,Take-Two Interactive,0.14,0.05,0.06,0.02,0.27
1074,Kingdom of Skies: Reborn,WiiU,2019.0,Role-Playing,Namco Bandai Games,0.04,0.1,0.06,0.07,0.27
1075,Duty Storm: Reborn,N64,1998.0,Strategy,Microsoft Game Studios,0.1,0.07,0.06,0.04,0.27
1076,Depths Fury: Origins,PS3,2006.0,Role-Playing,Bethesda Softworks,0.14,0.03,0.09,0.01,0.27
1077,Kingdom of Valor: Reborn,PS4,2017.0,Misc,THQ,0.2,0.04,0.01,0.02,0.27
1078,Saga of Heroes,GC,2013.0,Role-Playing,Disney Interactive Studios,0.12,0.08,0.06,0.01,0.27
1079,Heroes Fairways: Reborn,3DS,2019.0,Platform,Nintendo,0.15,0.06,0.01,0.05,0.27
1080,World of Glory: Next Gen,X360,2016.0,Simulation,Disney Interactive Studios,0.09,0.08,0.02,0.08,0.27
1081,Titans Nations III,PS2,2002.0,Strategy,THQ,0.11,0.11,0.02,0.03,0.27
1082,Titans Depths II,PSP,2005.0,Action,Nintendo,0.07,0.05,0.06,0.09,0.27
1083,Racing Stars Fairways II,N64,2007.0,Misc,Capcom,0.12,0.09,0.01,0.05,0.27
1084,Tales of Depths: Remastered,PS3,2012.0,Action,Bethesda Softworks,0.11,0.05,0.06,0.05,0.27
1085,Empire of Glory 2,3DS,2018.0,Role-Playing,Sony Computer Entertainment,0.07,0.09,0.09,0.02,0.27
1086,Age of Arena,PS,2003.0,Role-Playing,CD Projekt,0.06,0.04,0.1,0.07,0.27
1087,Legend of Honor II,PS2,2005.0,Sports,Take-Two Interactive,0.14,0.1,0.0,0.03,0.27
1088,Realm of Champions 3,SNES,2001.0,Simulation,Warner Bros. Interactive,0.07,0.12,0.02,0.06,0.27
1089,Legend of Heroes Gold Edition,X360,2012.0,Shooter,Nintendo,0.12,0.08,0.0,0.07,0.27
1090,Fury Depths III,GB,2001.0,Role-Playing,Bethesda Softworks,0.1,0.06,0.1,0.01,0.27
1091,Fairways Shadows: Origins,PS2,2008.0,Sports,Epic Games,0.12,0.08,0.01,0.06,0.27
1092,Titans Storm 2,PS2,2000.0,Racing,Ubisoft,0.17,0.05,0.0,0.05,0.27
1093,Empires Destiny 3,PS4,2020.0,Sports,Sony Computer Entertainment,0.17,0.05,0.01,0.04,0.27
1094,Quest for Conquest: Reborn,PS3,2011.0,Fighting,Namco Bandai Games,0.09,0.16,0.01,0.01,0.27
1095,Shadow of Heroes,XOne,2013.0,Role-Playing,Take-Two Interactive,0.08,0.09,0.07,0.03,0.27
1096,Honor Skies: Reborn,X360,2010.0,Action,Epic Games,0.03,0.14,0.07,0.03,0.27
1097,Legend of Fury: Origins,3DS,2020.0,Sports,Electronic Arts,0.14,0.09,0.02,0.02,0.27
1098,Shadow of Warriors III,XB,2002.0,Fighting,Take-Two Interactive,0.11,0.08,0.04,0.04,0.27
1099,Kingdom of Racing Stars 2,X360,2014.0,Misc,Capcom,0.07,0.14,0.04,0.02,0.27
1100,Call of Destiny,PS4,2014.0,Platform,Microsoft Game Studios,0.12,0.08,0.04,0.03,0.27
1101,Gridiron Rebellion Gold Edition,GBA,2009.0,Action,Sega,0.15,0.09,0.02,0.01,0.27
1102,Warriors Storm: Revolution,3DS,2014.0,Platform,Konami Digital Entertainment,0.11,0.06,0.03,0.07,0.27
1103,Dragons Conquest III,PC,2002.0,Shooter,Ubisoft,0.13,0.04,0.01,0.09,0.27
1104,Valor Skies: Next Gen,PSP,2007.0,Shooter,THQ,0.18,0.07,0.0,0.02,0.27
1105,Call of Titans: Reborn,PS4,2018.0,Adventure,Square Enix,0.11,0.1,0.03,0.03,0.27
1106,Dragons Destiny,3DS,2018.0,Racing,Microsoft Game Studios,0.08,0.1,0.01,0.08,0.27
1107,Fall of Storm: Remastered,PS2,2006.0,Puzzle,Epic Games,0.08,0.04,0.07,0.08,0.27
1108,Tales of Empires,PS2,2003.0,Simulation,Atari,0.13,0.04,0.08,0.02,0.27
1109,World of Fairways,PS4,2016.0,Shooter,Sony Computer Entertainment,0.14,0.07,0.0,0.05,0.26
1110,Skies Glory II,Wii,2015.0,Role-Playing,Microsoft Game Studios,0.06,0.09,0.09,0.02,0.26
1111,Fall of Rebellion: Revolution,PC,2001.0,Sports,Sony Computer Entertainment,0.1,0.1,0.01,0.05,0.26
1112,Shadow of Nations: Remastered,Wii,2016.0,Adventure,Sega,0.09,0.1,0.03,0.04,0.26
1113,Glory Depths: Next Gen,PS4,2016.0,Strategy,Sega,0.08,0.05,0.07,0.06,0.26
1114,Battle for Storm II,GB,1996.0,Action,Bethesda Softworks,0.08,0.14,0.02,0.02,0.26
1115,Tales of Warriors Gold Edition,XOne,2013.0,Misc,CD Projekt,0.09,0.11,0.03,0.03,0.26
1116,Quest for Rebellion,DS,2008.0,Racing,Electronic Arts,0.09,0.1,0.01,0.06,0.26
1117,Rise of Champions,PSV,2015.0,Fighting,Electronic Arts,0.13,0.05,0.05,0.03,0.26
1118,Call of Frontier III,3DS,2013.0,Role-Playing,Microsoft Game Studios,0.08,0.04,0.12,0.02,0.26
1119,Quest for Odyssey,N64,1996.0,Fighting,Activision,0.05,0.13,0.04,0.04,0.26
1120,Frontier Honor: Origins,X360,2008.0,Adventure,THQ,0.11,0.09,0.03,0.03,0.26
1121,Call of Empires,X360,2015.0,Action,Konami Digital Entertainment,0.11,0.07,0.06,0.02,0.26
1122,Rebellion Odyssey II,3DS,2012.0,Simulation,Electronic Arts,0.1,0.09,0.03,0.04,0.26
1123,Fury Odyssey,PC,1997.0,Simulation,Bethesda Softworks,0.06,0.06,0.04,0.1,0.26
1124,Chronicles of Arena II,X360,2014.0,Action,Bethesda Softworks,0.12,0.09,0.03,0.02,0.26
1125,World of Racing Stars II,PSP,2005.0,Role-Playing,Square Enix,0.08,0.06,0.1,0.02,0.26
1126,Rebellion Glory II,SNES,2005.0,Adventure,Epic Games,0.06,0.11,0.04,0.05,0.26
1127,Saga of Nations,WiiU,2019.0,Role-Playing,Square Enix,0.08,0.02,0.14,0.02,0.26
1128,Call of Frontier III,PC,2001.0,Sports,Namco Bandai Games,0.14,0.08,0.0,0.04,0.26
1129,Heroes Glory: Remastered,GBA,2007.0,Action,Ubisoft,0.15,0.07,0.02,0.02,0.26
1130,Gridiron Honor: Revolution,PSP,2010.0,Adventure,Namco Bandai Games,0.13,0.08,0.01,0.04,0.26
1131,Destiny Valor 3,PS4,2016.0,Fighting,Electronic Arts,0.07,0.11,0.03,0.05,0.26
1132,Saga of Storm: Revolution,GB,2004.0,Fighting,Epic Games,0.06,0.08,0.06,0.06,0.26
1133,Racing Stars Fairways: Revolution,Wii,2015.0,Adventure,Square Enix,0.11,0.07,0.03,0.05,0.26
1134,Arena Warriors III,X360,2007.0,Strategy,Sega,0.1,0.12,0.01,0.03,0.26
1135,Titans Heroes 3,WiiU,2014.0,Platform,Warner Bros. Interactive,0.11,0.08,0.06,0.01,0.26
1136,Glory Storm,Wii,2010.0,Racing,Epic Games,0.17,0.06,0.01,0.02,0.26
1137,Depths Rebellion,X360,2010.0,Platform,Sony Computer Entertainment,0.09,0.07,0.07,0.03,0.26
1138,Fall of Fairways II,Wii,2013.0,Strategy,Activision,0.14,0.1,0.01,0.01,0.26
1139,Quest for Dragons: Next Gen,PSP,2012.0,Racing,Sony Computer Entertainment,0.11,0.07,0.0,0.08,0.26
1140,World of Empires: Origins,3DS,2018.0,Sports,Konami Digital Entertainment,0.12,0.07,0.01,0.06,0.26
1141,Empires Rebellion II,DS,2014.0,Adventure,Sega,0.09,0.07,0.04,0.06,0.26
1142,Heroes Racing Stars 3,Wii,2010.0,Puzzle,Bethesda Softworks,0.11,0.12,0.01,0.02,0.26
1143,Conquest Heroes: Next Gen,X360,2007.0,Role-Playing,2K Games,0.08,0.1,0.07,0.01,0.26
1144,World of Rebellion 3,XOne,2019.0,Shooter,Disney Interactive Studios,0.16,0.07,0.0,0.03,0.26
1145,Honor Rebellion: Origins,PSP,2008.0,Adventure,2K Games,0.08,0.07,0.05,0.06,0.26
1146,Saga of Duty,PS4,2016.0,Fighting,2K Games,0.11,0.1,0.02,0.03,0.26
1147,Fury Depths,WiiU,2019.0,Fighting,Ubisoft,0.06,0.08,0.05,0.07,0.26
1148,Duty Depths 3,GBA,2005.0,Fighting,Konami Digital Entertainment,0.12,0.07,0.04,0.03,0.26
1149,Tales of Frontier III,PS3,2007.0,Role-Playing,Sega,0.03,0.09,0.08,0.06,0.26
1150,Age of Valor: Next Gen,PSV,2018.0,Adventure,Bethesda Softworks,0.15,0.09,0.01,0.01,0.26
1151,Chronicles of Racing Stars: Next Gen,PC,,Role-Playing,Square Enix,0.07,0.05,0.12,0.02,0.26
1152,Age of Titans,SNES,2003.0,Racing,Capcom,0.13,0.08,0.01,0.04,0.26
1153,Dragons Duty: Origins,N64,1997.0,Fighting,Namco Bandai Games,0.13,0.03,0.07,0.03,0.26
1154,Tales of Storm: Reborn,GBA,2006.0,Misc,Namco Bandai Games,0.08,0.05,0.08,0.05,0.26
1155,Chronicles of Titans: Origins,Wii,2008.0,Puzzle,Ubisoft,0.06,0.11,0.06,0.03,0.26
1156,Racing Stars Valor,WiiU,2014.0,Racing,THQ,0.14,0.09,0.02,0.01,0.26
1157,Arena Gridiron II,PS3,2012.0,Action,Bethesda Softworks,0.05,0.14,0.07,0.0,0.26
1158,Realm of Duty: Remastered,XB,2003.0,Role-Playing,2K Games,0.04,0.11,0.09,0.02,0.26
1159,Fury Honor,X360,2009.0,Simulation,2K Games,0.11,0.1,0.02,0.03,0.26
1160,Titans Arena II,PSV,2020.0,Sports,Epic Games,0.12,0.11,0.01,0.02,0.26
1161,Call of Duty: Revolution,XOne,2014.0,Action,Konami Digital Entertainment,0.16,0.07,0.02,0.01,0.26
1162,Realm of Depths: Reborn,XOne,2017.0,Role-Playing,Capcom,0.05,0.09,0.09,0.03,0.26
1163,Quest for Fairways III,PS3,2016.0,Fighting,Microsoft Game Studios,0.04,0.1,0.06,0.06,0.26
1164,Battle for Dragons III,XOne,2016.0,Strategy,2K Games,0.1,0.12,0.02,0.02,0.26
1165,Age of Duty: Origins,PS2,2000.0,Shooter,Disney Interactive Studios,0.12,0.05,0.04,0.04,0.25
1166,Chronicles of Shadows II,GBA,2005.0,Action,Sega,0.13,0.07,0.03,0.02,0.25
1167,Chronicles of Honor II,PS2,2008.0,Strategy,THQ,0.03,0.12,0.04,0.06,0.25
1168,Empire of Storm,3DS,2011.0,Fighting,Konami Digital Entertainment,0.14,0.06,0.03,0.02,0.25
1169,Realm of Honor 2,GB,2002.0,Racing,Electronic Arts,0.15,0.07,0.01,0.02,0.25
1170,World of Conquest,PS2,2002.0,Action,Microsoft Game Studios,0.12,0.09,0.01,0.03,0.25
1171,Kingdom of Rebellion 3,PSV,2013.0,Platform,Konami Digital Entertainment,0.11,0.05,0.06,0.03,0.25
1172,Legends Fury 2,XOne,2015.0,Action,Bethesda Softworks,0.11,0.07,0.05,0.02,0.25
1173,Racing Stars Gridiron 2,PS3,2006.0,Racing,Take-Two Interactive,0.1,0.03,0.04,0.08,0.25
1174,Fury Heroes: Remastered,GB,2002.0,Misc,Atari,0.11,0.08,0.02,0.04,0.25
1175,Quest for Skies 3,PS,2006.0,Shooter,Electronic Arts,0.1,0.12,0.0,0.03,0.25
1176,Empires Rebellion 3,XB,2002.0,Role-Playing,Sony Computer Entertainment,0.06,0.04,0.14,0.01,0.25
1177,Destiny Fury,XOne,2020.0,Sports,Konami Digital Entertainment,0.1,0.09,0.04,0.02,0.25
1178,Call of Fairways,GBA,2005.0,Platform,2K Games,0.15,0.06,0.01,0.03,0.25
1179,Call of Shadows Gold Edition,Wii,2014.0,Action,Ubisoft,0.11,0.08,0.05,0.01,0.25
1180,Fall of Honor: Reborn,3DS,2011.0,Fighting,Nintendo,0.08,0.07,0.04,0.06,0.25
1181,Quest for Gridiron,DS,2012.0,Strategy,Square Enix,0.09,0.07,0.03,0.06,0.25
1182,Kingdom of Destiny 2,Wii,2016.0,Puzzle,Sony Computer Entertainment,0.1,0.09,0.05,0.01,0.25
1183,Rebellion Arena III,PS3,2013.0,Role-Playing,CD Projekt,0.05,0.04,0.12,0.04,0.25
1184,Battle for Arena III,GC,2012.0,Misc,Capcom,0.12,0.08,0.02,0.03,0.25
1185,Saga of Honor 2,PS3,2012.0,Racing,THQ,0.13,0.09,0.0,0.03,0.25
1186,Kingdom of Legends,PS2,2004.0,Misc,Nintendo,0.12,0.07,0.04,0.02,0.25
1187,Rise of Champions: Remastered,XOne,2017.0,Platform,CD Projekt,0.09,0.08,0.05,0.03,0.25
1188,Tales of Arena,DS,2004.0,Action,2K Games,0.04,0.14,0.05,0.02,0.25
1189,Chronicles of Empires,X360,2016.0,Puzzle,Namco Bandai Games,0.15,0.05,0.02,0.03,0.25
1190,Quest for Legends,XB,2004.0,Platform,Epic Games,0.08,0.07,0.07,0.03,0.25
1191,Shadow of Heroes,PS2,2008.0,Sports,Warner Bros. Interactive,0.1,0.08,0.04,0.03,0.25
1192,Fall of Titans II,PS3,2011.0,Misc,Microsoft Game Studios,0.08,0.11,0.02,0.04,0.25
1193,Empires Titans,PS,2008.0,Fighting,Konami Digital Entertainment,0.1,0.06,0.07,0.02,0.25
1194,Empire of Rebellion Gold Edition,GC,2005.0,Action,Namco Bandai Games,0.09,0.11,0.03,0.02,0.25
1195,Realm of Glory,XB,2004.0,Racing,CD Projekt,0.13,0.06,0.03,0.03,0.25
1196,Arena Odyssey: Next Gen,SNES,1995.0,Racing,Namco Bandai Games,0.14,0.09,0.01,0.01,0.25
1197,Empire of Dragons,PS,1999.0,Role-Playing,Bethesda Softworks,0.06,0.04,0.12,0.03,0.25
1198,Tales of Champions: Origins,PSP,2006.0,Shooter,Sega,0.06,0.13,0.01,0.05,0.25
1199,Valor Fury: Origins,SNES,2006.0,Sports,Nintendo,0.1,0.1,0.01,0.04,0.25
1200,Empires Depths: Reborn,PS3,2010.0,Role-Playing,Electronic Arts,0.04,0.05,0.15,0.01,0.25
1201,Quest for Conquest 3,XOne,2013.0,Strategy,Namco Bandai Games,0.14,0.08,0.02,0.01,0.25
1202,Empire of Warriors 2,PSP,2005.0,Adventure,Sony Computer Entertainment,0.11,0.09,0.03,0.02,0.25
1203,Rebellion Rebellion: Reborn,PS2,2007.0,Puzzle,Konami Digital Entertainment,0.06,0.14,0.04,0.01,0.25
1204,Saga of Racing Stars: Origins,Switch,2017.0,Fighting,Namco Bandai Games,0.15,0.04,0.02,0.04,0.25
1205,Honor Odyssey,Wii,2016.0,Simulation,Microsoft Game Studios,0.15,0.06,0.03,0.01,0.25
1206,Glory Nations,XOne,2018.0,Puzzle,Microsoft Game Studios,0.12,0.04,0.06,0.03,0.25
1207,World of Conquest II,N64,2008.0,Misc,Ubisoft,0.12,0.08,0.02,0.03,0.25
1208,Storm Destiny 3,PS4,2013.0,Fighting,Activision,0.12,0.07,0.04,0.02,0.25
1209,Tales of Duty: Reborn,GC,2013.0,Racing,Take-Two Interactive,0.13,0.08,0.01,0.03,0.25
1210,Skies Depths,PSV,2014.0,Shooter,Activision,0.15,0.04,0.01,0.05,0.25
1211,Quest for Honor Gold Edition,PSV,2012.0,Puzzle,CD Projekt,0.15,0.07,0.01,0.02,0.25
1212,Empires Titans,PS4,2019.0,Platform,2K Games,0.12,0.03,0.05,0.05,0.25
1213,Rebellion Dragons 2,PS4,2018.0,Puzzle,2K Games,0.09,0.1,0.03,0.03,0.25
1214,Storm Shadows 2,DS,2009.0,Strategy,Capcom,0.12,0.05,0.05,0.02,0.24
1215,Legend of Shadows II,SNES,2000.0,Action,Disney Interactive Studios,0.06,0.09,0.05,0.04,0.24
1216,Call of Fairways: Next Gen,GC,2002.0,Sports,Electronic Arts,0.15,0.05,0.01,0.03,0.24
1217,Titans Fury,3DS,2020.0,Platform,Namco Bandai Games,0.1,0.07,0.02,0.05,0.24
1218,Fury Champions III,PS3,2006.0,Adventure,Take-Two Interactive,0.14,0.07,0.02,0.01,0.24
1219,Empires Nations: Revolution,GC,2013.0,Shooter,2K Games,0.11,0.07,0.01,0.05,0.24
1220,Realm of Fury 2,PS3,2011.0,Simulation,Epic Games,0.09,0.06,0.07,0.02,0.24
1221,Gridiron Glory: Remastered,PSP,2009.0,Racing,Take-Two Interactive,0.14,0.05,0.02,0.03,0.24
1222,Titans Heroes: Reborn,GBA,2005.0,Racing,Disney Interactive Studios,0.14,0.05,0.01,0.04,0.24
1223,Chronicles of Racing Stars,PS2,2000.0,Puzzle,Namco Bandai Games,0.12,0.07,0.03,0.02,0.24
1224,Shadow of Titans,PS2,2002.0,Adventure,Sony Computer Entertainment,0.08,0.09,0.04,0.03,0.24
1225,Fall of Destiny,PSP,2008.0,Sports,Activision,0.15,0.04,0.0,0.05,0.24
1226,Kingdom of Honor,PSV,2017.0,Action,Atari,0.09,0.09,0.01,0.05,0.24
1227,Depths Arena,Wii,2013.0,Sports,Konami Digital Entertainment,0.05,0.17,0.0,0.02,0.24
1228,Empire of Gridiron: Reborn,GBA,2003.0,Role-Playing,Bethesda Softworks,0.04,0.03,0.12,0.05,0.24
1229,Honor Odyssey,Wii,2016.0,Shooter,Namco Bandai Games,0.08,0.14,0.0,0.02,0.24
1230,Shadow of Valor III,XB,2006.0,Misc,THQ,0.13,0.06,0.03,0.02,0.24
1231,Tales of Glory III,Wii,2013.0,Shooter,Warner Bros. Interactive,0.14,0.06,0.0,0.04,0.24
1232,Battle for Gridiron: Reborn,PS4,2013.0,Puzzle,Capcom,0.09,0.09,0.03,0.03,0.24
1233,Saga of Empires: Reborn,PS4,2019.0,Action,Square Enix,0.1,0.09,0.03,0.02,0.24
1234,World of Heroes: Next Gen,GC,2006.0,Strategy,Capcom,0.1,0.07,0.03,0.04,0.24
1235,Shadow of Nations: Revolution,Switch,2017.0,Action,Ubisoft,0.02,0.14,0.03,0.05,0.24
1236,Empire of Honor,Wii,2012.0,Fighting,Take-Two Interactive,0.11,0.09,0.02,0.02,0.24
1237,Empires Honor 2,DS,2007.0,Action,Capcom,0.12,0.08,0.02,0.02,0.24
1238,Empire of Warriors III,PS,2001.0,Racing,Bethesda Softworks,0.13,0.09,0.01,0.01,0.24
1239,Nations Heroes II,WiiU,2014.0,Fighting,THQ,0.11,0.05,0.01,0.07,0.24
1240,Skies Gridiron,Wii,2016.0,Action,Microsoft Game Studios,0.08,0.11,0.04,0.01,0.24
1241,Fairways Titans Gold Edition,PS4,2015.0,Role-Playing,Bethesda Softworks,0.09,0.06,0.07,0.02,0.24
1242,Battle for Storm,SNES,2006.0,Platform,Ubisoft,0.07,0.11,0.03,0.03,0.24
1243,Battle for Warriors,PC,2001.0,Sports,Disney Interactive Studios,0.14,0.06,0.01,0.03,0.24
1244,Valor Legends: Revolution,Wii,2006.0,Puzzle,Warner Bros. Interactive,0.09,0.1,0.02,0.03,0.24
1245,Legends Nations,Switch,2017.0,Platform,2K Games,0.08,0.1,0.01,0.05,0.24
1246,Heroes Storm,3DS,2017.0,Sports,Microsoft Game Studios,0.15,0.05,0.0,0.04,0.24
1247,Saga of Gridiron: Revolution,Wii,2011.0,Misc,Take-Two Interactive,0.08,0.1,0.01,0.05,0.24
1248,Legends Frontier 2,PC,1999.0,Simulation,Warner Bros. Interactive,0.16,0.05,0.02,0.01,0.24
1249,Odyssey Heroes 3,PS3,2006.0,Puzzle,Warner Bros. Interactive,0.09,0.09,0.04,0.02,0.24
1250,Shadow of Dragons: Origins,GC,2012.0,Action,Bethesda Softworks,0.13,0.07,0.02,0.02,0.24
1251,Tales of Conquest: Remastered,DS,2010.0,Simulation,Sega,0.09,0.08,0.06,0.01,0.24
1252,Fall of Empires 2,3DS,2014.0,Sports,Konami Digital Entertainment,0.11,0.07,0.02,0.04,0.24
1253,Valor Honor 3,PC,1995.0,Racing,Konami Digital Entertainment,0.12,0.09,0.02,0.01,0.24
1254,Arena Champions 2,PS4,2015.0,Puzzle,Nintendo,0.06,0.13,0.04,0.01,0.24
1255,World of Heroes: Revolution,N64,2003.0,Strategy,2K Games,0.12,0.05,0.06,0.01,0.24
1256,Arena Fury: Remastered,XOne,2014.0,Action,2K Games,0.11,0.06,0.06,0.01,0.24
1257,World of Storm: Next Gen,WiiU,2013.0,Sports,Electronic Arts,0.1,0.09,0.01,0.04,0.24
1258,Arena Empires III,PSP,2011.0,Platform,Sony Computer Entertainment,0.12,0.06,0.04,0.02,0.24
1259,Age of Storm III,PS3,2012.0,Fighting,Namco Bandai Games,0.13,0.05,0.05,0.01,0.24
1260,Call of Heroes Gold Edition,DS,2013.0,Shooter,Microsoft Game Studios,0.08,0.11,0.03,0.02,0.24
1261,Titans Legends II,GBA,2008.0,Role-Playing,Bethesda Softworks,0.06,0.04,0.11,0.03,0.24
1262,Quest for Fury Gold Edition,PC,2002.0,Adventure,Sony Computer Entertainment,0.13,0.05,0.05,0.01,0.24
1263,Chronicles of Skies Gold Edition,DS,2012.0,Puzzle,Microsoft Game Studios,0.07,0.09,0.04,0.04,0.24
1264,Kingdom of Empires III,PS3,2009.0,Sports,THQ,0.13,0.08,0.0,0.03,0.24
1265,Duty Champions,PC,1996.0,Misc,2K Games,0.07,0.1,0.05,0.02,0.24
1266,Arena Gridiron 3,PS3,2012.0,Fighting,Capcom,0.11,0.1,0.02,0.01,0.24
1267,Shadow of Honor: Revolution,GB,1999.0,Adventure,Capcom,0.1,0.06,0.04,0.03,0.23
1268,Rise of Glory,PS3,2010.0,Action,THQ,0.09,0.04,0.02,0.08,0.23
1269,Shadow of Honor II,PC,2001.0,Shooter,Disney Interactive Studios,0.15,0.05,0.0,0.03,0.23
1270,Legends Shadows Gold Edition,N64,2001.0,Sports,2K Games,0.12,0.06,0.01,0.04,0.23
1271,Rise of Frontier Gold Edition,GB,2006.0,Adventure,Square Enix,0.08,0.05,0.06,0.04,0.23
1272,Gridiron Arena: Reborn,PS2,2002.0,Role-Playing,Sony Computer Entertainment,0.08,0.05,0.04,0.06,0.23
1273,Glory Titans III,PS3,2009.0,Misc,THQ,0.09,0.07,0.04,0.03,0.23
1274,Empire of Dragons II,Wii,2013.0,Adventure,CD Projekt,0.02,0.12,0.06,0.03,0.23
1275,Realm of Frontier 2,Switch,2018.0,Racing,Atari,0.12,0.08,0.0,0.03,0.23
1276,Nations Racing Stars II,N64,2006.0,Action,Bethesda Softworks,0.13,0.06,0.01,0.03,0.23
1277,Valor Heroes: Next Gen,XOne,2016.0,Racing,2K Games,0.09,0.04,0.02,0.08,0.23
1278,Arena Skies,PSV,2020.0,Shooter,Sony Computer Entertainment,0.07,0.09,0.01,0.06,0.23
1279,Racing Stars Warriors Gold Edition,PC,2001.0,Sports,Microsoft Game Studios,0.09,0.07,0.01,0.06,0.23
1280,Empire of Heroes,N64,2006.0,Shooter,Ubisoft,0.12,0.06,0.04,0.01,0.23
1281,Dragons Arena Gold Edition,SNES,2003.0,Fighting,Activision,0.12,0.07,0.01,0.03,0.23
1282,Rise of Empires: Next Gen,SNES,2004.0,Action,THQ,0.12,0.05,0.03,0.03,0.23
1283,Legends Warriors,SNES,2002.0,Action,Microsoft Game Studios,0.09,0.05,0.02,0.07,0.23
1284,Destiny Racing Stars: Remastered,DS,2004.0,Puzzle,Warner Bros. Interactive,0.1,0.07,0.04,0.02,0.23
1285,Odyssey Champions II,PSV,2015.0,Shooter,Warner Bros. Interactive,0.13,0.06,0.01,0.03,0.23
1286,World of Racing Stars II,GBA,2004.0,Sports,Electronic Arts,0.1,0.1,0.01,0.02,0.23
1287,Saga of Warriors: Next Gen,X360,2014.0,Sports,Nintendo,0.07,0.13,0.0,0.03,0.23
1288,Valor Skies Gold Edition,N64,2008.0,Platform,Bethesda Softworks,0.14,0.06,0.02,0.01,0.23
1289,Valor Glory,XB,2004.0,Puzzle,Square Enix,0.12,0.06,0.02,0.03,0.23
1290,Depths Legends,SNES,1994.0,Role-Playing,Square Enix,0.08,0.05,0.1,0.0,0.23
1291,Fury Honor: Revolution,Switch,2019.0,Action,Microsoft Game Studios,0.08,0.09,0.03,0.03,0.23
1292,Age of Champions: Origins,X360,2007.0,Platform,Take-Two Interactive,0.09,0.09,0.04,0.01,0.23
1293,Destiny Duty Gold Edition,PS2,2003.0,Platform,Sega,0.07,0.07,0.06,0.03,0.23
1294,World of Rebellion,PS2,2005.0,Adventure,Sony Computer Entertainment,0.11,0.05,0.04,0.03,0.23
1295,Shadows Conquest II,DS,2006.0,Strategy,Disney Interactive Studios,0.1,0.07,0.04,0.02,0.23
1296,Depths Fairways 2,XB,2005.0,Role-Playing,Ubisoft,0.07,0.05,0.07,0.04,0.23
1297,Realm of Glory III,GB,2005.0,Misc,Capcom,0.14,0.05,0.03,0.01,0.23
1298,Storm Destiny: Remastered,PSV,2019.0,Shooter,Activision,0.1,0.05,0.02,0.06,0.23
1299,Chronicles of Empires: Reborn,SNES,2001.0,Fighting,Sega,0.08,0.08,0.03,0.04,0.23
1300,World of Valor III,PSV,2016.0,Shooter,Atari,0.14,0.05,0.02,0.02,0.23
1301,Rise of Heroes: Origins,XB,2003.0,Puzzle,Namco Bandai Games,0.1,0.07,0.02,0.04,0.23
1302,World of Depths,XOne,2019.0,Strategy,Activision,0.09,0.08,0.01,0.05,0.23
1303,Battle for Shadows: Remastered,3DS,2019.0,Fighting,2K Games,0.08,0.07,0.06,0.02,0.23
1304,Titans Odyssey,PS4,,Adventure,CD Projekt,0.13,0.05,0.02,0.03,0.23
1305,Fall of Dragons: Next Gen,XB,2010.0,Adventure,Atari,0.13,0.06,0.02,0.02,0.23
1306,Conquest Storm: Revolution,PS,2004.0,Platform,Capcom,0.12,0.07,0.02,0.02,0.23
1307,Fall of Champions Gold Edition,GBA,2005.0,Action,Electronic Arts,0.09,0.08,0.04,0.02,0.23
1308,Legend of Fury,GBA,2008.0,Fighting,Capcom,0.13,0.06,0.01,0.03,0.23
1309,Legend of Legends,X360,2009.0,Shooter,THQ,0.1,0.03,0.03,0.07,0.23
1310,Fairways Glory,DS,2012.0,Sports,Konami Digital Entertainment,0.13,0.06,0.01,0.03,0.23
1311,World of Shadows: Remastered,DS,2010.0,Fighting,Microsoft Game Studios,0.09,0.06,0.05,0.03,0.23
1312,Age of Valor 2,GC,2013.0,Fighting,Epic Games,0.16,0.02,0.04,0.01,0.23
1313,Fairways Duty 3,N64,2000.0,Action,Activision,0.09,0.04,0.04,0.06,0.23
1314,Realm of Champions 2,GB,1996.0,Sports,Atari,0.08,0.12,0.02,0.01,0.23
1315,Glory Warriors: Remastered,GBA,2007.0,Simulation,Electronic Arts,0.14,0.03,0.04,0.02,0.23
1316,Kingdom of Nations Gold Edition,XB,2008.0,Adventure,Square Enix,0.11,0.06,0.03,0.03,0.23
1317,Call of Gridiron: Revolution,XOne,2013.0,Role-Playing,Epic Games,0.04,0.04,0.14,0.01,0.23
1318,Fairways Depths,X360,2009.0,Shooter,THQ,0.12,0.06,0.02,0.03,0.23
1319,Battle for Glory,N64,1999.0,Racing,Microsoft Game Studios,0.13,0.07,0.0,0.03,0.23
1320,Skies Fury: Remastered,Switch,2019.0,Role-Playing,CD Projekt,0.08,0.05,0.07,0.02,0.22
1321,Arena Arena Gold Edition,PS4,2017.0,Fighting,Konami Digital Entertainment,0.09,0.07,0.03,0.03,0.22
1322,Chronicles of Racing Stars Gold Edition,PS2,2006.0,Simulation,Atari,0.08,0.04,0.07,0.03,0.22
1323,Rebellion Frontier III,Wii,2016.0,Action,Bethesda Softworks,0.06,0.1,0.05,0.01,0.22
1324,Warriors Duty: Revolution,Wii,2013.0,Adventure,2K Games,0.1,0.06,0.03,0.03,0.22
1325,Skies Racing Stars: Remastered,Wii,2010.0,Fighting,Atari,0.12,0.06,0.04,0.0,0.22
1326,Frontier Shadows Gold Edition,PC,1997.0,Action,Epic Games,0.08,0.09,0.04,0.01,0.22
1327,Age of Heroes: Reborn,GB,2000.0,Strategy,Bethesda Softworks,0.11,0.07,0.03,0.01,0.22
1328,Shadow of Duty: Revolution,XB,2007.0,Shooter,Namco Bandai Games,0.11,0.09,0.01,0.01,0.22
1329,Depths Glory,Wii,2012.0,Racing,Konami Digital Entertainment,0.1,0.08,0.01,0.03,0.22
1330,Fall of Rebellion,PS4,2020.0,Action,Atari,0.07,0.06,0.04,0.05,0.22
1331,Gridiron Champions: Next Gen,GBA,2005.0,Sports,Epic Games,0.1,0.05,0.02,0.05,0.22
1332,Titans Warriors,XOne,2018.0,Fighting,Namco Bandai Games,0.08,0.06,0.07,0.01,0.22
1333,Fairways Glory: Origins,Wii,2013.0,Misc,Square Enix,0.11,0.06,0.01,0.04,0.22
1334,Dragons Arena 3,GC,2004.0,Misc,Microsoft Game Studios,0.07,0.11,0.04,0.0,0.22
1335,Age of Skies 2,Switch,2017.0,Role-Playing,CD Projekt,0.09,0.08,0.04,0.01,0.22
1336,Legends Nations: Remastered,3DS,2011.0,Racing,CD Projekt,0.1,0.06,0.01,0.05,0.22
1337,World of Nations: Remastered,3DS,2018.0,Platform,Take-Two Interactive,0.08,0.06,0.04,0.04,0.22
1338,Champions Nations II,PSV,2020.0,Sports,Ubisoft,0.2,0.02,0.0,0.0,0.22
1339,Shadows Heroes: Remastered,Wii,2009.0,Shooter,Atari,0.12,0.08,0.01,0.01,0.22
1340,Call of Fairways: Revolution,PS2,2000.0,Simulation,2K Games,0.08,0.07,0.02,0.05,0.22
1341,Odyssey Empires 3,Switch,2019.0,Role-Playing,Atari,0.02,0.02,0.13,0.05,0.22
1342,Racing Stars Odyssey: Revolution,N64,2000.0,Strategy,Take-Two Interactive,0.13,0.05,0.02,0.02,0.22
1343,Fury Destiny,DS,2013.0,Action,Capcom,0.14,0.05,0.01,0.02,0.22
1344,Honor Warriors: Remastered,XB,2009.0,Platform,Sony Computer Entertainment,0.12,0.06,0.03,0.01,0.22
1345,Skies Heroes 3,GBA,2008.0,Action,Disney Interactive Studios,0.05,0.08,0.04,0.05,0.22
1346,Racing Stars Heroes II,GB,2000.0,Role-Playing,Microsoft Game Studios,0.08,0.03,0.11,0.0,0.22
1347,Glory Empires,PS3,2016.0,Role-Playing,Nintendo,0.04,0.06,0.08,0.04,0.22
1348,Legend of Nations,GC,2004.0,Shooter,THQ,0.1,0.06,0.03,0.03,0.22
1349,Realm of Fury,PS2,2008.0,Puzzle,Sony Computer Entertainment,0.11,0.03,0.07,0.01,0.22
1350,Titans Odyssey: Reborn,X360,2005.0,Role-Playing,Sony Computer Entertainment,0.04,0.06,0.11,0.01,0.22
1351,Frontier Gridiron: Next Gen,PS3,2017.0,Racing,Nintendo,0.15,0.03,0.0,0.04,0.22
1352,Kingdom of Glory: Origins,WiiU,2019.0,Sports,Square Enix,0.06,0.12,0.0,0.04,0.22
1353,Chronicles of Valor II,GBA,2001.0,Strategy,Electronic Arts,0.07,0.07,0.03,0.05,0.22
1354,Gridiron Legends Gold Edition,WiiU,,Puzzle,THQ,0.08,0.06,0.02,0.06,0.22
1355,Battle for Fairways II,X360,2015.0,Platform,Electronic Arts,0.13,0.04,0.03,0.02,0.22
1356,Call of Arena,Switch,2017.0,Puzzle,CD Projekt,0.06,0.04,0.07,0.05,0.22
1357,Quest for Champions: Origins,WiiU,2015.0,Sports,Konami Digital Entertainment,0.12,0.07,0.0,0.03,0.22
1358,Empire of Fury 2,PS4,2013.0,Action,Konami Digital Entertainment,0.1,0.08,0.02,0.02,0.22
1359,Battle for Valor II,PSP,2007.0,Role-Playing,THQ,0.06,0.07,0.07,0.02,0.22
1360,Empire of Shadows 3,N64,2002.0,Role-Playing,Epic Games,0.05,0.06,0.1,0.01,0.22
1361,Tales of Depths: Reborn,PS3,2012.0,Misc,2K Games,0.09,0.08,0.03,0.02,0.22
1362,Age of Conquest Gold Edition,PC,1996.0,Simulation,Warner Bros. Interactive,0.07,0.04,0.06,0.05,0.22
1363,Arena Legends,3DS,2018.0,Strategy,THQ,0.1,0.07,0.02,0.03,0.22
1364,Realm of Racing Stars II,PC,1999.0,Adventure,Microsoft Game Studios,0.08,0.08,0.02,0.04,0.22
1365,Fairways Storm,PS4,2020.0,Action,Capcom,0.08,0.07,0.05,0.02,0.22
1366,Legend of Legends: Next Gen,3DS,2011.0,Adventure,Take-Two Interactive,0.1,0.06,0.03,0.03,0.22
1367,Quest for Fury III,GB,2004.0,Strategy,Epic Games,0.11,0.06,0.03,0.02,0.22
1368,Arena Racing Stars: Next Gen,WiiU,2014.0,Racing,Warner Bros. Interactive,0.11,0.08,0.0,0.03,0.22
1369,Storm Champions II,PC,2000.0,Platform,Capcom,0.09,0.05,0.07,0.01,0.22
1370,Fall of Nations III,PS4,2020.0,Misc,Atari,0.07,0.06,0.03,0.06,0.22
1371,Shadows Legends II,DS,2010.0,Platform,Warner Bros. Interactive,0.09,0.09,0.02,0.02,0.22
1372,Valor Legends,PSV,2013.0,Role-Playing,CD Projekt,0.06,0.04,0.1,0.02,0.22
1373,Realm of Gridiron,N64,2008.0,Adventure,2K Games,0.07,0.08,0.03,0.04,0.22
1374,Titans Titans,Wii,2015.0,Simulation,Warner Bros. Interactive,0.07,0.04,0.08,0.03,0.22
1375,Call of Arena,PSV,2019.0,Role-Playing,Microsoft Game Studios,0.07,0.05,0.08,0.02,0.22
1376,Chronicles of Storm Gold Edition,PS2,2002.0,Fighting,Capcom,0.06,0.08,0.05,0.03,0.22
1377,Realm of Nations,GB,2004.0,Adventure,Atari,0.07,0.11,0.03,0.01,0.22
1378,Shadow of Shadows,SNES,2004.0,Action,Namco Bandai Games,0.06,0.06,0.08,0.02,0.22
1379,Depths Shadows II,WiiU,2016.0,Puzzle,Nintendo,0.13,0.04,0.02,0.03,0.22
1380,Saga of Legends: Reborn,GBA,2005.0,Adventure,CD Projekt,0.06,0.06,0.03,0.07,0.22
1381,Chronicles of Duty III,Wii,2011.0,Role-Playing,Bethesda Softworks,0.06,0.06,0.08,0.02,0.22
1382,Frontier Skies: Revolution,3DS,2014.0,Sports,THQ,0.14,0.07,0.0,0.01,0.22
1383,Titans Storm: Reborn,3DS,2013.0,Racing,Epic Games,0.04,0.09,0.03,0.06,0.22
1384,Quest for Valor: Remastered,PS2,2004.0,Fighting,Take-Two Interactive,0.07,0.06,0.06,0.02,0.21
1385,Empires Nations Gold Edition,PS3,2017.0,Racing,Microsoft Game Studios,0.1,0.07,0.01,0.03,0.21
1386,Titans Conquest: Revolution,PSV,2018.0,Sports,Ubisoft,0.1,0.07,0.0,0.04,0.21
1387,Gridiron Arena: Remastered,GBA,2008.0,Shooter,Namco Bandai Games,0.12,0.06,0.01,0.02,0.21
1388,Arena Heroes,WiiU,2018.0,Misc,Disney Interactive Studios,0.07,0.07,0.04,0.03,0.21
1389,Duty Valor 2,PSP,2009.0,Puzzle,Bethesda Softworks,0.06,0.12,0.02,0.01,0.21
1390,Shadow of Warriors 3,PC,1996.0,Action,Microsoft Game Studios,0.08,0.07,0.05,0.01,0.21
1391,Fury Titans: Reborn,PS,2006.0,Platform,Sega,0.14,0.04,0.02,0.01,0.21
1392,Quest for Gridiron: Remastered,Wii,2015.0,Puzzle,Sega,0.09,0.06,0.02,0.04,0.21
1393,Saga of Rebellion II,PC,2002.0,Action,Sony Computer Entertainment,0.11,0.04,0.04,0.02,0.21
1394,Saga of Shadows II,SNES,1997.0,Misc,Namco Bandai Games,0.11,0.07,0.01,0.02,0.21
1395,Warriors Shadows,PS,2009.0,Adventure,Sega,0.12,0.04,0.02,0.03,0.21
1396,Heroes Honor Gold Edition,PSV,2011.0,Action,2K Games,0.04,0.1,0.04,0.03,0.21
1397,Conquest Depths,GBA,2007.0,Shooter,Epic Games,0.08,0.08,0.01,0.04,0.21
1398,Call of Conquest: Revolution,PSV,2012.0,Role-Playing,CD Projekt,0.07,0.03,0.05,0.06,0.21
1399,Glory Conquest: Reborn,N64,1999.0,Action,Activision,0.05,0.08,0.04,0.04,0.21
1400,Quest for Shadows: Reborn,DS,2014.0,Platform,THQ,0.1,0.04,0.03,0.04,0.21
1401,Kingdom of Gridiron Gold Edition,N64,1998.0,Fighting,Konami Digital Entertainment,0.1,0.08,0.02,0.01,0.21
1402,Destiny Skies: Origins,PS,2000.0,Platform,Square Enix,0.09,0.06,0.03,0.03,0.21
1403,Tales of Destiny 3,Switch,2020.0,Action,Capcom,0.05,0.06,0.06,0.04,0.21
1404,Skies Storm II,Wii,2011.0,Adventure,CD Projekt,0.06,0.08,0.05,0.02,0.21
1405,Skies Odyssey II,PSV,2013.0,Fighting,Sega,0.08,0.07,0.01,0.05,0.21
1406,Fury Champions II,XB,2004.0,Action,Sega,0.1,0.08,0.02,0.01,0.21
1407,Chronicles of Warriors,PSV,2015.0,Platform,Microsoft Game Studios,0.14,0.03,0.04,0.0,0.21
1408,Honor Depths II,DS,2013.0,Strategy,2K Games,0.1,0.06,0.02,0.03,0.21
1409,Gridiron Champions,PS3,2008.0,Adventure,Warner Bros. Interactive,0.1,0.05,0.02,0.04,0.21
1410,Duty Fury 2,XB,2007.0,Fighting,Square Enix,0.07,0.07,0.03,0.04,0.21
1411,Depths Glory,PS,,Puzzle,Microsoft Game Studios,0.1,0.04,0.04,0.03,0.21
1412,Quest for Heroes II,Switch,2020.0,Racing,Electronic Arts,0.15,0.05,0.0,0.01,0.21
1413,Rebellion Skies: Origins,X360,2017.0,Misc,2K Games,0.07,0.05,0.04,0.05,0.21
1414,Empire of Shadows: Revolution,XOne,2019.0,Shooter,Sega,0.11,0.06,0.01,0.03,0.21
1415,Fury Rebellion 3,XOne,2018.0,Misc,THQ,0.1,0.05,0.03,0.03,0.21
1416,Fury Warriors,X360,2017.0,Sports,Electronic Arts,0.12,0.04,0.01,0.04,0.21
1417,Honor Duty: Origins,WiiU,2019.0,Puzzle,Take-Two Interactive,0.11,0.07,0.02,0.01,0.21
1418,Shadow of Arena,PS4,2019.0,Role-Playing,CD Projekt,0.08,0.03,0.08,0.02,0.21
1419,Shadows Legends III,PS,1998.0,Racing,Capcom,0.13,0.04,0.0,0.04,0.21
1420,Empires Heroes 2,XOne,2018.0,Racing,CD Projekt,0.07,0.09,0.03,0.02,0.21
1421,Kingdom of Gridiron: Origins,PS2,2003.0,Racing,Microsoft Game Studios,0.12,0.05,0.03,0.01,0.21
1422,Tales of Fairways: Remastered,GBA,2006.0,Action,Activision,0.14,0.04,0.01,0.02,0.21
1423,Tales of Arena: Revolution,WiiU,2017.0,Adventure,Bethesda Softworks,0.08,0.1,0.01,0.02,0.21
1424,Quest for Titans: Remastered,PS2,2004.0,Action,Sega,0.07,0.09,0.02,0.03,0.21
1425,Empires Titans Gold Edition,PC,2000.0,Racing,Disney Interactive Studios,0.1,0.07,0.01,0.03,0.21
1426,Battle for Odyssey: Origins,GBA,2001.0,Adventure,Bethesda Softworks,0.14,0.04,0.02,0.01,0.21
1427,Rise of Storm: Next Gen,Switch,2017.0,Shooter,Namco Bandai Games,0.13,0.04,0.01,0.03,0.21
1428,World of Fury 2,X360,2013.0,Racing,Bethesda Softworks,0.13,0.04,0.01,0.03,0.21
1429,Heroes Racing Stars: Reborn,GBA,2005.0,Sports,2K Games,0.12,0.07,0.0,0.02,0.21
1430,Tales of Dragons: Remastered,PS3,2010.0,Role-Playing,Disney Interactive Studios,0.03,0.03,0.14,0.01,0.21
1431,Tales of Frontier III,SNES,1996.0,Shooter,Activision,0.09,0.1,0.01,0.01,0.21
1432,Rise of Odyssey Gold Edition,SNES,1996.0,Sports,Nintendo,0.1,0.06,0.01,0.04,0.21
1433,Kingdom of Racing Stars III,PS2,2004.0,Misc,Activision,0.08,0.07,0.03,0.03,0.21
1434,Rise of Honor: Remastered,GBA,2005.0,Simulation,Sony Computer Entertainment,0.07,0.06,0.03,0.05,0.21
1435,Duty Destiny: Next Gen,Switch,2020.0,Racing,Disney Interactive Studios,0.11,0.08,0.0,0.02,0.21
1436,Empires Odyssey,Switch,2018.0,Puzzle,Sega,0.05,0.09,0.04,0.03,0.21
1437,Arena Nations 3,3DS,2020.0,Fighting,Microsoft Game Studios,0.13,0.05,0.02,0.01,0.21
1438,Legends Heroes,3DS,2019.0,Role-Playing,Take-Two Interactive,0.06,0.08,0.06,0.01,0.21
1439,Racing Stars Valor,GBA,2002.0,Sports,Disney Interactive Studios,0.1,0.07,0.02,0.02,0.21
1440,Battle for Legends II,DS,2013.0,Fighting,2K Games,0.1,0.1,0.01,0.0,0.21
1441,Age of Dragons,GB,2001.0,Simulation,Take-Two Interactive,0.06,0.07,0.04,0.04,0.21
1442,Kingdom of Glory: Revolution,DS,2012.0,Simulation,Atari,0.1,0.08,0.02,0.01,0.21
1443,Tales of Fury: Reborn,PS4,2017.0,Simulation,Square Enix,0.06,0.08,0.04,0.03,0.21
1444,Quest for Arena: Origins,DS,2010.0,Shooter,Bethesda Softworks,0.11,0.09,0.0,0.01,0.21
1445,Skies Champions,PS3,2010.0,Fighting,Activision,0.05,0.07,0.05,0.04,0.21
1446,Titans Champions: Reborn,SNES,1994.0,Simulation,Electronic Arts,0.08,0.05,0.03,0.05,0.21
1447,Saga of Champions II,PS3,2010.0,Simulation,Electronic Arts,0.12,0.02,0.06,0.01,0.21
1448,Chronicles of Nations III,GB,2001.0,Fighting,2K Games,0.11,0.06,0.04,0.0,0.21
1449,Rise of Arena II,PSV,2011.0,Role-Playing,Disney Interactive Studios,0.04,0.03,0.11,0.03,0.21
1450,Rebellion Rebellion 2,PS3,2006.0,Puzzle,Atari,0.09,0.04,0.06,0.02,0.21
1451,Storm Champions: Next Gen,Switch,2018.0,Misc,2K Games,0.08,0.06,0.02,0.05,0.21
1452,Rebellion Shadows,SNES,1996.0,Fighting,Electronic Arts,0.06,0.1,0.02,0.03,0.21
1453,World of Titans II,Switch,2017.0,Shooter,THQ,0.11,0.05,0.01,0.04,0.21
1454,Odyssey Glory,Switch,2018.0,Adventure,Warner Bros. Interactive,0.05,0.1,0.04,0.02,0.21
1455,Storm Gridiron,Wii,2008.0,Action,THQ,0.07,0.08,0.02,0.03,0.2
1456,Quest for Empires II,PSP,2008.0,Platform,,0.09,0.05,0.03,0.03,0.2
1457,Storm Dragons 3,DS,2013.0,Misc,Ubisoft,0.08,0.05,0.02,0.05,0.2
1458,Tales of Nations,PSP,2010.0,Fighting,Konami Digital Entertainment,0.09,0.07,0.03,0.01,0.2
1459,Titans Destiny 3,PSV,2016.0,Adventure,Take-Two Interactive,0.07,0.06,0.02,0.05,0.2
1460,Duty Shadows,X360,2009.0,Shooter,Activision,0.09,0.07,0.02,0.02,0.2
1461,Titans Valor Gold Edition,DS,2014.0,Sports,Epic Games,0.1,0.06,0.01,0.03,0.2
1462,Battle for Valor 2,Switch,2020.0,Platform,Epic Games,0.07,0.06,0.05,0.02,0.2
1463,Battle for Fairways: Revolution,N64,2006.0,Puzzle,Take-Two Interactive,0.11,0.04,0.04,0.01,0.2
1464,Fairways Honor: Reborn,3DS,2019.0,Action,Bethesda Softworks,0.11,0.06,0.02,0.01,0.2
1465,Tales of Odyssey II,PS2,2003.0,Sports,Konami Digital Entertainment,0.1,0.07,0.02,0.01,0.2
1466,Call of Fury 3,N64,1997.0,Strategy,Microsoft Game Studios,0.03,0.06,0.09,0.02,0.2
1467,Quest for Duty III,PS2,2004.0,Adventure,CD Projekt,0.11,0.04,0.02,0.03,0.2
1468,Honor Destiny 3,Switch,2019.0,Fighting,Microsoft Game Studios,0.11,0.03,0.02,0.04,0.2
1469,Destiny Heroes II,PSP,2009.0,Action,Capcom,0.04,0.09,0.02,0.05,0.2
1470,Fall of Depths,PS3,2009.0,Puzzle,Capcom,0.06,0.09,0.04,0.01,0.2
1471,Realm of Duty,GBA,2002.0,Role-Playing,Warner Bros. Interactive,0.04,0.07,0.07,0.02,0.2
1472,Legend of Odyssey 3,Switch,2019.0,Shooter,,0.09,0.05,0.02,0.04,0.2
1473,Chronicles of Dragons III,GC,2013.0,Action,Activision,0.09,0.07,0.01,0.03,0.2
1474,Age of Honor: Reborn,PC,2001.0,Action,Ubisoft,0.06,0.1,0.01,0.03,0.2
1475,Depths Odyssey II,DS,2010.0,Fighting,THQ,0.11,0.05,0.02,0.02,0.2
1476,Quest for Titans: Origins,GBA,2007.0,Fighting,Atari,0.11,0.02,0.04,0.03,0.2
1477,Tales of Valor: Next Gen,GC,2004.0,Action,Square Enix,0.09,0.06,0.04,0.01,0.2
1478,Fall of Glory II,DS,2014.0,Simulation,Electronic Arts,0.09,0.07,0.02,0.02,0.2
1479,Warriors Honor,GBA,2008.0,Shooter,Take-Two Interactive,0.14,0.03,0.01,0.02,0.2
1480,Age of Champions,PS4,2019.0,Sports,Atari,0.09,0.06,0.0,0.05,0.2
1481,Racing Stars Legends 2,SNES,1997.0,Role-Playing,CD Projekt,0.05,0.08,0.05,0.02,0.2
1482,Realm of Honor: Origins,GB,1997.0,Platform,Microsoft Game Studios,0.06,0.04,0.07,0.03,0.2
1483,Shadows Destiny II,X360,2005.0,Shooter,Epic Games,0.11,0.04,0.02,0.03,0.2
1484,Saga of Valor: Remastered,PS3,2012.0,Sports,Bethesda Softworks,0.1,0.07,0.01,0.02,0.2
1485,Depths Fury: Revolution,PS,2004.0,Racing,Electronic Arts,0.1,0.09,0.0,0.01,0.2
1486,Honor Destiny 2,PSV,2015.0,Sports,Electronic Arts,0.11,0.06,0.0,0.03,0.2
1487,Age of Depths: Reborn,GC,2010.0,Role-Playing,THQ,0.08,0.03,0.08,0.01,0.2
1488,Shadow of Nations 3,DS,2010.0,Sports,Sega,0.12,0.04,0.01,0.03,0.2
1489,World of Rebellion 3,Switch,2018.0,Racing,2K Games,0.07,0.05,0.01,0.07,0.2
1490,Skies Glory,GBA,2005.0,Action,Konami Digital Entertainment,0.06,0.05,0.07,0.02,0.2
1491,Rebellion Depths 2,PSP,2005.0,Action,Nintendo,0.08,0.09,0.01,0.02,0.2
1492,Quest for Dragons: Remastered,PS3,2016.0,Fighting,Konami Digital Entertainment,0.09,0.05,0.03,0.03,0.2
1493,Call of Dragons,GC,2004.0,Adventure,Square Enix,0.1,0.05,0.04,0.01,0.2
1494,Chronicles of Nations,X360,2016.0,Shooter,Warner Bros. Interactive,0.1,0.06,0.02,0.02,0.2
1495,Destiny Storm: Reborn,PS3,2010.0,Puzzle,Epic Games,0.05,0.08,0.03,0.04,0.2
1496,Depths Legends 3,PSP,2007.0,Action,Bethesda Softworks,0.14,0.02,0.03,0.01,0.2
1497,Rise of Legends: Reborn,PS3,2017.0,Simulation,Activision,0.08,0.08,0.01,0.03,0.2
1498,Racing Stars Racing Stars: Reborn,PS2,2007.0,Platform,Disney Interactive Studios,0.07,0.09,0.03,0.01,0.2
1499,Fall of Depths: Revolution,Wii,2015.0,Action,Epic Games,0.09,0.07,0.03,0.01,0.2
1500,Glory Frontier 2,PSP,2014.0,Simulation,Atari,0.08,0.06,0.02,0.04,0.2
1501,Dragons Skies: Next Gen,GC,2009.0,Action,Ubisoft,0.11,0.04,0.03,0.02,0.2
1502,Empire of Champions Gold Edition,PSV,2020.0,Action,Bethesda Softworks,0.11,0.04,0.02,0.03,0.2
1503,Quest for Champions Gold Edition,PSP,2008.0,Sports,THQ,0.12,0.03,0.02,0.03,0.2
1504,Chronicles of Fury: Origins,XB,2005.0,Racing,2K Games,0.07,0.06,0.02,0.05,0.2
1505,Heroes Honor 2,Wii,2009.0,Adventure,Square Enix,0.1,0.04,0.02,0.04,0.2
1506,Rise of Gridiron III,SNES,2002.0,Fighting,Capcom,0.04,0.11,0.03,0.02,0.2
1507,Shadow of Legends: Reborn,DS,2007.0,Simulation,Microsoft Game Studios,0.1,0.08,0.01,0.01,0.2
1508,Age of Champions: Reborn,XOne,2017.0,Sports,Take-Two Interactive,0.13,0.04,0.0,0.03,0.2
1509,Glory Conquest,GBA,2005.0,Racing,Konami Digital Entertainment,0.12,0.05,0.01,0.02,0.2
1510,Heroes Nations: Remastered,PS4,2018.0,Fighting,Activision,0.09,0.05,0.02,0.04,0.2
1511,Frontier Heroes: Reborn,GC,2009.0,Strategy,,0.11,0.05,0.01,0.03,0.2
1512,Legends Empires II,PSP,2012.0,Racing,Sony Computer Entertainment,0.1,0.06,0.01,0.03,0.2
1513,Titans Frontier: Next Gen,PSP,2016.0,Shooter,Epic Games,0.08,0.05,0.02,0.05,0.2
1514,Destiny Shadows 2,GBA,2009.0,Sports,Take-Two Interactive,0.1,0.06,0.03,0.01,0.2
1515,Shadows Gridiron 2,PS3,2011.0,Strategy,Take-Two Interactive,0.1,0.03,0.04,0.03,0.2
1516,Quest for Gridiron Gold Edition,PSV,2016.0,Action,Microsoft Game Studios,0.05,0.11,0.02,0.02,0.2
1517,Realm of Warriors II,PSP,2009.0,Role-Playing,Ubisoft,0.06,0.09,0.05,0.0,0.2
1518,Warriors Arena,PSV,2019.0,Shooter,Disney Interactive Studios,0.1,0.06,0.02,0.02,0.2
1519,Saga of Arena III,PS3,2007.0,Platform,Ubisoft,0.09,0.05,0.05,0.01,0.2
1520,Racing Stars Storm,Switch,2020.0,Adventure,CD Projekt,0.11,0.04,0.02,0.03,0.2
1521,Titans Duty: Next Gen,3DS,2018.0,Role-Playing,Sega,0.04,0.03,0.11,0.02,0.2
1522,Call of Honor: Next Gen,XB,2007.0,Sports,Sony Computer Entertainment,0.1,0.06,0.03,0.01,0.2
1523,Legend of Warriors: Revolution,WiiU,2020.0,Sports,Disney Interactive Studios,0.11,0.02,0.05,0.02,0.2
1524,Legend of Duty Gold Edition,GC,2001.0,Shooter,Electronic Arts,0.15,0.03,0.0,0.02,0.2
1525,World of Gridiron II,GB,1998.0,Role-Playing,Nintendo,0.08,0.01,0.09,0.02,0.2
1526,Skies Storm 2,DS,2010.0,Adventure,Take-Two Interactive,0.09,0.04,0.03,0.04,0.2
1527,World of Frontier 2,Switch,2018.0,Shooter,Electronic Arts,0.09,0.05,0.02,0.04,0.2
1528,Quest for Heroes: Remastered,PS2,2006.0,Misc,Capcom,0.07,0.1,0.02,0.01,0.2
1529,Age of Champions: Next Gen,GBA,2005.0,Simulation,THQ,0.1,0.05,0.02,0.03,0.2
1530,Arena Storm,PS4,2020.0,Action,Ubisoft,0.08,0.07,0.03,0.02,0.2
1531,Rise of Empires,3DS,2011.0,Role-Playing,Take-Two Interactive,0.03,0.04,0.11,0.02,0.2
1532,Tales of Glory: Origins,3DS,2018.0,Shooter,Atari,0.06,0.08,0.01,0.04,0.19
1533,Rise of Heroes Gold Edition,PS4,2014.0,Adventure,Konami Digital Entertainment,0.05,0.03,0.06,0.05,0.19
1534,Valor Warriors II,PS4,2015.0,Strategy,Sony Computer Entertainment,0.06,0.08,0.02,0.03,0.19
1535,Chronicles of Storm,3DS,2019.0,Adventure,Square Enix,0.11,0.06,0.01,0.01,0.19
1536,Realm of Champions 3,PSV,2016.0,Misc,Sega,0.07,0.06,0.04,0.02,0.19
1537,Arena Racing Stars: Revolution,PC,2002.0,Simulation,Take-Two Interactive,0.07,0.06,0.04,0.02,0.19
1538,Shadows Legends Gold Edition,PC,2003.0,Misc,Sega,0.09,0.04,0.04,0.02,0.19
1539,Empire of Nations: Origins,Switch,2018.0,Platform,Disney Interactive Studios,0.07,0.07,0.01,0.04,0.19
1540,Realm of Duty,GC,2003.0,Strategy,Microsoft Game Studios,0.08,0.05,0.02,0.04,0.19
1541,Heroes Honor: Revolution,WiiU,2014.0,Fighting,2K Games,0.08,0.05,0.03,0.03,0.19
1542,Racing Stars Titans: Revolution,PS2,2000.0,Action,Sony Computer Entertainment,0.06,0.08,0.02,0.03,0.19
1543,Rise of Empires: Reborn,GC,2003.0,Shooter,THQ,0.14,0.04,0.01,0.0,0.19
1544,Warriors Depths III,GC,2005.0,Action,Konami Digital Entertainment,0.06,0.04,0.03,0.06,0.19
1545,World of Honor: Revolution,XB,2003.0,Adventure,Capcom,0.07,0.09,0.01,0.02,0.19
1546,Call of Empires: Next Gen,GC,2007.0,Misc,Electronic Arts,0.06,0.04,0.06,0.03,0.19
1547,Champions Glory: Revolution,PSP,2010.0,Misc,Ubisoft,0.07,0.05,0.07,0.0,0.19
1548,Empire of Conquest: Revolution,PSV,2015.0,Racing,Warner Bros. Interactive,0.11,0.05,0.01,0.02,0.19
1549,Fall of Arena 2,N64,2000.0,Role-Playing,Sony Computer Entertainment,0.1,0.02,0.06,0.01,0.19
1550,Titans Titans III,PSV,2016.0,Platform,Konami Digital Entertainment,0.09,0.05,0.04,0.01,0.19
1551,Skies Destiny: Remastered,GB,1999.0,Misc,Sega,0.04,0.09,0.02,0.04,0.19
1552,Kingdom of Skies: Reborn,GC,2003.0,Racing,Konami Digital Entertainment,0.1,0.05,0.01,0.03,0.19
1553,Frontier Racing Stars,WiiU,2017.0,Racing,Disney Interactive Studios,0.06,0.07,0.0,0.06,0.19
1554,Fury Frontier: Next Gen,WiiU,2020.0,Simulation,Warner Bros. Interactive,0.07,0.04,0.02,0.06,0.19
1555,Realm of Dragons,Switch,2020.0,Shooter,Bethesda Softworks,0.09,0.08,0.01,0.01,0.19
1556,Warriors Arena,PS,2006.0,Adventure,Sega,0.12,0.03,0.01,0.03,0.19
1557,Call of Duty 3,PS4,2015.0,Misc,Sony Computer Entertainment,0.08,0.08,0.01,0.02,0.19
1558,Valor Dragons: Origins,PS3,,Platform,Microsoft Game Studios,0.06,0.06,0.05,0.02,0.19
1559,Skies Nations: Revolution,PS,2005.0,Shooter,Activision,0.11,0.02,0.03,0.03,0.19
1560,Age of Skies: Revolution,GBA,2005.0,Sports,Electronic Arts,0.13,0.05,0.0,0.01,0.19
1561,Chronicles of Frontier Gold Edition,GB,2002.0,Strategy,Capcom,0.08,0.05,0.04,0.02,0.19
1562,Fall of Nations III,PS,2004.0,Shooter,Activision,0.11,0.02,0.02,0.04,0.19
1563,Nations Conquest II,DS,2005.0,Simulation,Ubisoft,0.06,0.06,0.02,0.05,0.19
1564,Legends Fury 3,X360,2005.0,Puzzle,Sony Computer Entertainment,0.09,0.08,0.01,0.01,0.19
1565,Rise of Titans,XOne,2014.0,Strategy,Ubisoft,0.06,0.05,0.06,0.02,0.19
1566,Call of Depths,PS3,2006.0,Simulation,Namco Bandai Games,0.08,0.07,0.02,0.02,0.19
1567,Fairways Depths: Next Gen,XOne,2016.0,Misc,Electronic Arts,0.08,0.05,0.04,0.02,0.19
1568,Conquest Depths: Next Gen,PS,2000.0,Shooter,THQ,0.11,0.06,0.01,0.01,0.19
1569,Racing Stars Gridiron: Origins,PS4,2014.0,Sports,Disney Interactive Studios,0.09,0.05,0.01,0.04,0.19
1570,Rebellion Depths,PS,2001.0,Puzzle,Nintendo,0.09,0.04,0.03,0.03,0.19
1571,World of Honor 2,Wii,2006.0,Puzzle,Capcom,0.07,0.07,0.04,0.01,0.19
1572,Warriors Titans,Wii,2014.0,Shooter,Capcom,0.12,0.03,0.02,0.02,0.19
1573,Saga of Shadows: Origins,PS,2009.0,Strategy,2K Games,0.12,0.04,0.01,0.02,0.19
1574,Depths Glory: Reborn,SNES,2005.0,Action,Nintendo,0.12,0.04,0.02,0.01,0.19
1575,Chronicles of Dragons: Next Gen,XOne,2014.0,Adventure,Namco Bandai Games,0.09,0.04,0.03,0.03,0.19
1576,Dragons Depths 3,Wii,2013.0,Fighting,Konami Digital Entertainment,0.07,0.07,0.02,0.03,0.19
1577,Realm of Conquest,Switch,2017.0,Action,Activision,0.06,0.09,0.03,0.01,0.19
1578,Rise of Destiny,XOne,2019.0,Shooter,Activision,0.12,0.06,0.0,0.01,0.19
1579,Destiny Fury Gold Edition,PSV,2012.0,Strategy,Capcom,0.07,0.06,0.03,0.03,0.19
1580,Kingdom of Titans: Origins,GB,1998.0,Role-Playing,Nintendo,0.07,0.03,0.05,0.04,0.19
1581,Legend of Glory Gold Edition,PS2,2001.0,Puzzle,Nintendo,0.1,0.07,0.0,0.02,0.19
1582,Battle for Conquest: Origins,XOne,2016.0,Action,Konami Digital Entertainment,0.03,0.08,0.05,0.03,0.19
1583,Destiny Gridiron II,Switch,2017.0,Sports,Nintendo,0.08,0.07,0.0,0.04,0.19
1584,Legend of Nations: Next Gen,PS2,2002.0,Strategy,Capcom,0.09,0.06,0.02,0.02,0.19
1585,Shadow of Nations,GB,2001.0,Fighting,Warner Bros. Interactive,0.08,0.07,0.04,0.0,0.19
1586,Kingdom of Depths: Next Gen,PSP,2007.0,Shooter,Sony Computer Entertainment,0.05,0.11,0.01,0.02,0.19
1587,Age of Destiny,XB,2009.0,Strategy,Nintendo,0.1,0.05,0.02,0.02,0.19
1588,Age of Arena 2,PC,2000.0,Puzzle,Microsoft Game Studios,0.06,0.07,0.01,0.05,0.19
1589,Battle for Champions II,PSP,2011.0,Sports,Epic Games,0.12,0.05,0.0,0.02,0.19
1590,Valor Conquest: Revolution,GBA,2008.0,Action,Warner Bros. Interactive,0.09,0.06,0.04,0.0,0.19
1591,Legend of Titans: Remastered,PS,2005.0,Platform,Namco Bandai Games,0.12,0.05,0.01,0.01,0.19
1592,Odyssey Fury: Origins,Wii,2012.0,Action,Konami Digital Entertainment,0.06,0.08,0.01,0.04,0.19
1593,Kingdom of Racing Stars,PS3,2007.0,Role-Playing,CD Projekt,0.06,0.03,0.09,0.01,0.19
1594,Nations Heroes 3,XB,2001.0,Platform,Sega,0.09,0.03,0.04,0.03,0.19
1595,Legend of Glory II,PS3,2010.0,Fighting,Activision,0.12,0.03,0.03,0.01,0.19
1596,Quest for Depths,PC,2000.0,Simulation,Microsoft Game Studios,0.1,0.02,0.03,0.04,0.19
1597,Shadow of Titans: Next Gen,SNES,1995.0,Puzzle,Bethesda Softworks,0.03,0.08,0.06,0.02,0.19
1598,Skies Rebellion,X360,2013.0,Strategy,CD Projekt,0.08,0.08,0.02,0.01,0.19
1599,Legend of Shadows: Revolution,GBA,2007.0,Simulation,Capcom,0.1,0.05,0.02,0.02,0.19
1600,Rise of Shadows: Reborn,GBA,2002.0,Misc,Ubisoft,0.03,0.12,0.03,0.01,0.19
1601,Dragons Destiny Gold Edition,PS2,2006.0,Puzzle,Atari,0.07,0.04,0.03,0.05,0.19
1602,Arena Valor: Remastered,PC,2000.0,Role-Playing,Warner Bros. Interactive,0.11,0.01,0.07,0.0,0.19
1603,Empire of Gridiron: Origins,PSV,2018.0,Shooter,Ubisoft,0.06,0.09,0.01,0.03,0.19
1604,Honor Warriors: Remastered,N64,2000.0,Misc,Sony Computer Entertainment,0.08,0.08,0.02,0.01,0.19
1605,Warriors Gridiron: Revolution,XB,2004.0,Shooter,Electronic Arts,0.11,0.05,0.02,0.01,0.19
1606,Age of Champions,PS3,2006.0,Misc,Microsoft Game Studios,0.11,0.05,0.01,0.02,0.19
1607,Shadow of Legends,PSP,2006.0,Racing,Electronic Arts,0.05,0.1,0.01,0.03,0.19
1608,Dragons Heroes: Next Gen,XOne,2014.0,Platform,Epic Games,0.09,0.04,0.03,0.03,0.19
1609,Battle for Conquest II,PS3,2006.0,Sports,Electronic Arts,0.09,0.06,0.01,0.03,0.19
1610,Nations Honor 3,SNES,1997.0,Adventure,Square Enix,0.05,0.09,0.03,0.02,0.19
1611,Empires Dragons: Next Gen,N64,2001.0,Action,Capcom,0.07,0.06,0.04,0.02,0.19
1612,Gridiron Honor Gold Edition,XOne,2014.0,Strategy,Sony Computer Entertainment,0.11,0.03,0.01,0.04,0.19
1613,Saga of Depths: Revolution,DS,2004.0,Platform,Atari,0.09,0.09,0.01,0.0,0.19
1614,Champions Arena: Next Gen,3DS,2013.0,Fighting,Disney Interactive Studios,0.09,0.05,0.02,0.03,0.19
1615,Shadow of Glory,WiiU,2017.0,Adventure,Konami Digital Entertainment,0.09,0.04,0.01,0.05,0.19
1616,Champions Rebellion: Reborn,PS4,2017.0,Shooter,Ubisoft,0.09,0.08,0.0,0.02,0.19
1617,Arena Depths: Revolution,WiiU,2014.0,Fighting,2K Games,0.1,0.03,0.04,0.02,0.19
1618,Rebellion Nations II,3DS,2011.0,Sports,Disney Interactive Studios,0.12,0.04,0.01,0.02,0.19
1619,Destiny Champions III,Wii,2009.0,Action,Atari,0.07,0.08,0.02,0.01,0.18
1620,Fall of Nations,PSP,2011.0,Puzzle,Sega,0.06,0.06,0.04,0.02,0.18
1621,Dragons Shadows: Reborn,DS,2007.0,Racing,Electronic Arts,0.08,0.06,0.01,0.03,0.18
1622,Battle for Glory 2,X360,2016.0,Sports,Nintendo,0.07,0.06,0.02,0.03,0.18
1623,Saga of Racing Stars: Revolution,Switch,2019.0,Shooter,Disney Interactive Studios,0.07,0.08,0.0,0.03,0.18
1624,Odyssey Rebellion,Wii,2009.0,Sports,Konami Digital Entertainment,0.1,0.03,0.04,0.01,0.18
1625,Frontier Warriors Gold Edition,XB,2005.0,Platform,THQ,0.07,0.06,0.03,0.02,0.18
1626,Age of Odyssey III,3DS,2013.0,Puzzle,Sony Computer Entertainment,0.09,0.07,0.01,0.01,0.18
1627,Depths Heroes: Origins,GBA,2008.0,Shooter,Ubisoft,0.06,0.1,0.0,0.02,0.18
1628,Quest for Champions Gold Edition,X360,2014.0,Fighting,Activision,0.05,0.06,0.02,0.05,0.18
1629,Gridiron Fairways III,Wii,2007.0,Action,Sony Computer Entertainment,0.08,0.06,0.02,0.02,0.18
1630,Skies Conquest: Remastered,XOne,2019.0,Fighting,Sony Computer Entertainment,0.09,0.06,0.01,0.02,0.18
1631,Call of Glory: Revolution,PSV,2019.0,Simulation,Atari,0.08,0.07,0.02,0.01,0.18
1632,Tales of Fury 2,PS2,2007.0,Fighting,THQ,0.05,0.06,0.06,0.01,0.18
1633,Skies Empires: Revolution,GBA,2001.0,Simulation,Sega,0.07,0.05,0.03,0.03,0.18
1634,Saga of Arena III,PS3,2009.0,Puzzle,Konami Digital Entertainment,0.06,0.05,0.06,0.01,0.18
1635,Fall of Duty: Reborn,GBA,2002.0,Racing,Capcom,0.13,0.04,0.0,0.01,0.18
1636,Legends Champions: Origins,SNES,2002.0,Sports,Sega,0.12,0.01,0.01,0.04,0.18
1637,Shadow of Dragons III,3DS,2016.0,Strategy,Ubisoft,0.05,0.04,0.07,0.02,0.18
1638,Warriors Empires 3,PSP,2016.0,Action,Konami Digital Entertainment,0.09,0.05,0.02,0.02,0.18
1639,Tales of Heroes,3DS,2016.0,Role-Playing,Disney Interactive Studios,0.07,0.04,0.06,0.01,0.18
1640,Battle for Rebellion,GB,1996.0,Shooter,Activision,0.1,0.06,0.0,0.02,0.18
1641,Titans Destiny II,PSP,2006.0,Action,Namco Bandai Games,0.06,0.1,0.01,0.01,0.18
1642,Honor Empires: Remastered,DS,2006.0,Adventure,Bethesda Softworks,0.06,0.04,0.06,0.02,0.18
1643,Realm of Legends II,X360,2011.0,Sports,Take-Two Interactive,0.11,0.02,0.0,0.05,0.18
1644,Empire of Champions: Next Gen,Wii,2012.0,Role-Playing,CD Projekt,0.05,0.03,0.07,0.03,0.18
1645,World of Champions,PS3,2007.0,Role-Playing,Namco Bandai Games,0.02,0.06,0.06,0.04,0.18
1646,Fall of Arena: Revolution,XB,2008.0,Action,THQ,0.08,0.07,0.02,0.01,0.18
1647,Rise of Empires: Remastered,3DS,2017.0,Fighting,Ubisoft,0.08,0.05,0.04,0.01,0.18
1648,Realm of Duty II,SNES,2002.0,Puzzle,Nintendo,0.09,0.02,0.03,0.04,0.18
1649,Empire of Skies: Remastered,N64,2006.0,Sports,Microsoft Game Studios,0.08,0.03,0.02,0.05,0.18
1650,Saga of Shadows 2,GB,2004.0,Platform,Namco Bandai Games,0.08,0.05,0.03,0.02,0.18
1651,Empire of Fairways,Wii,2006.0,Simulation,2K Games,0.07,0.01,0.05,0.05,0.18
1652,Chronicles of Frontier: Origins,GB,2005.0,Shooter,Sony Computer Entertainment,0.07,0.06,0.0,0.05,0.18
1653,Odyssey Arena 3,Switch,2019.0,Role-Playing,Ubisoft,0.02,0.05,0.09,0.02,0.18
1654,Heroes Heroes,PS2,2003.0,Sports,Nintendo,0.06,0.08,0.01,0.03,0.18
1655,Age of Fury 2,PS4,2018.0,Action,,0.05,0.08,0.02,0.03,0.18
1656,Frontier Champions 3,WiiU,2018.0,Sports,CD Projekt,0.12,0.02,0.01,0.03,0.18
1657,Honor Arena: Next Gen,Switch,2017.0,Racing,CD Projekt,0.08,0.06,0.0,0.04,0.18
1658,Fall of Empires 3,PS3,2007.0,Action,Disney Interactive Studios,0.06,0.06,0.02,0.04,0.18
1659,Honor Heroes,GBA,2004.0,Puzzle,Take-Two Interactive,0.08,0.06,0.01,0.03,0.18
1660,Empire of Glory: Reborn,N64,2003.0,Shooter,Microsoft Game Studios,0.07,0.05,0.02,0.04,0.18
1661,Fairways Fury: Reborn,Switch,2020.0,Misc,,0.08,0.06,0.01,0.03,0.18
1662,Destiny Conquest: Next Gen,N64,2002.0,Role-Playing,Square Enix,0.08,0.01,0.07,0.02,0.18
1663,Rise of Warriors: Next Gen,PC,2000.0,Adventure,2K Games,0.06,0.07,0.02,0.03,0.18
1664,Quest for Depths II,Wii,2007.0,Misc,Warner Bros. Interactive,0.09,0.05,0.01,0.03,0.18
1665,Chronicles of Odyssey,Wii,2010.0,Shooter,Take-Two Interactive,0.09,0.05,0.01,0.03,0.18
1666,Age of Destiny: Revolution,N64,2000.0,Shooter,Electronic Arts,0.11,0.04,0.01,0.02,0.18
1667,Shadows Titans,DS,2013.0,Adventure,Activision,0.09,0.06,0.01,0.02,0.18
1668,Kingdom of Shadows: Reborn,XOne,2017.0,Racing,Activision,0.06,0.08,0.02,0.02,0.18
1669,Tales of Honor 2,N64,2005.0,Simulation,Microsoft Game Studios,0.12,0.04,0.01,0.01,0.18
1670,Legends Duty: Next Gen,PS,2004.0,Role-Playing,Microsoft Game Studios,0.06,0.03,0.07,0.02,0.18
1671,Arena Depths 3,Wii,2013.0,Fighting,Sega,0.04,0.11,0.02,0.01,0.18
1672,Realm of Glory: Reborn,GB,2004.0,Sports,THQ,0.11,0.07,0.0,0.0,0.18
1673,Frontier Rebellion: Revolution,PSP,2014.0,Strategy,2K Games,0.11,0.04,0.02,0.01,0.18
1674,Shadow of Gridiron 3,PS2,2005.0,Strategy,Konami Digital Entertainment,0.07,0.08,0.01,0.02,0.18
1675,Kingdom of Storm 2,PS4,2014.0,Fighting,Atari,0.08,0.06,0.03,0.01,0.18
1676,Fall of Titans Gold Edition,Wii,2006.0,Role-Playing,Atari,0.05,0.03,0.09,0.01,0.18
1677,Fury Valor III,SNES,2004.0,Puzzle,Disney Interactive Studios,0.09,0.05,0.01,0.03,0.18
1678,Titans Champions: Revolution,3DS,2012.0,Action,Epic Games,0.09,0.02,0.05,0.02,0.18
1679,Rise of Frontier,PS4,2013.0,Shooter,Square Enix,0.12,0.03,0.01,0.02,0.18
1680,Depths Rebellion: Origins,DS,2004.0,Platform,Microsoft Game Studios,0.09,0.05,0.01,0.03,0.18
1681,Quest for Honor: Next Gen,DS,2004.0,Role-Playing,CD Projekt,0.05,0.03,0.08,0.02,0.18
1682,Tales of Fairways: Remastered,3DS,2016.0,Simulation,Namco Bandai Games,0.05,0.06,0.03,0.04,0.18
1683,Arena Valor II,WiiU,2016.0,Strategy,2K Games,0.09,0.04,0.04,0.01,0.18
1684,World of Dragons 3,PS,2009.0,Shooter,Microsoft Game Studios,0.1,0.06,0.0,0.02,0.18
1685,Arena Conquest Gold Edition,XB,2008.0,Fighting,THQ,0.06,0.08,0.03,0.01,0.18
1686,Skies Valor,GC,2012.0,Misc,Capcom,0.08,0.04,0.03,0.03,0.18
1687,Shadow of Gridiron,GBA,2001.0,Racing,Electronic Arts,0.08,0.03,0.01,0.06,0.18
1688,Legend of Nations Gold Edition,X360,2008.0,Fighting,Activision,0.06,0.09,0.02,0.01,0.18
1689,Tales of Shadows 3,Wii,2010.0,Racing,Ubisoft,0.09,0.06,0.01,0.02,0.18
1690,Legend of Heroes: Reborn,PS,2002.0,Misc,Take-Two Interactive,0.08,0.06,0.03,0.01,0.18
1691,Rise of Shadows: Remastered,DS,2011.0,Misc,Sony Computer Entertainment,0.07,0.03,0.03,0.05,0.18
1692,Quest for Fairways II,GBA,2002.0,Role-Playing,Sega,0.05,0.05,0.07,0.01,0.18
1693,Age of Duty Gold Edition,3DS,2016.0,Strategy,Nintendo,0.05,0.07,0.01,0.05,0.18
1694,Legend of Fury Gold Edition,PC,2001.0,Sports,Microsoft Game Studios,0.08,0.03,0.02,0.05,0.18
1695,Call of Skies: Revolution,PS2,2002.0,Fighting,Take-Two Interactive,0.04,0.04,0.05,0.05,0.18
1696,Chronicles of Dragons 2,PS,2001.0,Simulation,Microsoft Game Studios,0.06,0.08,0.03,0.01,0.18
1697,Warriors Warriors: Reborn,PS3,2011.0,Strategy,Microsoft Game Studios,0.06,0.08,0.03,0.01,0.18
1698,World of Gridiron,PS4,2016.0,Puzzle,Nintendo,0.09,0.06,0.01,0.02,0.18
1699,Nations Champions: Remastered,Wii,2015.0,Shooter,Namco Bandai Games,0.09,0.06,0.01,0.01,0.17
1700,Conquest Fury: Revolution,DS,2014.0,Fighting,Konami Digital Entertainment,0.09,0.05,0.01,0.02,0.17
1701,Saga of Depths,PSV,2011.0,Shooter,THQ,0.12,0.03,0.0,0.02,0.17
1702,Fall of Honor,XB,2006.0,Fighting,Warner Bros. Interactive,0.07,0.06,0.02,0.02,0.17
1703,Heroes Depths,3DS,2018.0,Action,Activision,0.07,0.05,0.02,0.03,0.17
1704,Tales of Frontier II,PS4,2016.0,Sports,Activision,0.1,0.05,0.0,0.02,0.17
1705,Quest for Depths 3,PS4,2015.0,Shooter,Sega,0.08,0.04,0.02,0.03,0.17
1706,Call of Duty: Reborn,WiiU,2014.0,Shooter,Electronic Arts,0.1,0.04,0.0,0.03,0.17
1707,Glory Shadows 3,XB,2008.0,Fighting,Activision,0.05,0.05,0.03,0.04,0.17
1708,Chronicles of Titans: Origins,Switch,2018.0,Action,Konami Digital Entertainment,0.09,0.03,0.02,0.03,0.17
1709,Empire of Destiny: Reborn,PS3,2017.0,Puzzle,Electronic Arts,0.09,0.02,0.02,0.04,0.17
1710,Storm Nations: Revolution,PSV,2013.0,Sports,Nintendo,0.08,0.05,0.01,0.03,0.17
1711,World of Titans III,GC,2007.0,Sports,2K Games,0.07,0.03,0.03,0.04,0.17
1712,Quest for Nations 3,PS4,2017.0,Misc,Bethesda Softworks,0.06,0.06,0.02,0.03,0.17
1713,Honor Conquest 3,WiiU,2019.0,Role-Playing,Bethesda Softworks,0.06,0.01,0.1,0.0,0.17
1714,Dragons Empires: Reborn,XB,2006.0,Racing,Konami Digital Entertainment,0.09,0.06,0.0,0.02,0.17
1715,Empire of Honor II,SNES,2001.0,Misc,Konami Digital Entertainment,0.06,0.04,0.04,0.03,0.17
1716,Tales of Honor,Switch,2019.0,Adventure,Warner Bros. Interactive,0.07,0.06,0.03,0.01,0.17
1717,Gridiron Rebellion,GB,1996.0,Action,Nintendo,0.1,0.02,0.03,0.02,0.17
1718,Tales of Nations: Next Gen,PSV,2016.0,Misc,Atari,0.06,0.05,0.05,0.01,0.17
1719,Odyssey Storm: Origins,GBA,2005.0,Racing,Take-Two Interactive,0.07,0.07,0.01,0.02,0.17
1720,Titans Fury,XOne,2016.0,Action,Nintendo,0.08,0.04,0.02,0.03,0.17
1721,Heroes Arena: Origins,PS2,2000.0,Puzzle,Nintendo,0.08,0.05,0.02,0.02,0.17
1722,World of Valor: Revolution,GBA,2004.0,Strategy,Atari,0.09,0.06,0.02,0.0,0.17
1723,Legend of Gridiron: Remastered,PC,1997.0,Misc,Microsoft Game Studios,0.06,0.06,0.03,0.02,0.17
1724,Legends Depths: Remastered,XOne,2013.0,Puzzle,Take-Two Interactive,0.07,0.05,0.04,0.01,0.17
1725,Age of Fairways: Reborn,X360,2009.0,Shooter,Sega,0.09,0.05,0.0,0.03,0.17
1726,Realm of Racing Stars,X360,2012.0,Racing,Sony Computer Entertainment,0.08,0.08,0.0,0.01,0.17
1727,Dragons Arena: Remastered,WiiU,2019.0,Action,Warner Bros. Interactive,0.08,0.02,0.05,0.02,0.17
1728,Shadows Destiny: Origins,SNES,2002.0,Misc,Epic Games,0.1,0.03,0.03,0.01,0.17
1729,Age of Odyssey,PS3,2006.0,Racing,Warner Bros. Interactive,0.1,0.06,0.0,0.01,0.17
1730,Fury Dragons 2,XB,2007.0,Misc,THQ,0.06,0.06,0.02,0.03,0.17
1731,Chronicles of Titans,N64,1996.0,Platform,Epic Games,0.08,0.06,0.01,0.02,0.17
1732,Arena Warriors: Revolution,PSP,2011.0,Platform,Sega,0.04,0.06,0.02,0.05,0.17
1733,Shadow of Empires: Revolution,PC,1997.0,Misc,Disney Interactive Studios,0.09,0.02,0.05,0.01,0.17
1734,Chronicles of Glory: Origins,PSV,2016.0,Fighting,Sony Computer Entertainment,0.08,0.05,0.03,0.01,0.17
1735,Skies Warriors 2,PSP,2016.0,Adventure,CD Projekt,0.08,0.04,0.04,0.01,0.17
1736,Frontier Empires,GB,1996.0,Sports,Microsoft Game Studios,0.08,0.05,0.02,0.02,0.17
1737,Duty Conquest,GC,2005.0,Simulation,,0.05,0.07,0.02,0.03,0.17
1738,Glory Honor 2,PC,1995.0,Misc,Take-Two Interactive,0.08,0.04,0.03,0.02,0.17
1739,Arena Fury Gold Edition,PSP,2006.0,Puzzle,Microsoft Game Studios,0.09,0.04,0.04,0.0,0.17
1740,Nations Fairways: Revolution,PC,2001.0,Fighting,Bethesda Softworks,0.1,0.02,0.05,0.0,0.17
1741,Legend of Arena 2,N64,2006.0,Role-Playing,Sega,0.02,0.07,0.07,0.01,0.17
1742,Legend of Destiny,XB,2009.0,Misc,Konami Digital Entertainment,0.08,0.06,0.02,0.01,0.17
1743,Conquest Conquest III,X360,2007.0,Platform,Sega,0.07,0.06,0.01,0.03,0.17
1744,Kingdom of Valor III,X360,2014.0,Simulation,Namco Bandai Games,0.08,0.03,0.03,0.03,0.17
1745,Rise of Valor: Revolution,DS,2006.0,Sports,Sega,0.08,0.03,0.02,0.04,0.17
1746,Fall of Legends 3,WiiU,2018.0,Shooter,Sega,0.06,0.05,0.02,0.04,0.17
1747,Fall of Skies: Reborn,X360,2017.0,Shooter,Epic Games,0.08,0.07,0.0,0.02,0.17
1748,Saga of Depths: Revolution,PC,2001.0,Platform,Take-Two Interactive,0.05,0.07,0.04,0.01,0.17
1749,Glory Glory: Reborn,PS,2004.0,Role-Playing,Disney Interactive Studios,0.05,0.05,0.05,0.02,0.17
1750,Champions Nations: Revolution,WiiU,2017.0,Shooter,Microsoft Game Studios,0.07,0.07,0.01,0.02,0.17
1751,Quest for Heroes,GC,2008.0,Action,Sega,0.05,0.06,0.03,0.03,0.17
1752,Empires Legends: Origins,PS,1998.0,Role-Playing,Microsoft Game Studios,0.07,0.02,0.07,0.01,0.17
1753,Dragons Fairways: Next Gen,WiiU,2019.0,Role-Playing,Atari,0.07,0.02,0.07,0.01,0.17
1754,Fall of Heroes,PS3,2015.0,Platform,Sony Computer Entertainment,0.07,0.05,0.03,0.02,0.17
1755,Saga of Depths Gold Edition,DS,2012.0,Simulation,Disney Interactive Studios,0.11,0.05,0.01,0.0,0.17
1756,Conquest Nations 2,PS3,2016.0,Racing,Capcom,0.07,0.07,0.01,0.02,0.17
1757,Call of Legends 3,PSV,2012.0,Action,Ubisoft,0.12,0.04,0.01,0.0,0.17
1758,Depths Titans,PSP,2006.0,Sports,Sega,0.07,0.04,0.04,0.02,0.17
1759,Frontier Odyssey: Origins,N64,2007.0,Role-Playing,Electronic Arts,0.05,0.03,0.06,0.03,0.17
1760,Battle for Glory 3,GB,2006.0,Platform,Sony Computer Entertainment,0.09,0.04,0.02,0.02,0.17
1761,Shadow of Rebellion Gold Edition,GC,2012.0,Role-Playing,Activision,0.04,0.04,0.07,0.02,0.17
1762,Fall of Frontier,Wii,,Sports,CD Projekt,0.07,0.06,0.01,0.03,0.17
1763,Kingdom of Skies 3,GBA,2006.0,Racing,Sega,0.07,0.04,0.02,0.04,0.17
1764,Fall of Dragons 3,PS2,2002.0,Action,Microsoft Game Studios,0.08,0.04,0.03,0.02,0.17
1765,Kingdom of Skies: Next Gen,DS,2008.0,Role-Playing,Square Enix,0.05,0.05,0.07,0.0,0.17
1766,Kingdom of Dragons,PS2,2008.0,Role-Playing,THQ,0.05,0.02,0.09,0.01,0.17
1767,Dragons Odyssey: Reborn,Wii,2007.0,Action,Epic Games,0.07,0.04,0.03,0.03,0.17
1768,Saga of Legends III,PS2,2004.0,Simulation,Ubisoft,0.09,0.02,0.04,0.02,0.17
1769,Chronicles of Dragons: Origins,X360,2012.0,Misc,Namco Bandai Games,0.07,0.03,0.05,0.02,0.17
1770,Duty Odyssey: Remastered,X360,2017.0,Simulation,THQ,0.06,0.05,0.04,0.02,0.17
1771,Duty Frontier: Origins,PSP,2005.0,Sports,Konami Digital Entertainment,0.07,0.06,0.01,0.03,0.17
1772,Storm Shadows: Origins,PS2,2006.0,Puzzle,Activision,0.07,0.03,0.05,0.02,0.17
1773,Destiny Odyssey: Origins,PS3,2016.0,Platform,Epic Games,0.06,0.03,0.04,0.04,0.17
1774,Fall of Storm,DS,2011.0,Puzzle,Sony Computer Entertainment,0.08,0.04,0.02,0.03,0.17
1775,Quest for Arena 2,GC,2010.0,Role-Playing,Nintendo,0.06,0.02,0.08,0.01,0.17
1776,Honor Fairways: Origins,PS3,2016.0,Shooter,Activision,0.08,0.05,0.01,0.03,0.17
1777,Call of Valor,PSP,2007.0,Action,Electronic Arts,0.04,0.07,0.02,0.04,0.17
1778,Warriors Conquest,GB,2006.0,Fighting,Activision,0.12,0.02,0.01,0.02,0.17
1779,Battle for Racing Stars: Next Gen,GB,2006.0,Role-Playing,Nintendo,0.07,0.05,0.04,0.01,0.17
1780,Heroes Honor,Wii,2006.0,Role-Playing,CD Projekt,0.03,0.04,0.05,0.05,0.17
1781,Conquest Skies: Next Gen,Wii,2007.0,Action,Take-Two Interactive,0.05,0.03,0.04,0.05,0.17
1782,Tales of Fury: Remastered,WiiU,2013.0,Action,THQ,0.09,0.03,0.03,0.02,0.17
1783,Tales of Warriors,PC,2003.0,Fighting,Konami Digital Entertainment,0.08,0.03,0.02,0.04,0.17
1784,Honor Heroes: Remastered,DS,2013.0,Fighting,Namco Bandai Games,0.05,0.09,0.02,0.01,0.17
1785,Rebellion Dragons,Switch,2020.0,Fighting,Capcom,0.07,0.05,0.02,0.03,0.17
1786,Realm of Duty III,N64,2004.0,Racing,Warner Bros. Interactive,0.04,0.04,0.05,0.04,0.17
1787,Rise of Arena: Revolution,PS3,2015.0,Racing,Bethesda Softworks,0.08,0.08,0.0,0.01,0.17
1788,Shadow of Glory II,GB,1998.0,Puzzle,Epic Games,0.05,0.07,0.03,0.02,0.17
1789,Frontier Arena,N64,2001.0,Shooter,Square Enix,0.06,0.05,0.01,0.05,0.17
1790,Call of Nations: Reborn,XOne,2020.0,Adventure,Sony Computer Entertainment,0.08,0.04,0.04,0.01,0.17
1791,Champions Odyssey: Next Gen,GC,2010.0,Sports,Namco Bandai Games,0.06,0.06,0.01,0.04,0.17
1792,Kingdom of Storm 2,PS4,2015.0,Role-Playing,Square Enix,0.05,0.04,0.05,0.03,0.17
1793,Honor Honor 2,XOne,2014.0,Simulation,Bethesda Softworks,0.08,0.05,0.02,0.02,0.17
1794,Nations Fairways III,GB,1999.0,Puzzle,Take-Two Interactive,0.08,0.04,0.03,0.02,0.17
1795,Nations Skies: Reborn,PSP,2009.0,Action,Sony Computer Entertainment,0.08,0.04,0.0,0.05,0.17
1796,Fall of Glory 3,3DS,2012.0,Racing,Capcom,0.08,0.06,0.0,0.03,0.17
1797,Empires Nations Gold Edition,3DS,2015.0,Strategy,Capcom,0.08,0.05,0.02,0.02,0.17
1798,Depths Skies 3,Wii,2008.0,Action,Namco Bandai Games,0.07,0.04,0.04,0.02,0.17
1799,Saga of Valor: Revolution,Wii,2014.0,Platform,Take-Two Interactive,0.07,0.06,0.01,0.03,0.17
1800,Chronicles of Honor,GB,1997.0,Adventure,Square Enix,0.07,0.03,0.03,0.04,0.17
1801,Skies Frontier,DS,2014.0,Strategy,Warner Bros. Interactive,0.05,0.04,0.04,0.04,0.17
1802,Realm of Empires 3,PS2,2004.0,Fighting,Warner Bros. Interactive,0.1,0.04,0.02,0.01,0.17
1803,Conquest Heroes III,PS3,2013.0,Action,Activision,0.08,0.05,0.03,0.01,0.17
1804,Odyssey Honor,PC,2003.0,Platform,Ubisoft,0.06,0.05,0.03,0.02,0.16
1805,Glory Warriors: Reborn,PC,,Role-Playing,Epic Games,0.03,0.03,0.09,0.01,0.16
1806,Quest for Nations 2,X360,2010.0,Fighting,Microsoft Game Studios,0.05,0.05,0.04,0.02,0.16
1807,Heroes Skies: Next Gen,PSP,2007.0,Sports,Sony Computer Entertainment,0.06,0.09,0.0,0.01,0.16
1808,Rise of Valor 2,GBA,2001.0,Simulation,Warner Bros. Interactive,0.1,0.04,0.01,0.01,0.16
1809,Frontier Fairways: Next Gen,SNES,1996.0,Racing,Epic Games,0.06,0.06,0.01,0.03,0.16
1810,Shadow of Shadows: Next Gen,XOne,2015.0,Adventure,Atari,0.06,0.05,0.01,0.04,0.16
1811,Chronicles of Nations III,PS2,2001.0,Role-Playing,Namco Bandai Games,0.02,0.01,0.09,0.04,0.16
1812,Empires Rebellion III,GC,2002.0,Shooter,Activision,0.05,0.08,0.01,0.02,0.16
1813,Realm of Heroes: Reborn,PS3,2014.0,Action,Epic Games,0.07,0.06,0.01,0.02,0.16
1814,Shadow of Storm 3,GC,2003.0,Strategy,Epic Games,0.05,0.07,0.01,0.03,0.16
1815,Age of Nations: Remastered,PS4,2014.0,Fighting,Ubisoft,0.07,0.04,0.03,0.02,0.16
1816,Honor Nations: Reborn,XB,2007.0,Sports,Konami Digital Entertainment,0.06,0.05,0.01,0.04,0.16
1817,Chronicles of Storm 3,GBA,2005.0,Fighting,Activision,0.07,0.04,0.02,0.03,0.16
1818,Fury Dragons: Next Gen,PC,2000.0,Shooter,Activision,0.11,0.04,0.0,0.01,0.16
1819,Age of Skies,GC,2006.0,Sports,Sega,0.1,0.03,0.01,0.02,0.16
1820,Tales of Fairways,SNES,1995.0,Simulation,Disney Interactive Studios,0.06,0.05,0.04,0.01,0.16
1821,Battle for Storm: Origins,PS4,2016.0,Role-Playing,Epic Games,0.06,0.01,0.07,0.02,0.16
1822,Legends Honor III,PS,1997.0,Shooter,Take-Two Interactive,0.08,0.05,0.0,0.03,0.16
1823,Shadow of Glory,PSV,2015.0,Shooter,Electronic Arts,0.08,0.04,0.02,0.02,0.16
1824,Shadow of Rebellion: Reborn,PS3,2013.0,Racing,Warner Bros. Interactive,0.12,0.03,0.0,0.01,0.16
1825,Chronicles of Dragons: Origins,Switch,2017.0,Adventure,CD Projekt,0.05,0.06,0.04,0.01,0.16
1826,Shadows Nations,GBA,2006.0,Action,2K Games,0.09,0.03,0.02,0.02,0.16
1827,Kingdom of Nations: Remastered,PC,2003.0,Action,Activision,0.06,0.06,0.01,0.03,0.16
1828,Champions Warriors II,3DS,2013.0,Action,Nintendo,0.08,0.06,0.01,0.01,0.16
1829,Legend of Legends: Remastered,GBA,2007.0,Shooter,Electronic Arts,0.04,0.03,0.02,0.07,0.16
1830,Depths Arena: Reborn,SNES,2006.0,Puzzle,Nintendo,0.09,0.04,0.01,0.02,0.16
1831,Rise of Fury: Reborn,PSV,2011.0,Misc,Electronic Arts,0.09,0.03,0.03,0.01,0.16
1832,Legends Glory 3,PS,2007.0,Shooter,THQ,0.07,0.04,0.02,0.03,0.16
1833,Nations Nations,PS2,2004.0,Simulation,Microsoft Game Studios,0.07,0.05,0.02,0.02,0.16
1834,Shadow of Titans: Revolution,XOne,2015.0,Platform,Nintendo,0.09,0.05,0.02,0.0,0.16
1835,Empires Valor,Switch,2019.0,Adventure,Microsoft Game Studios,0.06,0.05,0.02,0.03,0.16
1836,Storm Odyssey: Next Gen,N64,2006.0,Strategy,Electronic Arts,0.07,0.05,0.03,0.01,0.16
1837,Chronicles of Shadows Gold Edition,Switch,,Adventure,Capcom,0.06,0.02,0.05,0.03,0.16
1838,Warriors Glory Gold Edition,XB,2004.0,Sports,Warner Bros. Interactive,0.08,0.02,0.02,0.04,0.16
1839,Valor Glory 3,PS2,2003.0,Shooter,Electronic Arts,0.06,0.03,0.01,0.06,0.16
1840,Realm of Glory: Next Gen,X360,2014.0,Sports,Take-Two Interactive,0.06,0.06,0.02,0.02,0.16
1841,Empire of Gridiron 3,PSP,2008.0,Simulation,Take-Two Interactive,0.09,0.04,0.02,0.01,0.16
1842,Legend of Odyssey II,XB,2009.0,Puzzle,Take-Two Interactive,0.04,0.05,0.03,0.04,0.16
1843,Dragons Honor,PS4,2017.0,Shooter,Electronic Arts,0.11,0.03,0.0,0.02,0.16
1844,Call of Odyssey 2,X360,2016.0,Shooter,Bethesda Softworks,0.03,0.08,0.02,0.03,0.16
1845,Call of Honor III,GBA,2002.0,Platform,Epic Games,0.07,0.06,0.03,0.0,0.16
1846,Glory Nations,Switch,2018.0,Sports,Epic Games,0.08,0.05,0.0,0.03,0.16
1847,Rebellion Empires,GBA,2007.0,Sports,Warner Bros. Interactive,0.11,0.04,0.0,0.01,0.16
1848,Age of Destiny Gold Edition,GC,2002.0,Racing,Namco Bandai Games,0.09,0.06,0.0,0.01,0.16
1849,Heroes Glory III,XOne,2013.0,Racing,CD Projekt,0.13,0.02,0.0,0.01,0.16
1850,Glory Storm: Origins,3DS,2020.0,Role-Playing,Bethesda Softworks,0.06,0.03,0.06,0.01,0.16
1851,Gridiron Arena II,Wii,2016.0,Adventure,Ubisoft,0.05,0.06,0.02,0.03,0.16
1852,Racing Stars Conquest Gold Edition,GB,2005.0,Role-Playing,Bethesda Softworks,0.04,0.03,0.07,0.02,0.16
1853,Age of Titans: Remastered,N64,2004.0,Racing,2K Games,0.09,0.05,0.01,0.01,0.16
1854,Conquest Glory: Remastered,GC,2004.0,Shooter,Microsoft Game Studios,0.07,0.03,0.04,0.02,0.16
1855,Valor Shadows 2,PS3,2017.0,Adventure,CD Projekt,0.05,0.07,0.02,0.02,0.16
1856,Saga of Odyssey: Reborn,N64,2003.0,Platform,Warner Bros. Interactive,0.07,0.06,0.01,0.02,0.16
1857,Odyssey Fairways,PS2,2001.0,Platform,Take-Two Interactive,0.1,0.04,0.01,0.01,0.16
1858,Saga of Depths: Revolution,PS3,2008.0,Shooter,Electronic Arts,0.1,0.03,0.01,0.02,0.16
1859,Empires Fury 3,Switch,2019.0,Sports,Microsoft Game Studios,0.05,0.08,0.0,0.03,0.16
1860,Nations Heroes 3,PS4,2018.0,Platform,Sega,0.07,0.05,0.01,0.03,0.16
1861,Frontier Gridiron 2,XB,2007.0,Racing,2K Games,0.09,0.05,0.0,0.02,0.16
1862,Age of Conquest: Revolution,DS,2006.0,Action,Microsoft Game Studios,0.05,0.05,0.02,0.04,0.16
1863,Battle for Arena III,X360,2014.0,Role-Playing,Sega,0.04,0.06,0.06,0.0,0.16
1864,Call of Rebellion II,3DS,2014.0,Role-Playing,Atari,0.03,0.04,0.07,0.02,0.16
1865,Shadow of Honor: Origins,PSP,2005.0,Adventure,Bethesda Softworks,0.11,0.05,0.0,0.0,0.16
1866,Quest for Dragons: Revolution,GBA,2002.0,Misc,Disney Interactive Studios,0.03,0.05,0.04,0.04,0.16
1867,World of Valor II,PS,1997.0,Racing,Sega,0.1,0.03,0.0,0.03,0.16
1868,Heroes Valor III,GB,2004.0,Role-Playing,Nintendo,0.04,0.05,0.05,0.02,0.16
1869,Kingdom of Skies: Origins,GC,2012.0,Sports,Epic Games,0.07,0.05,0.01,0.03,0.16
1870,Quest for Odyssey II,PS2,2005.0,Role-Playing,Sega,0.04,0.04,0.06,0.02,0.16
1871,Legend of Arena III,X360,2008.0,Fighting,Activision,0.04,0.03,0.05,0.04,0.16
1872,Destiny Fury 3,SNES,2005.0,Simulation,Sega,0.08,0.05,0.02,0.01,0.16
1873,Age of Legends 2,PS2,2003.0,Puzzle,Take-Two Interactive,0.08,0.05,0.01,0.02,0.16
1874,Warriors Destiny II,PC,1998.0,Role-Playing,THQ,0.03,0.04,0.08,0.01,0.16
1875,Age of Legends: Remastered,PSV,2013.0,Simulation,Epic Games,0.08,0.04,0.02,0.02,0.16
1876,Legend of Rebellion: Remastered,X360,2006.0,Adventure,Square Enix,0.06,0.03,0.03,0.04,0.16
1877,Titans Glory,GB,2003.0,Role-Playing,2K Games,0.07,0.03,0.06,0.0,0.16
1878,Saga of Arena,WiiU,2017.0,Adventure,CD Projekt,0.09,0.04,0.02,0.01,0.16
1879,Tales of Shadows,PC,1996.0,Platform,Warner Bros. Interactive,0.1,0.02,0.03,0.01,0.16
1880,Glory Conquest Gold Edition,PS2,2006.0,Fighting,Capcom,0.04,0.07,0.01,0.04,0.16
1881,Empires Legends,XOne,2019.0,Platform,Ubisoft,0.05,0.05,0.05,0.01,0.16
1882,Honor Champions,WiiU,2018.0,Action,Konami Digital Entertainment,0.06,0.05,0.03,0.02,0.16
1883,World of Dragons III,XB,2006.0,Action,Activision,0.04,0.04,0.05,0.03,0.16
1884,Titans Valor III,PS4,2019.0,Simulation,CD Projekt,0.11,0.04,0.01,0.0,0.16
1885,Fall of Heroes,X360,2008.0,Strategy,CD Projekt,0.09,0.05,0.01,0.01,0.16
1886,Storm Racing Stars: Origins,PSP,2009.0,Misc,Microsoft Game Studios,0.06,0.07,0.01,0.02,0.16
1887,Depths Titans Gold Edition,SNES,2005.0,Sports,Atari,0.08,0.07,0.0,0.01,0.16
1888,Battle for Heroes II,XB,2007.0,Adventure,CD Projekt,0.03,0.04,0.06,0.03,0.16
1889,Dragons Fairways: Next Gen,N64,2007.0,Platform,Nintendo,0.05,0.08,0.02,0.01,0.16
1890,Nations Honor 3,XOne,2019.0,Simulation,Microsoft Game Studios,0.04,0.08,0.03,0.01,0.16
1891,Empires Legends II,3DS,2020.0,Puzzle,Microsoft Game Studios,0.05,0.07,0.02,0.02,0.16
1892,Glory Skies: Remastered,X360,2007.0,Strategy,Take-Two Interactive,0.08,0.06,0.01,0.01,0.16
1893,Rise of Legends 3,GBA,2009.0,Sports,Electronic Arts,0.07,0.06,0.01,0.02,0.16
1894,Shadow of Conquest 2,PS2,2000.0,Sports,Konami Digital Entertainment,0.07,0.05,0.0,0.04,0.16
1895,Honor Odyssey: Revolution,PSV,2014.0,Fighting,Activision,0.05,0.05,0.04,0.02,0.16
1896,Valor Frontier: Next Gen,DS,2007.0,Adventure,Square Enix,0.07,0.05,0.03,0.01,0.16
1897,Rebellion Warriors II,3DS,2019.0,Sports,Capcom,0.06,0.08,0.01,0.01,0.16
1898,Call of Legends 2,PSV,2016.0,Platform,2K Games,0.05,0.03,0.03,0.05,0.16
1899,Battle for Champions: Next Gen,PS2,2006.0,Action,Nintendo,0.07,0.06,0.02,0.01,0.16
1900,Age of Storm: Next Gen,XB,2003.0,Action,Atari,0.08,0.04,0.04,0.0,0.16
1901,Chronicles of Storm III,3DS,2015.0,Role-Playing,THQ,0.07,0.05,0.04,0.0,0.16
1902,Fall of Frontier: Next Gen,GB,2004.0,Adventure,CD Projekt,0.08,0.04,0.02,0.02,0.16
1903,Quest for Warriors 3,3DS,2018.0,Action,Bethesda Softworks,0.06,0.06,0.03,0.01,0.16
1904,Empire of Titans: Remastered,SNES,2003.0,Role-Playing,Bethesda Softworks,0.06,0.04,0.05,0.01,0.16
1905,Realm of Fairways: Revolution,X360,2009.0,Platform,Take-Two Interactive,0.06,0.04,0.03,0.03,0.16
1906,Valor Gridiron: Reborn,PS,2003.0,Shooter,Microsoft Game Studios,0.07,0.06,0.02,0.01,0.16
1907,Kingdom of Skies: Remastered,GC,2007.0,Sports,Warner Bros. Interactive,0.08,0.05,0.01,0.02,0.16
1908,Heroes Titans 2,3DS,2014.0,Action,Take-Two Interactive,0.06,0.05,0.02,0.03,0.16
1909,Battle for Gridiron Gold Edition,PS3,2014.0,Racing,Sega,0.09,0.06,0.0,0.01,0.16
1910,Valor Rebellion II,XOne,2019.0,Adventure,CD Projekt,0.07,0.04,0.02,0.03,0.16
1911,Legend of Destiny: Revolution,Switch,2018.0,Adventure,Bethesda Softworks,0.04,0.08,0.02,0.02,0.16
1912,Frontier Duty III,XOne,2013.0,Simulation,Microsoft Game Studios,0.07,0.03,0.01,0.05,0.16
1913,Racing Stars Shadows Gold Edition,N64,2004.0,Role-Playing,Sony Computer Entertainment,0.05,0.02,0.07,0.02,0.16
1914,Battle for Rebellion,3DS,2016.0,Action,Bethesda Softworks,0.08,0.03,0.03,0.02,0.16
1915,Rebellion Depths: Revolution,DS,2010.0,Platform,2K Games,0.06,0.07,0.02,0.01,0.16
1916,Odyssey Fury: Reborn,SNES,1997.0,Misc,Capcom,0.1,0.04,0.01,0.01,0.16
1917,Legend of Legends: Next Gen,SNES,1996.0,Misc,Bethesda Softworks,0.06,0.06,0.03,0.01,0.16
1918,Shadows Gridiron 3,GB,2004.0,Racing,Namco Bandai Games,0.09,0.05,0.01,0.01,0.16
1919,Rise of Conquest 3,GBA,2003.0,Action,Konami Digital Entertainment,0.07,0.06,0.02,0.01,0.16
1920,Legends Glory: Reborn,Switch,2018.0,Platform,Electronic Arts,0.09,0.06,0.01,0.0,0.16
1921,Realm of Champions 2,PS3,2015.0,Simulation,,0.06,0.08,0.01,0.01,0.16
1922,Tales of Fury,GB,1998.0,Role-Playing,Nintendo,0.04,0.03,0.07,0.01,0.15
1923,Call of Honor Gold Edition,Wii,2011.0,Action,Activision,0.05,0.06,0.01,0.03,0.15
1924,Legends Glory: Reborn,PSP,2005.0,Racing,Electronic Arts,0.08,0.02,0.0,0.05,0.15
1925,Shadow of Heroes: Remastered,GB,1997.0,Simulation,Atari,0.06,0.05,0.02,0.02,0.15
1926,Nations Glory,PC,1997.0,Role-Playing,Sony Computer Entertainment,0.03,0.02,0.09,0.01,0.15
1927,Fall of Storm: Next Gen,GC,2001.0,Platform,Activision,0.07,0.03,0.04,0.01,0.15
1928,Quest for Nations Gold Edition,GBA,2004.0,Simulation,Electronic Arts,0.03,0.06,0.02,0.04,0.15
1929,Legends Shadows III,PS2,2007.0,Action,Sega,0.05,0.03,0.05,0.02,0.15
1930,Heroes Champions 2,3DS,2018.0,Racing,Namco Bandai Games,0.07,0.03,0.0,0.05,0.15
1931,Tales of Destiny 2,PC,1996.0,Platform,Atari,0.05,0.04,0.04,0.02,0.15
1932,Nations Fury: Reborn,PS,1999.0,Platform,Konami Digital Entertainment,0.04,0.07,0.01,0.03,0.15
1933,Shadow of Valor: Revolution,WiiU,2012.0,Sports,Electronic Arts,0.1,0.03,0.01,0.01,0.15
1934,Fall of Valor 2,DS,2014.0,Simulation,Namco Bandai Games,0.08,0.03,0.02,0.02,0.15
1935,Fury Destiny II,WiiU,2017.0,Strategy,Namco Bandai Games,0.09,0.02,0.02,0.02,0.15
1936,Empire of Shadows,Switch,2019.0,Role-Playing,CD Projekt,0.03,0.05,0.04,0.03,0.15
1937,Conquest Titans 3,PS2,2006.0,Adventure,Square Enix,0.06,0.05,0.03,0.01,0.15
1938,Realm of Empires: Remastered,X360,2014.0,Role-Playing,Ubisoft,0.04,0.03,0.05,0.03,0.15
1939,Tales of Skies: Revolution,PS4,2019.0,Role-Playing,Konami Digital Entertainment,0.06,0.03,0.05,0.01,0.15
1940,Champions Racing Stars: Reborn,PS3,2006.0,Role-Playing,CD Projekt,0.05,0.03,0.04,0.03,0.15
1941,Call of Heroes,GBA,2007.0,Sports,Electronic Arts,0.1,0.03,0.0,0.02,0.15
1942,World of Odyssey 3,GB,1998.0,Puzzle,Warner Bros. Interactive,0.03,0.08,0.02,0.02,0.15
1943,Kingdom of Valor,Wii,2011.0,Racing,CD Projekt,0.07,0.04,0.01,0.03,0.15
1944,Realm of Fairways,Wii,2011.0,Simulation,Electronic Arts,0.05,0.08,0.01,0.01,0.15
1945,Legend of Heroes: Reborn,GB,2001.0,Strategy,CD Projekt,0.06,0.03,0.03,0.03,0.15
1946,Fall of Racing Stars III,XB,2003.0,Shooter,Take-Two Interactive,0.08,0.04,0.0,0.03,0.15
1947,Fall of Legends: Reborn,X360,2006.0,Adventure,Ubisoft,0.06,0.05,0.02,0.02,0.15
1948,Quest for Skies: Next Gen,PSV,2012.0,Misc,Take-Two Interactive,0.07,0.05,0.02,0.01,0.15
1949,Tales of Depths: Revolution,DS,2012.0,Simulation,Microsoft Game Studios,0.05,0.06,0.03,0.01,0.15
1950,Warriors Depths 2,Wii,2009.0,Platform,Sony Computer Entertainment,0.06,0.04,0.03,0.02,0.15
1951,Skies Nations: Revolution,PS2,2003.0,Misc,Sega,0.05,0.06,0.01,0.03,0.15
1952,Honor Arena: Origins,PS,2000.0,Sports,Activision,0.06,0.04,0.02,0.03,0.15
1953,Empire of Titans: Next Gen,GC,2010.0,Role-Playing,Square Enix,0.06,0.04,0.05,0.0,0.15
1954,Heroes Honor: Next Gen,Switch,2019.0,Shooter,Nintendo,0.08,0.04,0.0,0.03,0.15
1955,Age of Warriors III,3DS,2018.0,Shooter,Activision,0.07,0.04,0.01,0.03,0.15
1956,Age of Depths III,PSV,2018.0,Action,Namco Bandai Games,0.05,0.06,0.02,0.02,0.15
1957,Realm of Duty: Revolution,GB,2002.0,Misc,THQ,0.06,0.06,0.02,0.01,0.15
1958,Rise of Warriors: Remastered,PSP,2013.0,Misc,Ubisoft,0.08,0.05,0.01,0.01,0.15
1959,Valor Heroes: Reborn,DS,2006.0,Racing,Epic Games,0.11,0.02,0.01,0.01,0.15
1960,Legend of Valor: Origins,DS,2005.0,Misc,Atari,0.0,0.08,0.04,0.03,0.15
1961,Empire of Empires: Reborn,PS2,2000.0,Shooter,Electronic Arts,0.07,0.05,0.01,0.02,0.15
1962,Quest for Shadows: Reborn,Switch,2019.0,Simulation,Microsoft Game Studios,0.05,0.06,0.02,0.02,0.15
1963,Legend of Fairways,Switch,2020.0,Role-Playing,CD Projekt,0.05,0.02,0.07,0.01,0.15
1964,Valor Gridiron: Reborn,PS,2009.0,Misc,Take-Two Interactive,0.05,0.08,0.01,0.01,0.15
1965,Fury Skies: Reborn,Wii,2007.0,Simulation,Warner Bros. Interactive,0.1,0.03,0.01,0.01,0.15
1966,Gridiron Depths: Origins,XB,2004.0,Puzzle,Capcom,0.06,0.04,0.03,0.02,0.15
1967,Empire of Conquest,PS4,2013.0,Misc,Microsoft Game Studios,0.07,0.03,0.01,0.04,0.15
1968,Titans Nations: Revolution,PS2,2000.0,Action,Nintendo,0.06,0.06,0.02,0.01,0.15
1969,Arena Empires,GBA,2002.0,Action,Activision,0.06,0.04,0.02,0.03,0.15
1970,Rebellion Racing Stars: Origins,PSP,2014.0,Role-Playing,Square Enix,0.07,0.03,0.05,0.0,0.15
1971,Empire of Shadows,XB,2004.0,Sports,THQ,0.08,0.05,0.0,0.02,0.15
1972,Age of Fairways: Origins,GB,2004.0,Sports,Bethesda Softworks,0.06,0.06,0.0,0.03,0.15
1973,Skies Destiny 2,GC,2004.0,Sports,Sony Computer Entertainment,0.07,0.04,0.01,0.03,0.15
1974,Realm of Valor 2,3DS,2013.0,Fighting,Capcom,0.04,0.04,0.04,0.03,0.15
1975,Skies Heroes: Revolution,PC,1995.0,Action,Ubisoft,0.04,0.04,0.05,0.02,0.15
1976,World of Fury II,PS2,2002.0,Action,Bethesda Softworks,0.08,0.04,0.01,0.02,0.15
1977,Call of Destiny: Origins,WiiU,2012.0,Sports,Electronic Arts,0.1,0.03,0.0,0.02,0.15
1978,Tales of Shadows,GBA,2005.0,Adventure,2K Games,0.08,0.04,0.01,0.02,0.15
1979,Quest for Fury: Origins,PS2,2003.0,Role-Playing,Bethesda Softworks,0.04,0.03,0.07,0.01,0.15
1980,Depths Legends Gold Edition,GBA,2004.0,Racing,Sega,0.08,0.04,0.01,0.02,0.15
1981,Destiny Arena: Next Gen,N64,2000.0,Shooter,Microsoft Game Studios,0.09,0.04,0.01,0.01,0.15
1982,World of Fury: Revolution,GC,2009.0,Action,Activision,0.05,0.07,0.02,0.01,0.15
1983,Shadows Odyssey II,GBA,2009.0,Shooter,Disney Interactive Studios,0.09,0.03,0.0,0.03,0.15
1984,Champions Depths III,PS3,2013.0,Action,Nintendo,0.06,0.06,0.02,0.01,0.15
1985,Fairways Arena: Next Gen,PSP,2007.0,Platform,Nintendo,0.06,0.05,0.02,0.02,0.15
1986,Realm of Dragons 3,Wii,2013.0,Shooter,2K Games,0.04,0.05,0.03,0.03,0.15
1987,Storm Odyssey,PS4,2019.0,Role-Playing,2K Games,0.04,0.05,0.03,0.03,0.15
1988,Chronicles of Destiny 2,Wii,2011.0,Action,Electronic Arts,0.05,0.04,0.03,0.03,0.15
1989,Conquest Odyssey 3,X360,2007.0,Strategy,Activision,0.07,0.03,0.03,0.02,0.15
1990,Tales of Odyssey 3,PS4,2020.0,Misc,Ubisoft,0.03,0.05,0.03,0.04,0.15
1991,Warriors Fury,X360,2009.0,Sports,Take-Two Interactive,0.08,0.03,0.0,0.04,0.15
1992,Legend of Champions,PS3,2008.0,Racing,THQ,0.07,0.06,0.0,0.02,0.15
1993,Fall of Shadows II,PC,2001.0,Platform,Namco Bandai Games,0.04,0.08,0.02,0.01,0.15
1994,Glory Nations: Revolution,PS2,2001.0,Shooter,Konami Digital Entertainment,0.09,0.04,0.01,0.01,0.15
1995,Depths Fury 3,PS4,2015.0,Sports,Disney Interactive Studios,0.08,0.04,0.01,0.02,0.15
1996,Legend of Arena: Origins,PSP,2004.0,Shooter,2K Games,0.08,0.04,0.01,0.02,0.15
1997,Valor Legends: Origins,WiiU,2020.0,Racing,Electronic Arts,0.06,0.07,0.0,0.02,0.15
1998,Quest for Gridiron: Remastered,Switch,2020.0,Racing,Sega,0.08,0.06,0.0,0.01,0.15
1999,Quest for Gridiron: Origins,N64,1997.0,Adventure,Square Enix,0.05,0.05,0.02,0.03,0.15
2000,Legend of Storm: Revolution,X360,2014.0,Puzzle,2K Games,0.03,0.07,0.03,0.02,0.15
2001,Storm Frontier: Revolution,PS2,2002.0,Misc,Sony Computer Entertainment,0.06,0.04,0.02,0.03,0.15
2002,Saga of Storm: Reborn,WiiU,2020.0,Role-Playing,Square Enix,0.05,0.05,0.04,0.01,0.15
2003,Call of Warriors II,X360,2013.0,Simulation,Ubisoft,0.08,0.04,0.02,0.01,0.15
2004,Saga of Conquest Gold Edition,PS4,2015.0,Shooter,Bethesda Softworks,0.08,0.04,0.01,0.02,0.15
2005,Kingdom of Storm: Revolution,PSP,2005.0,Misc,Namco Bandai Games,0.07,0.05,0.03,0.0,0.15
2006,Empires Shadows: Revolution,XOne,2017.0,Misc,Activision,0.04,0.04,0.05,0.02,0.15
2007,Legend of Honor,DS,2005.0,Shooter,Ubisoft,0.09,0.03,0.0,0.03,0.15
2008,Legend of Gridiron III,PC,1995.0,Platform,Warner Bros. Interactive,0.07,0.06,0.02,0.0,0.15
2009,Call of Valor,GC,2010.0,Strategy,Disney Interactive Studios,0.07,0.05,0.01,0.02,0.15
2010,Heroes Racing Stars II,PSV,2013.0,Misc,Ubisoft,0.07,0.02,0.03,0.03,0.15
2011,Fairways Warriors: Next Gen,PSP,2012.0,Misc,2K Games,0.07,0.06,0.01,0.01,0.15
2012,Dragons Duty: Revolution,PSV,2013.0,Sports,Microsoft Game Studios,0.05,0.06,0.01,0.03,0.15
2013,Kingdom of Honor: Next Gen,GC,2006.0,Sports,Disney Interactive Studios,0.08,0.04,0.01,0.02,0.15
2014,Arena Titans 3,PS4,2017.0,Role-Playing,Microsoft Game Studios,0.03,0.04,0.06,0.02,0.15
2015,Empires Depths: Origins,WiiU,2013.0,Misc,Disney Interactive Studios,0.08,0.04,0.02,0.01,0.15
2016,Legends Duty 2,GC,2007.0,Role-Playing,Warner Bros. Interactive,0.05,0.03,0.05,0.02,0.15
2017,Tales of Duty,SNES,2003.0,Puzzle,Warner Bros. Interactive,0.06,0.03,0.05,0.01,0.15
2018,Legend of Heroes III,PSP,2014.0,Simulation,Konami Digital Entertainment,0.04,0.05,0.03,0.03,0.15
2019,Age of Storm: Remastered,Wii,2008.0,Strategy,Epic Games,0.08,0.04,0.02,0.01,0.15
2020,Depths Rebellion: Remastered,Wii,2008.0,Action,Bethesda Softworks,0.06,0.03,0.05,0.01,0.15
2021,Empires Warriors: Next Gen,Wii,2016.0,Adventure,Bethesda Softworks,0.06,0.05,0.01,0.03,0.15
2022,Chronicles of Gridiron 3,GB,1997.0,Shooter,Sony Computer Entertainment,0.06,0.04,0.0,0.05,0.15
2023,Arena Fairways III,GBA,2007.0,Strategy,Atari,0.05,0.03,0.07,0.0,0.15
2024,Call of Heroes 2,WiiU,2013.0,Shooter,Sony Computer Entertainment,0.07,0.02,0.04,0.02,0.15
2025,Honor Dragons 2,XB,2005.0,Adventure,2K Games,0.04,0.08,0.02,0.01,0.15
2026,World of Frontier,WiiU,2014.0,Sports,Disney Interactive Studios,0.1,0.02,0.0,0.03,0.15
2027,Kingdom of Empires III,3DS,2020.0,Role-Playing,CD Projekt,0.04,0.01,0.09,0.01,0.15
2028,Empire of Depths,WiiU,2016.0,Strategy,CD Projekt,0.06,0.05,0.03,0.01,0.15
2029,Empire of Gridiron: Remastered,N64,2003.0,Adventure,Namco Bandai Games,0.06,0.06,0.02,0.01,0.15
2030,Frontier Racing Stars: Reborn,GB,2000.0,Role-Playing,Warner Bros. Interactive,0.02,0.05,0.07,0.01,0.15
2031,Fall of Honor: Remastered,PS,2004.0,Fighting,Konami Digital Entertainment,0.05,0.07,0.02,0.01,0.15
2032,Empire of Gridiron: Next Gen,X360,2012.0,Role-Playing,Namco Bandai Games,0.03,0.03,0.07,0.02,0.15
2033,Glory Empires Gold Edition,DS,2009.0,Adventure,Square Enix,0.07,0.04,0.01,0.03,0.15
2034,Chronicles of Destiny: Revolution,XOne,2018.0,Simulation,Nintendo,0.09,0.04,0.01,0.01,0.15
2035,Racing Stars Nations: Remastered,Wii,2015.0,Role-Playing,Disney Interactive Studios,0.02,0.07,0.05,0.01,0.15
2036,Conquest Heroes: Revolution,SNES,2003.0,Racing,Warner Bros. Interactive,0.07,0.05,0.01,0.02,0.15
2037,Kingdom of Conquest 2,PS3,2009.0,Fighting,Take-Two Interactive,0.08,0.04,0.02,0.01,0.15
2038,Kingdom of Frontier: Revolution,XOne,2020.0,Fighting,Capcom,0.08,0.03,0.02,0.01,0.14
2039,Rise of Heroes: Next Gen,Switch,2017.0,Action,Take-Two Interactive,0.07,0.04,0.03,0.0,0.14
2040,Fall of Depths,PS4,2016.0,Racing,2K Games,0.04,0.08,0.02,0.0,0.14
2041,Empire of Odyssey Gold Edition,3DS,2018.0,Action,Activision,0.08,0.03,0.02,0.01,0.14
2042,Gridiron Shadows,XB,2004.0,Shooter,Activision,0.04,0.07,0.01,0.02,0.14
2043,Fury Depths: Revolution,SNES,2001.0,Adventure,CD Projekt,0.08,0.02,0.02,0.02,0.14
2044,Heroes Fairways Gold Edition,Switch,2018.0,Puzzle,Microsoft Game Studios,0.07,0.02,0.02,0.03,0.14
2045,Legends Fairways 3,SNES,2003.0,Action,Atari,0.05,0.03,0.04,0.02,0.14
2046,Titans Depths: Reborn,SNES,1994.0,Adventure,Square Enix,0.07,0.03,0.02,0.02,0.14
2047,Fall of Fury 2,WiiU,2017.0,Puzzle,Sega,0.04,0.04,0.04,0.02,0.14
2048,Legend of Champions,3DS,2019.0,Fighting,Take-Two Interactive,0.1,0.02,0.01,0.01,0.14
2049,Honor Warriors,PS4,2020.0,Puzzle,Ubisoft,0.06,0.04,0.03,0.01,0.14
2050,Empire of Destiny: Reborn,XB,2005.0,Adventure,Bethesda Softworks,0.06,0.05,0.01,0.02,0.14
2051,Empire of Frontier: Remastered,GBA,2007.0,Sports,Nintendo,0.07,0.03,0.01,0.03,0.14
2052,Titans Champions: Origins,GB,1999.0,Adventure,Ubisoft,0.04,0.04,0.04,0.02,0.14
2053,Valor Destiny: Next Gen,X360,2012.0,Fighting,Activision,0.08,0.03,0.01,0.02,0.14
2054,Glory Racing Stars II,PS2,2004.0,Adventure,Ubisoft,0.09,0.04,0.01,0.0,0.14
2055,Racing Stars Odyssey: Remastered,PS4,2013.0,Role-Playing,Atari,0.07,0.02,0.03,0.02,0.14
2056,Chronicles of Racing Stars,Switch,2019.0,Misc,Disney Interactive Studios,0.05,0.06,0.02,0.01,0.14
2057,Call of Dragons III,XOne,2016.0,Strategy,Nintendo,0.06,0.03,0.03,0.02,0.14
2058,Age of Empires: Remastered,PS4,2017.0,Racing,Warner Bros. Interactive,0.08,0.03,0.0,0.03,0.14
2059,Duty Champions,WiiU,2014.0,Role-Playing,Square Enix,0.04,0.03,0.07,0.0,0.14
2060,Storm Destiny: Revolution,XB,2009.0,Sports,Bethesda Softworks,0.06,0.06,0.0,0.02,0.14
2061,Realm of Skies Gold Edition,Wii,2012.0,Fighting,Konami Digital Entertainment,0.06,0.07,0.01,0.0,0.14
2062,Saga of Skies: Remastered,XB,2001.0,Action,CD Projekt,0.06,0.03,0.03,0.02,0.14
2063,Fury Fury: Revolution,N64,2000.0,Strategy,Microsoft Game Studios,0.08,0.01,0.03,0.02,0.14
2064,Odyssey Depths: Next Gen,XB,2010.0,Sports,2K Games,0.06,0.05,0.01,0.02,0.14
2065,Heroes Odyssey II,WiiU,2013.0,Adventure,Capcom,0.08,0.03,0.01,0.02,0.14
2066,Battle for Conquest: Next Gen,Wii,2006.0,Misc,Epic Games,0.07,0.05,0.01,0.01,0.14
2067,Saga of Valor Gold Edition,PSV,2011.0,Action,CD Projekt,0.08,0.04,0.01,0.01,0.14
2068,Kingdom of Valor: Remastered,PS4,2020.0,Adventure,Bethesda Softworks,0.06,0.04,0.02,0.02,0.14
2069,Empire of Legends: Origins,PSP,2013.0,Role-Playing,Sony Computer Entertainment,0.05,0.02,0.04,0.03,0.14
2070,Legend of Frontier Gold Edition,PSV,2017.0,Action,Take-Two Interactive,0.05,0.04,0.01,0.04,0.14
2071,Saga of Fury II,Switch,2017.0,Fighting,Konami Digital Entertainment,0.08,0.03,0.01,0.02,0.14
2072,Chronicles of Warriors,N64,2003.0,Strategy,CD Projekt,0.05,0.06,0.02,0.01,0.14
2073,Quest for Storm: Remastered,X360,2014.0,Sports,Epic Games,0.06,0.05,0.01,0.02,0.14
2074,Fall of Duty: Remastered,PSP,2011.0,Racing,Capcom,0.08,0.04,0.01,0.01,0.14
2075,Fairways Depths Gold Edition,X360,2016.0,Shooter,Warner Bros. Interactive,0.06,0.05,0.01,0.02,0.14
2076,Realm of Shadows: Origins,GBA,2009.0,Role-Playing,Ubisoft,0.04,0.05,0.04,0.01,0.14
2077,Glory Rebellion III,PSP,2016.0,Puzzle,2K Games,0.06,0.02,0.02,0.04,0.14
2078,Rise of Empires II,PSP,2006.0,Role-Playing,Capcom,0.07,0.02,0.04,0.01,0.14
2079,World of Titans: Origins,PS4,2018.0,Simulation,Epic Games,0.08,0.04,0.01,0.01,0.14
2080,Valor Dragons: Next Gen,Switch,2018.0,Racing,THQ,0.06,0.03,0.02,0.03,0.14
2081,Battle for Conquest,PSP,2010.0,Misc,Sony Computer Entertainment,0.07,0.04,0.01,0.02,0.14
2082,Titans Honor Gold Edition,PSP,2004.0,Sports,Sega,0.07,0.04,0.01,0.02,0.14
2083,Honor Destiny: Revolution,GC,2001.0,Action,Disney Interactive Studios,0.04,0.08,0.02,0.0,0.14
2084,Gridiron Rebellion 2,N64,2003.0,Action,Konami Digital Entertainment,0.06,0.04,0.01,0.03,0.14
2085,Saga of Duty,Switch,2017.0,Action,Namco Bandai Games,0.03,0.09,0.01,0.01,0.14
2086,Battle for Empires: Revolution,GB,1998.0,Puzzle,Warner Bros. Interactive,0.07,0.04,0.01,0.02,0.14
2087,Call of Frontier: Revolution,XB,2004.0,Fighting,Sega,0.05,0.05,0.03,0.01,0.14
2088,World of Champions,XOne,2018.0,Platform,,0.06,0.04,0.03,0.01,0.14
2089,Legend of Fury 2,PS,2006.0,Sports,Electronic Arts,0.06,0.03,0.01,0.04,0.14
2090,Champions Frontier Gold Edition,3DS,2020.0,Puzzle,Disney Interactive Studios,0.05,0.05,0.01,0.03,0.14
2091,Rebellion Honor: Reborn,GBA,2001.0,Strategy,Sega,0.07,0.04,0.02,0.01,0.14
2092,Legend of Conquest: Revolution,DS,2009.0,Platform,Atari,0.04,0.07,0.01,0.02,0.14
2093,Odyssey Nations,N64,1999.0,Racing,Electronic Arts,0.08,0.03,0.0,0.03,0.14
2094,Quest for Valor: Next Gen,PS2,,Sports,Electronic Arts,0.06,0.07,0.0,0.01,0.14
2095,Age of Glory 2,3DS,2017.0,Role-Playing,Epic Games,0.05,0.03,0.05,0.01,0.14
2096,Saga of Frontier,X360,2016.0,Simulation,Epic Games,0.05,0.05,0.04,0.0,0.14
2097,Dragons Conquest 2,SNES,1997.0,Racing,Capcom,0.06,0.05,0.01,0.02,0.14
2098,Call of Gridiron Gold Edition,GC,2011.0,Sports,Microsoft Game Studios,0.03,0.08,0.02,0.01,0.14
2099,Saga of Glory: Next Gen,XB,2004.0,Puzzle,Namco Bandai Games,0.07,0.05,0.01,0.01,0.14
2100,Fall of Depths: Origins,PC,2003.0,Racing,2K Games,0.07,0.04,0.01,0.02,0.14
2101,Shadow of Empires,3DS,2019.0,Role-Playing,Square Enix,0.06,0.03,0.05,0.0,0.14
2102,Battle for Storm: Remastered,PS2,2005.0,Shooter,Nintendo,0.07,0.06,0.0,0.01,0.14
2103,Realm of Dragons: Reborn,WiiU,2015.0,Strategy,Sony Computer Entertainment,0.08,0.04,0.01,0.01,0.14
2104,Empire of Titans: Origins,X360,2010.0,Action,Atari,0.03,0.02,0.05,0.04,0.14
2105,Fall of Conquest III,WiiU,2012.0,Adventure,Ubisoft,0.06,0.04,0.02,0.02,0.14
2106,Quest for Frontier: Reborn,DS,2010.0,Fighting,Take-Two Interactive,0.06,0.04,0.01,0.03,0.14
2107,Chronicles of Fairways: Origins,N64,2001.0,Sports,2K Games,0.06,0.05,0.0,0.03,0.14
2108,Call of Duty 3,PS4,2013.0,Adventure,Atari,0.06,0.02,0.02,0.04,0.14
2109,Tales of Storm: Reborn,PC,1999.0,Role-Playing,CD Projekt,0.04,0.01,0.06,0.03,0.14
2110,World of Warriors,GBA,2009.0,Action,Microsoft Game Studios,0.03,0.06,0.02,0.03,0.14
2111,Tales of Storm: Next Gen,PSP,2010.0,Role-Playing,THQ,0.05,0.03,0.04,0.02,0.14
2112,Battle for Valor,XOne,2020.0,Racing,THQ,0.07,0.03,0.01,0.03,0.14
2113,Quest for Skies Gold Edition,PS2,2004.0,Strategy,Warner Bros. Interactive,0.07,0.03,0.02,0.02,0.14
2114,Shadow of Duty,PSV,2018.0,Adventure,Atari,0.06,0.05,0.02,0.01,0.14
2115,Frontier Nations: Next Gen,3DS,2014.0,Strategy,Epic Games,0.05,0.05,0.03,0.01,0.14
2116,Racing Stars Honor: Origins,PS,1997.0,Role-Playing,Nintendo,0.03,0.03,0.07,0.01,0.14
2117,Shadows Legends,PS,2006.0,Fighting,Atari,0.04,0.05,0.04,0.01,0.14
2118,Kingdom of Storm: Reborn,WiiU,2012.0,Platform,Nintendo,0.06,0.04,0.03,0.01,0.14
2119,Titans Racing Stars II,PS2,2002.0,Puzzle,Sony Computer Entertainment,0.07,0.04,0.01,0.02,0.14
2120,Quest for Empires III,PS3,2015.0,Racing,CD Projekt,0.09,0.04,0.0,0.01,0.14
2121,Age of Rebellion,GC,2006.0,Sports,Electronic Arts,0.09,0.02,0.0,0.03,0.14
2122,Call of Duty II,PS3,2011.0,Adventure,Bethesda Softworks,0.08,0.02,0.03,0.01,0.14
2123,Quest for Odyssey: Revolution,WiiU,2018.0,Racing,2K Games,0.07,0.05,0.0,0.02,0.14
2124,World of Skies,XOne,2014.0,Sports,Atari,0.08,0.04,0.0,0.02,0.14
2125,Saga of Destiny: Remastered,N64,2004.0,Sports,Warner Bros. Interactive,0.09,0.02,0.0,0.03,0.14
2126,Fall of Honor Gold Edition,PS,1997.0,Action,Capcom,0.06,0.05,0.02,0.01,0.14
2127,Skies Legends Gold Edition,Switch,2017.0,Misc,Warner Bros. Interactive,0.04,0.05,0.03,0.02,0.14
2128,Kingdom of Heroes 2,PS,1997.0,Misc,Sega,0.04,0.05,0.02,0.03,0.14
2129,Chronicles of Racing Stars,3DS,2017.0,Strategy,Namco Bandai Games,0.09,0.03,0.01,0.01,0.14
2130,World of Gridiron: Reborn,Switch,2020.0,Action,Activision,0.06,0.06,0.02,0.0,0.14
2131,Skies Honor: Origins,XOne,2017.0,Role-Playing,CD Projekt,0.05,0.03,0.04,0.02,0.14
2132,Fall of Racing Stars: Next Gen,PS,2004.0,Racing,Microsoft Game Studios,0.09,0.04,0.0,0.01,0.14
2133,Empires Titans 2,DS,2010.0,Shooter,Sega,0.06,0.06,0.0,0.02,0.14
2134,Chronicles of Storm,XB,2006.0,Shooter,2K Games,0.08,0.03,0.02,0.01,0.14
2135,Quest for Dragons 3,Wii,2014.0,Role-Playing,Nintendo,0.02,0.03,0.08,0.01,0.14
2136,Honor Racing Stars,3DS,2011.0,Sports,Ubisoft,0.06,0.04,0.01,0.03,0.14
2137,Heroes Depths: Origins,3DS,2013.0,Role-Playing,Take-Two Interactive,0.01,0.03,0.09,0.01,0.14
2138,Age of Arena,PSP,2016.0,Fighting,Epic Games,0.04,0.05,0.02,0.03,0.14
2139,Skies Rebellion III,WiiU,2013.0,Strategy,Activision,0.07,0.05,0.01,0.01,0.14
2140,Valor Titans: Origins,DS,2010.0,Role-Playing,Disney Interactive Studios,0.03,0.04,0.06,0.01,0.14
2141,Conquest Warriors III,X360,2009.0,Fighting,2K Games,0.07,0.04,0.01,0.02,0.14
2142,Shadow of Empires III,PSP,2013.0,Shooter,Electronic Arts,0.06,0.05,0.0,0.03,0.14
2143,Legend of Titans: Next Gen,XOne,2018.0,Misc,Microsoft Game Studios,0.07,0.03,0.03,0.01,0.14
2144,Quest for Skies 3,PC,1999.0,Fighting,Activision,0.04,0.05,0.02,0.03,0.14
2145,Duty Nations II,PS,1998.0,Platform,Take-Two Interactive,0.09,0.01,0.02,0.02,0.14
2146,Realm of Shadows Gold Edition,PS4,2020.0,Fighting,Activision,0.06,0.04,0.03,0.01,0.14
2147,Rebellion Heroes II,WiiU,2012.0,Role-Playing,Bethesda Softworks,0.03,0.02,0.07,0.02,0.14
2148,Kingdom of Legends,PS2,2004.0,Strategy,Ubisoft,0.07,0.05,0.01,0.01,0.14
2149,Valor Storm III,XOne,2018.0,Simulation,Bethesda Softworks,0.04,0.06,0.03,0.01,0.14
2150,Age of Destiny: Reborn,GB,2006.0,Racing,Electronic Arts,0.08,0.04,0.01,0.01,0.14
2151,Champions Dragons,GBA,2008.0,Adventure,Sega,0.07,0.03,0.02,0.02,0.14
2152,Conquest Racing Stars II,GB,2006.0,Shooter,Atari,0.07,0.05,0.01,0.01,0.14
2153,Fury Skies,Wii,2013.0,Adventure,CD Projekt,0.05,0.04,0.01,0.04,0.14
2154,Shadows Warriors II,WiiU,2018.0,Racing,Epic Games,0.07,0.06,0.0,0.01,0.14
2155,Odyssey Destiny: Reborn,GC,2010.0,Misc,Sega,0.05,0.04,0.02,0.03,0.14
2156,Fury Fairways: Next Gen,X360,2016.0,Fighting,THQ,0.1,0.03,0.01,0.0,0.14
2157,Legend of Conquest: Next Gen,Switch,2019.0,Sports,Sony Computer Entertainment,0.08,0.03,0.01,0.02,0.14
2158,Realm of Odyssey III,WiiU,2014.0,Racing,Microsoft Game Studios,0.08,0.05,0.0,0.01,0.14
2159,Shadow of Duty: Reborn,GBA,2009.0,Adventure,CD Projekt,0.06,0.04,0.01,0.03,0.14
2160,Fall of Nations,DS,2008.0,Fighting,THQ,0.02,0.05,0.04,0.03,0.14
2161,Fall of Shadows: Revolution,SNES,1998.0,Racing,Capcom,0.04,0.03,0.02,0.05,0.14
2162,Duty Shadows,SNES,2004.0,Action,Namco Bandai Games,0.05,0.05,0.01,0.03,0.14
2163,Kingdom of Fairways: Revolution,SNES,2000.0,Role-Playing,Sega,0.02,0.03,0.08,0.01,0.14
2164,Call of Valor Gold Edition,PSP,2013.0,Puzzle,Nintendo,0.03,0.08,0.02,0.01,0.14
2165,Kingdom of Rebellion,WiiU,2014.0,Role-Playing,Namco Bandai Games,0.01,0.04,0.07,0.02,0.14
2166,Realm of Dragons,Wii,2011.0,Role-Playing,Disney Interactive Studios,0.03,0.04,0.06,0.01,0.14
2167,Empire of Duty III,N64,1996.0,Simulation,THQ,0.05,0.05,0.01,0.03,0.14
2168,Fairways Depths: Reborn,SNES,2005.0,Misc,Activision,0.05,0.03,0.03,0.03,0.14
2169,Battle for Racing Stars,GB,2000.0,Misc,Activision,0.04,0.07,0.02,0.01,0.14
2170,Kingdom of Shadows,Switch,,Sports,Namco Bandai Games,0.1,0.03,0.0,0.01,0.14
2171,Shadow of Heroes,Switch,2019.0,Adventure,THQ,0.06,0.03,0.03,0.02,0.14
2172,Saga of Arena,XB,2010.0,Action,Konami Digital Entertainment,0.07,0.04,0.02,0.01,0.14
2173,Age of Warriors: Revolution,PS3,2013.0,Racing,Sega,0.06,0.06,0.0,0.01,0.13
2174,Battle for Skies: Next Gen,PS2,2002.0,Simulation,THQ,0.07,0.02,0.02,0.02,0.13
2175,Fury Titans: Next Gen,PS,2009.0,Sports,THQ,0.06,0.05,0.0,0.02,0.13
2176,Legend of Fury: Origins,XB,2006.0,Strategy,THQ,0.04,0.06,0.01,0.02,0.13
2177,Fall of Arena: Reborn,Wii,2010.0,Strategy,Epic Games,0.06,0.04,0.02,0.01,0.13
2178,Legends Fury: Origins,N64,2008.0,Fighting,Disney Interactive Studios,0.06,0.02,0.04,0.01,0.13
2179,Rebellion Odyssey: Revolution,X360,2015.0,Shooter,Take-Two Interactive,0.06,0.06,0.0,0.01,0.13
2180,Shadow of Depths III,X360,2006.0,Action,Square Enix,0.08,0.02,0.01,0.02,0.13
2181,Legends Fairways 2,N64,2003.0,Strategy,Bethesda Softworks,0.07,0.04,0.01,0.01,0.13
2182,World of Champions,PS4,2018.0,Platform,Namco Bandai Games,0.07,0.02,0.03,0.01,0.13
2183,Realm of Heroes II,XB,2008.0,Adventure,CD Projekt,0.05,0.05,0.02,0.01,0.13
2184,Fall of Fury 3,PS2,2002.0,Adventure,Square Enix,0.06,0.03,0.02,0.02,0.13
2185,Rise of Racing Stars,XB,2003.0,Misc,Epic Games,0.08,0.03,0.01,0.01,0.13
2186,Fall of Empires: Remastered,N64,2006.0,Sports,Nintendo,0.05,0.05,0.01,0.02,0.13
2187,Empire of Warriors: Reborn,GB,1996.0,Strategy,Warner Bros. Interactive,0.07,0.03,0.01,0.02,0.13
2188,Call of Nations: Origins,Switch,2017.0,Racing,Atari,0.05,0.03,0.02,0.03,0.13
2189,Heroes Titans: Next Gen,GBA,2007.0,Sports,Capcom,0.06,0.05,0.0,0.02,0.13
2190,Chronicles of Heroes: Next Gen,GB,1997.0,Fighting,Atari,0.06,0.03,0.03,0.01,0.13
2191,Kingdom of Gridiron 2,PS3,2013.0,Adventure,Bethesda Softworks,0.07,0.05,0.01,0.0,0.13
2192,Tales of Warriors,PSV,2014.0,Fighting,Ubisoft,0.05,0.04,0.02,0.02,0.13
2193,Skies Rebellion: Origins,PS3,2010.0,Fighting,Konami Digital Entertainment,0.08,0.02,0.02,0.01,0.13
2194,Empires Champions Gold Edition,3DS,2018.0,Simulation,Sega,0.05,0.07,0.0,0.01,0.13
2195,Realm of Nations: Next Gen,GC,2010.0,Sports,Electronic Arts,0.07,0.03,0.01,0.02,0.13
2196,Battle for Legends: Remastered,SNES,2003.0,Adventure,Sony Computer Entertainment,0.07,0.03,0.02,0.01,0.13
2197,Quest for Dragons: Next Gen,GC,2011.0,Shooter,Electronic Arts,0.05,0.03,0.01,0.04,0.13
2198,Kingdom of Champions 3,Wii,2007.0,Puzzle,Electronic Arts,0.06,0.04,0.02,0.01,0.13
2199,Saga of Heroes: Next Gen,PS2,2007.0,Adventure,Disney Interactive Studios,0.04,0.06,0.02,0.01,0.13
2200,Chronicles of Titans,PS3,2008.0,Fighting,Epic Games,0.07,0.04,0.01,0.01,0.13
2201,Kingdom of Heroes: Next Gen,GBA,2006.0,Adventure,Square Enix,0.06,0.05,0.01,0.01,0.13
2202,Quest for Arena: Revolution,PC,2001.0,Strategy,Electronic Arts,0.06,0.01,0.03,0.03,0.13
2203,Tales of Honor,PS2,2005.0,Sports,Sega,0.05,0.05,0.01,0.02,0.13
2204,Quest for Nations,PS4,2020.0,Fighting,Sega,0.05,0.05,0.03,0.0,0.13
2205,Call of Honor,XOne,2015.0,Sports,Disney Interactive Studios,0.08,0.04,0.0,0.01,0.13
2206,Gridiron Gridiron: Origins,3DS,2019.0,Platform,Atari,0.03,0.06,0.04,0.0,0.13
2207,Quest for Conquest: Remastered,PSV,2016.0,Shooter,Activision,0.09,0.02,0.0,0.02,0.13
2208,Kingdom of Honor,Wii,2014.0,Shooter,THQ,0.08,0.04,0.0,0.01,0.13
2209,Saga of Conquest III,GB,2000.0,Shooter,Epic Games,0.06,0.06,0.0,0.01,0.13
2210,Tales of Empires,PS,2005.0,Simulation,Electronic Arts,0.03,0.06,0.01,0.03,0.13
2211,Conquest Warriors Gold Edition,DS,2014.0,Action,Square Enix,0.07,0.03,0.01,0.02,0.13
2212,Kingdom of Titans 2,SNES,1996.0,Adventure,Activision,0.07,0.03,0.02,0.01,0.13
2213,Saga of Shadows 3,SNES,2000.0,Action,Atari,0.05,0.03,0.02,0.03,0.13
2214,Age of Rebellion 2,PS2,2008.0,Puzzle,Square Enix,0.06,0.02,0.03,0.02,0.13
2215,Saga of Heroes 2,GC,2003.0,Role-Playing,Bethesda Softworks,0.02,0.03,0.06,0.02,0.13
2216,Call of Depths: Reborn,PSP,2007.0,Strategy,Capcom,0.07,0.04,0.0,0.02,0.13
2217,Nations Racing Stars III,WiiU,2019.0,Adventure,Sega,0.05,0.04,0.03,0.01,0.13
2218,Arena Valor 2,PSV,2018.0,Adventure,,0.05,0.05,0.01,0.02,0.13
2219,Destiny Heroes 3,PS,2007.0,Action,Activision,0.04,0.05,0.02,0.02,0.13
2220,Battle for Legends: Reborn,PS2,2002.0,Racing,CD Projekt,0.07,0.04,0.01,0.01,0.13
2221,Arena Fairways: Revolution,DS,2004.0,Puzzle,Electronic Arts,0.04,0.03,0.04,0.02,0.13
2222,Racing Stars Skies: Origins,PSV,2016.0,Adventure,CD Projekt,0.04,0.04,0.01,0.04,0.13
2223,Duty Champions,XB,2003.0,Adventure,Ubisoft,0.06,0.04,0.01,0.02,0.13
2224,Quest for Titans II,DS,2006.0,Role-Playing,Square Enix,0.05,0.03,0.04,0.01,0.13
2225,Nations Empires: Next Gen,PS,2006.0,Sports,Namco Bandai Games,0.05,0.04,0.0,0.04,0.13
2226,Honor Dragons,PS4,2017.0,Adventure,Konami Digital Entertainment,0.04,0.03,0.03,0.03,0.13
2227,Gridiron Valor Gold Edition,X360,2013.0,Adventure,Ubisoft,0.03,0.05,0.04,0.01,0.13
2228,Legends Duty: Next Gen,PSP,2012.0,Shooter,Ubisoft,0.07,0.02,0.0,0.04,0.13
2229,Call of Nations: Reborn,Wii,2008.0,Strategy,Ubisoft,0.07,0.02,0.02,0.02,0.13
2230,Rise of Odyssey Gold Edition,X360,2017.0,Action,Activision,0.07,0.02,0.01,0.03,0.13
2231,Destiny Legends: Origins,PS3,2012.0,Role-Playing,THQ,0.03,0.02,0.07,0.01,0.13
2232,Fury Valor 3,SNES,2002.0,Action,Microsoft Game Studios,0.04,0.05,0.03,0.01,0.13
2233,World of Rebellion Gold Edition,XB,2007.0,Role-Playing,Sega,0.06,0.02,0.04,0.01,0.13
2234,Realm of Fury Gold Edition,3DS,2018.0,Sports,Electronic Arts,0.08,0.03,0.0,0.02,0.13
2235,Tales of Valor III,X360,2015.0,Role-Playing,Square Enix,0.03,0.03,0.05,0.02,0.13
2236,Realm of Gridiron: Next Gen,GB,2000.0,Misc,THQ,0.07,0.04,0.01,0.01,0.13
2237,Honor Empires: Remastered,PC,1995.0,Simulation,Namco Bandai Games,0.02,0.07,0.01,0.03,0.13
2238,World of Empires 2,GC,2012.0,Platform,Nintendo,0.03,0.06,0.03,0.01,0.13
2239,Shadows Warriors II,N64,1996.0,Role-Playing,Bethesda Softworks,0.04,0.04,0.03,0.02,0.13
2240,Legend of Nations: Revolution,XOne,2018.0,Puzzle,Microsoft Game Studios,0.08,0.03,0.01,0.01,0.13
2241,Rise of Depths 3,GC,2001.0,Adventure,Atari,0.06,0.03,0.01,0.03,0.13
2242,Quest for Conquest 2,GB,1996.0,Misc,Epic Games,0.07,0.03,0.01,0.02,0.13
2243,Battle for Frontier III,GC,2012.0,Sports,Sega,0.04,0.06,0.02,0.01,0.13
2244,Frontier Nations: Reborn,GBA,2006.0,Action,Konami Digital Entertainment,0.05,0.04,0.02,0.02,0.13
2245,Rebellion Fairways: Next Gen,PSP,2010.0,Platform,THQ,0.05,0.04,0.02,0.02,0.13
2246,Rise of Shadows 3,PSV,2013.0,Shooter,Sega,0.07,0.05,0.0,0.01,0.13
2247,Heroes Conquest: Origins,3DS,2017.0,Adventure,Bethesda Softworks,0.07,0.03,0.02,0.01,0.13
2248,Call of Champions III,DS,2013.0,Action,Namco Bandai Games,0.07,0.03,0.02,0.01,0.13
2249,Kingdom of Rebellion 2,Wii,2007.0,Platform,Sony Computer Entertainment,0.05,0.04,0.02,0.02,0.13
2250,Fairways Rebellion 3,PS4,2015.0,Shooter,Konami Digital Entertainment,0.05,0.04,0.01,0.03,0.13
2251,Chronicles of Honor 3,GC,2002.0,Action,,0.08,0.01,0.02,0.02,0.13
2252,Arena Valor,DS,2004.0,Sports,Nintendo,0.07,0.04,0.0,0.02,0.13
2253,Valor Honor: Revolution,GBA,2001.0,Racing,2K Games,0.08,0.02,0.01,0.02,0.13
2254,Honor Legends,PS3,2017.0,Adventure,Bethesda Softworks,0.06,0.04,0.01,0.02,0.13
2255,Duty Shadows,3DS,2020.0,Sports,Epic Games,0.08,0.03,0.01,0.01,0.13
2256,Realm of Empires 3,PS,2008.0,Misc,Capcom,0.07,0.03,0.01,0.02,0.13
2257,Dragons Odyssey III,X360,2006.0,Role-Playing,CD Projekt,0.04,0.02,0.07,0.0,0.13
2258,Shadow of Duty II,Wii,2015.0,Simulation,Sony Computer Entertainment,0.05,0.05,0.02,0.01,0.13
2259,Empire of Dragons: Origins,XB,2001.0,Platform,Disney Interactive Studios,0.06,0.04,0.02,0.01,0.13
2260,Shadow of Empires 2,3DS,2017.0,Sports,Electronic Arts,0.07,0.02,0.01,0.03,0.13
2261,Tales of Depths 3,GB,2004.0,Shooter,Epic Games,0.06,0.04,0.01,0.02,0.13
2262,Destiny Rebellion III,PS3,2007.0,Sports,Epic Games,0.04,0.05,0.01,0.03,0.13
2263,Shadow of Legends: Next Gen,XB,2002.0,Shooter,Square Enix,0.07,0.02,0.02,0.02,0.13
2264,Rebellion Heroes 2,PS3,2008.0,Sports,Take-Two Interactive,0.08,0.03,0.01,0.01,0.13
2265,Fall of Legends,PS2,2000.0,Simulation,Take-Two Interactive,0.05,0.04,0.03,0.01,0.13
2266,Kingdom of Empires 3,Switch,2020.0,Role-Playing,Konami Digital Entertainment,0.04,0.03,0.06,0.0,0.13
2267,Call of Skies,XOne,2015.0,Misc,Warner Bros. Interactive,0.04,0.07,0.01,0.01,0.13
2268,Racing Stars Storm,DS,2012.0,Misc,Warner Bros. Interactive,0.03,0.07,0.02,0.01,0.13
2269,Fairways Champions: Remastered,PC,2002.0,Simulation,Electronic Arts,0.03,0.04,0.05,0.01,0.13
2270,Fall of Storm Gold Edition,PS3,2008.0,Strategy,Take-Two Interactive,0.05,0.03,0.03,0.02,0.13
2271,Quest for Champions: Revolution,SNES,1996.0,Racing,Namco Bandai Games,0.07,0.02,0.01,0.03,0.13
2272,Tales of Odyssey 3,WiiU,2013.0,Shooter,Epic Games,0.06,0.04,0.01,0.02,0.13
2273,Valor Storm 2,PSV,2015.0,Misc,THQ,0.04,0.03,0.04,0.02,0.13
2274,Quest for Honor II,DS,2004.0,Strategy,Sony Computer Entertainment,0.02,0.08,0.01,0.02,0.13
2275,Warriors Dragons 2,Switch,2018.0,Sports,Bethesda Softworks,0.06,0.04,0.0,0.03,0.13
2276,Saga of Dragons Gold Edition,PS4,2020.0,Misc,Activision,0.06,0.03,0.02,0.02,0.13
2277,Nations Arena: Revolution,GBA,2007.0,Adventure,,0.05,0.04,0.02,0.02,0.13
2278,Fairways Rebellion 2,SNES,,Sports,Warner Bros. Interactive,0.08,0.04,0.0,0.01,0.13
2279,Saga of Legends: Revolution,PSV,2016.0,Role-Playing,Namco Bandai Games,0.02,0.02,0.08,0.01,0.13
2280,Storm Frontier,WiiU,2012.0,Shooter,Electronic Arts,0.08,0.03,0.0,0.02,0.13
2281,Fury Champions,N64,2008.0,Role-Playing,Ubisoft,0.03,0.03,0.05,0.02,0.13
2282,Champions Gridiron II,DS,2008.0,Role-Playing,Epic Games,0.06,0.01,0.05,0.01,0.13
2283,Fall of Skies,GBA,2008.0,Adventure,Square Enix,0.08,0.02,0.02,0.01,0.13
2284,Realm of Racing Stars: Origins,PS4,2015.0,Simulation,Konami Digital Entertainment,0.05,0.03,0.02,0.03,0.13
2285,Warriors Nations: Origins,DS,2010.0,Role-Playing,Warner Bros. Interactive,0.02,0.05,0.05,0.01,0.13
2286,Conquest Warriors 2,XB,2001.0,Misc,2K Games,0.06,0.02,0.02,0.03,0.13
2287,Champions Odyssey III,N64,2004.0,Adventure,Square Enix,0.03,0.06,0.01,0.03,0.13
2288,Age of Glory,PS3,2016.0,Adventure,Konami Digital Entertainment,0.04,0.04,0.04,0.01,0.13
2289,Legends Depths 3,PSV,2017.0,Role-Playing,Sega,0.04,0.04,0.04,0.01,0.13
2290,World of Rebellion: Revolution,SNES,2004.0,Puzzle,Microsoft Game Studios,0.06,0.02,0.02,0.03,0.13
2291,Empire of Rebellion: Revolution,GC,2004.0,Strategy,Warner Bros. Interactive,0.04,0.03,0.02,0.04,0.13
2292,Depths Honor III,PSP,2007.0,Sports,Sony Computer Entertainment,0.09,0.03,0.0,0.01,0.13
2293,Chronicles of Empires II,Wii,2006.0,Sports,THQ,0.04,0.07,0.0,0.02,0.13
2294,Realm of Depths: Next Gen,DS,2006.0,Shooter,Activision,0.09,0.02,0.0,0.02,0.13
2295,Empire of Duty: Next Gen,GC,2004.0,Sports,2K Games,0.07,0.03,0.0,0.03,0.13
2296,Shadows Fairways: Origins,WiiU,2015.0,Adventure,Square Enix,0.08,0.02,0.01,0.02,0.13
2297,Warriors Conquest: Origins,PS3,2017.0,Adventure,Ubisoft,0.03,0.06,0.03,0.01,0.13
2298,Odyssey Warriors,PS2,2000.0,Misc,Atari,0.05,0.04,0.01,0.03,0.13
2299,Conquest Depths: Revolution,GC,2006.0,Fighting,Activision,0.08,0.02,0.02,0.01,0.13
2300,Legend of Glory 2,GC,2012.0,Puzzle,Activision,0.05,0.04,0.02,0.02,0.13
2301,Skies Empires: Reborn,N64,1999.0,Sports,THQ,0.07,0.05,0.0,0.01,0.13
2302,Duty Glory II,PC,1999.0,Puzzle,Epic Games,0.06,0.04,0.01,0.02,0.13
2303,Odyssey Duty: Remastered,XOne,2018.0,Sports,Atari,0.06,0.06,0.0,0.01,0.13
2304,Destiny Storm II,PS2,2004.0,Role-Playing,Sony Computer Entertainment,0.02,0.04,0.07,0.0,0.13
2305,Storm Racing Stars II,DS,2009.0,Strategy,Epic Games,0.04,0.06,0.02,0.01,0.13
2306,Depths Empires,Wii,2010.0,Shooter,Ubisoft,0.09,0.03,0.0,0.01,0.13
2307,Shadow of Legends: Reborn,XB,2005.0,Adventure,Namco Bandai Games,0.05,0.05,0.03,0.0,0.13
2308,Battle for Glory,X360,2006.0,Strategy,Bethesda Softworks,0.04,0.05,0.01,0.03,0.13
2309,Tales of Empires 2,GB,2006.0,Puzzle,Take-Two Interactive,0.06,0.04,0.01,0.02,0.13
2310,Heroes Champions: Next Gen,X360,2012.0,Action,Nintendo,0.07,0.04,0.01,0.01,0.13
2311,Battle for Honor,PS3,2007.0,Strategy,Microsoft Game Studios,0.04,0.05,0.01,0.03,0.13
2312,Shadows Arena,PS4,2016.0,Misc,Electronic Arts,0.04,0.06,0.01,0.02,0.13
2313,Empire of Fairways: Origins,3DS,2012.0,Strategy,Take-Two Interactive,0.06,0.02,0.01,0.04,0.13
2314,Heroes Dragons 3,Switch,2020.0,Role-Playing,CD Projekt,0.04,0.02,0.06,0.01,0.13
2315,Fall of Titans: Next Gen,PS3,2008.0,Action,Microsoft Game Studios,0.06,0.04,0.01,0.02,0.13
2316,Heroes Rebellion 3,3DS,2018.0,Sports,Warner Bros. Interactive,0.06,0.04,0.02,0.01,0.13
2317,Call of Duty II,XB,2003.0,Role-Playing,,0.04,0.02,0.07,0.0,0.13
2318,Skies Shadows 2,PC,2002.0,Puzzle,Warner Bros. Interactive,0.06,0.04,0.02,0.01,0.13
2319,Empires Honor 2,PC,1998.0,Role-Playing,Nintendo,0.03,0.04,0.04,0.02,0.13
2320,Racing Stars Odyssey II,Switch,2018.0,Misc,Atari,0.06,0.02,0.02,0.02,0.12
2321,Call of Honor: Next Gen,GBA,2008.0,Fighting,Konami Digital Entertainment,0.05,0.01,0.02,0.04,0.12
2322,Honor Conquest: Reborn,GBA,2004.0,Platform,THQ,0.06,0.03,0.02,0.01,0.12
2323,Conquest Storm: Remastered,Switch,2019.0,Adventure,,0.04,0.04,0.02,0.02,0.12
2324,Heroes Gridiron: Revolution,GC,2008.0,Strategy,Bethesda Softworks,0.04,0.04,0.01,0.03,0.12
2325,Kingdom of Gridiron: Origins,Switch,2019.0,Racing,Take-Two Interactive,0.06,0.02,0.0,0.04,0.12
2326,Chronicles of Rebellion,PS2,2003.0,Action,Sony Computer Entertainment,0.04,0.05,0.02,0.01,0.12
2327,Age of Legends 2,GB,1996.0,Role-Playing,,0.02,0.03,0.05,0.02,0.12
2328,Rise of Destiny: Reborn,PS2,2004.0,Adventure,CD Projekt,0.05,0.05,0.01,0.01,0.12
2329,Honor Valor III,GB,2001.0,Role-Playing,CD Projekt,0.04,0.03,0.04,0.01,0.12
2330,Racing Stars Frontier 2,PSV,2020.0,Adventure,Sony Computer Entertainment,0.05,0.05,0.0,0.02,0.12
2331,Fury Valor 3,Wii,2009.0,Misc,Atari,0.04,0.07,0.0,0.01,0.12
2332,Nations Champions II,X360,2010.0,Adventure,CD Projekt,0.05,0.05,0.01,0.01,0.12
2333,Age of Honor: Reborn,N64,2001.0,Adventure,CD Projekt,0.05,0.04,0.01,0.02,0.12
2334,Fall of Dragons III,XOne,2013.0,Simulation,Take-Two Interactive,0.06,0.04,0.01,0.01,0.12
2335,Age of Racing Stars 2,PS,2000.0,Fighting,Nintendo,0.05,0.05,0.02,0.0,0.12
2336,Skies Gridiron II,Switch,2020.0,Misc,Ubisoft,0.06,0.03,0.01,0.02,0.12
2337,Arena Shadows II,3DS,2011.0,Sports,Disney Interactive Studios,0.07,0.03,0.0,0.02,0.12
2338,Shadow of Rebellion 2,SNES,2000.0,Role-Playing,THQ,0.04,0.02,0.04,0.02,0.12
2339,Storm Conquest: Revolution,PC,1999.0,Racing,Konami Digital Entertainment,0.06,0.04,0.0,0.02,0.12
2340,Age of Gridiron II,PS4,2020.0,Puzzle,Ubisoft,0.04,0.05,0.02,0.01,0.12
2341,Call of Arena II,XOne,2016.0,Fighting,THQ,0.07,0.02,0.01,0.02,0.12
2342,Gridiron Racing Stars III,GB,2000.0,Sports,THQ,0.04,0.04,0.01,0.03,0.12
2343,Heroes Warriors 3,PS,2004.0,Puzzle,2K Games,0.05,0.04,0.02,0.01,0.12
2344,Nations Arena: Next Gen,PSV,2018.0,Role-Playing,Epic Games,0.04,0.02,0.05,0.01,0.12
2345,Empires Odyssey: Revolution,XOne,2013.0,Strategy,Namco Bandai Games,0.04,0.05,0.01,0.02,0.12
2346,Shadow of Depths III,GBA,2002.0,Adventure,Sony Computer Entertainment,0.04,0.04,0.02,0.02,0.12
2347,Rise of Empires: Reborn,PS4,2015.0,Sports,Konami Digital Entertainment,0.08,0.02,0.0,0.02,0.12
2348,Shadows Fairways,PSP,2011.0,Simulation,Electronic Arts,0.06,0.04,0.01,0.01,0.12
2349,Fall of Valor 3,PC,2001.0,Adventure,THQ,0.03,0.05,0.02,0.02,0.12
2350,Realm of Duty Gold Edition,PS,1998.0,Platform,Warner Bros. Interactive,0.04,0.06,0.01,0.01,0.12
2351,Fall of Odyssey,XOne,2014.0,Racing,Electronic Arts,0.07,0.04,0.0,0.01,0.12
2352,Shadow of Heroes: Origins,Switch,2020.0,Shooter,Ubisoft,0.05,0.05,0.01,0.01,0.12
2353,Frontier Fury 3,GBA,2009.0,Adventure,Namco Bandai Games,0.06,0.02,0.01,0.03,0.12
2354,Age of Gridiron: Remastered,PSP,2012.0,Fighting,Activision,0.06,0.03,0.02,0.01,0.12
2355,Call of Valor: Remastered,PS2,2008.0,Strategy,Atari,0.04,0.05,0.02,0.01,0.12
2356,Valor Frontier,PS4,2014.0,Racing,Disney Interactive Studios,0.07,0.03,0.0,0.02,0.12
2357,Empire of Glory,GBA,2002.0,Adventure,Square Enix,0.04,0.04,0.01,0.03,0.12
2358,Gridiron Shadows: Reborn,PSP,2006.0,Adventure,2K Games,0.07,0.01,0.02,0.02,0.12
2359,Conquest Fury,PSV,2017.0,Sports,Konami Digital Entertainment,0.05,0.05,0.0,0.02,0.12
2360,Honor Storm 2,PS,2000.0,Simulation,Electronic Arts,0.04,0.03,0.03,0.02,0.12
2361,Rebellion Honor Gold Edition,PS2,2002.0,Role-Playing,Square Enix,0.04,0.04,0.03,0.01,0.12
2362,Rise of Conquest II,Switch,2019.0,Simulation,Activision,0.04,0.02,0.05,0.01,0.12
2363,Battle for Conquest,GB,1998.0,Fighting,Disney Interactive Studios,0.06,0.05,0.0,0.01,0.12
2364,Tales of Destiny Gold Edition,PS,2001.0,Action,Warner Bros. Interactive,0.06,0.02,0.02,0.02,0.12
2365,Call of Odyssey,PS4,2020.0,Platform,Microsoft Game Studios,0.03,0.04,0.03,0.02,0.12
2366,Fall of Fury 2,PS3,2015.0,Puzzle,Nintendo,0.06,0.02,0.02,0.02,0.12
2367,Fall of Legends: Origins,WiiU,2019.0,Role-Playing,CD Projekt,0.01,0.04,0.07,0.0,0.12
2368,Nations Honor,PS4,2016.0,Adventure,2K Games,0.05,0.05,0.01,0.01,0.12
2369,Fall of Gridiron,PS3,2017.0,Fighting,Konami Digital Entertainment,0.04,0.04,0.02,0.02,0.12
2370,Empire of Honor,GC,2010.0,Adventure,CD Projekt,0.07,0.02,0.0,0.03,0.12
2371,Honor Honor: Remastered,PS2,2000.0,Simulation,Capcom,0.06,0.02,0.03,0.01,0.12
2372,Fall of Heroes Gold Edition,DS,2008.0,Strategy,Namco Bandai Games,0.05,0.03,0.02,0.02,0.12
2373,Realm of Destiny Gold Edition,XB,2009.0,Strategy,Warner Bros. Interactive,0.05,0.04,0.01,0.02,0.12
2374,Battle for Empires 3,WiiU,2012.0,Racing,Epic Games,0.07,0.04,0.01,0.0,0.12
2375,Saga of Fury: Next Gen,GB,1999.0,Shooter,Activision,0.07,0.04,0.0,0.01,0.12
2376,Nations Gridiron: Remastered,XOne,2017.0,Racing,Sony Computer Entertainment,0.07,0.03,0.01,0.01,0.12
2377,Rise of Storm 2,PS2,2008.0,Racing,Capcom,0.07,0.04,0.0,0.01,0.12
2378,Chronicles of Legends: Revolution,Wii,2016.0,Fighting,Activision,0.04,0.04,0.01,0.03,0.12
2379,Legend of Odyssey,PS4,2015.0,Misc,Atari,0.04,0.06,0.01,0.01,0.12
2380,Legend of Champions,Switch,2020.0,Strategy,,0.04,0.05,0.02,0.01,0.12
2381,Fall of Heroes III,PSV,2011.0,Sports,2K Games,0.06,0.04,0.01,0.01,0.12
2382,Titans Duty 3,PS,2009.0,Role-Playing,Electronic Arts,0.04,0.02,0.05,0.01,0.12
2383,Age of Dragons: Origins,XB,2005.0,Action,Namco Bandai Games,0.04,0.05,0.01,0.02,0.12
2384,Legend of Fury: Reborn,N64,2000.0,Puzzle,Take-Two Interactive,0.05,0.05,0.01,0.01,0.12
2385,Battle for Storm Gold Edition,DS,2012.0,Action,Epic Games,0.04,0.03,0.03,0.02,0.12
2386,Legend of Warriors 2,Switch,2018.0,Action,THQ,0.06,0.04,0.01,0.01,0.12
2387,Fall of Honor,Wii,2014.0,Action,Bethesda Softworks,0.05,0.03,0.01,0.03,0.12
2388,Fall of Fury II,Wii,2016.0,Fighting,THQ,0.04,0.05,0.02,0.01,0.12
2389,Frontier Racing Stars: Reborn,PC,,Racing,2K Games,0.07,0.02,0.01,0.02,0.12
2390,Nations Fury: Origins,PS4,2015.0,Role-Playing,Capcom,0.02,0.03,0.07,0.0,0.12
2391,Odyssey Rebellion,PC,2000.0,Simulation,Namco Bandai Games,0.03,0.03,0.02,0.04,0.12
2392,Racing Stars Champions: Next Gen,PSP,2004.0,Misc,Sony Computer Entertainment,0.04,0.06,0.02,0.0,0.12
2393,Empires Empires II,SNES,2003.0,Role-Playing,CD Projekt,0.03,0.02,0.06,0.01,0.12
2394,Legend of Nations,GB,1996.0,Adventure,CD Projekt,0.05,0.02,0.02,0.03,0.12
2395,Chronicles of Champions Gold Edition,X360,2013.0,Misc,Sega,0.05,0.06,0.01,0.0,0.12
2396,Legend of Fairways III,3DS,2016.0,Racing,Capcom,0.06,0.04,0.01,0.01,0.12
2397,Rise of Legends: Reborn,PS,1996.0,Adventure,THQ,0.07,0.02,0.01,0.02,0.12
2398,Call of Nations 3,N64,2002.0,Simulation,Warner Bros. Interactive,0.05,0.03,0.02,0.02,0.12
2399,Legend of Champions: Next Gen,PS3,2013.0,Adventure,Take-Two Interactive,0.03,0.05,0.02,0.02,0.12
2400,Skies Odyssey II,XB,2001.0,Fighting,2K Games,0.04,0.03,0.04,0.01,0.12
2401,Battle for Shadows: Remastered,GB,2006.0,Simulation,Namco Bandai Games,0.02,0.05,0.02,0.03,0.12
2402,Battle for Odyssey,PS,2003.0,Shooter,Epic Games,0.09,0.02,0.0,0.01,0.12
2403,Kingdom of Gridiron,DS,2012.0,Role-Playing,Nintendo,0.03,0.05,0.03,0.01,0.12
2404,Shadows Racing Stars,X360,,Sports,Namco Bandai Games,0.04,0.06,0.01,0.01,0.12
2405,Arena Empires: Reborn,PSP,2007.0,Adventure,CD Projekt,0.06,0.03,0.02,0.01,0.12
2406,Shadow of Racing Stars,GBA,2004.0,Fighting,Sony Computer Entertainment,0.07,0.03,0.01,0.01,0.12
2407,Skies Duty,DS,2006.0,Shooter,2K Games,0.08,0.03,0.0,0.01,0.12
2408,Battle for Honor,X360,2007.0,Role-Playing,Bethesda Softworks,0.02,0.06,0.03,0.01,0.12
2409,Fairways Skies: Next Gen,XB,2009.0,Simulation,Atari,0.04,0.04,0.03,0.01,0.12
2410,Shadows Arena 3,PS4,2017.0,Strategy,Square Enix,0.05,0.03,0.03,0.01,0.12
2411,Duty Skies 3,PSV,2017.0,Shooter,Atari,0.07,0.03,0.01,0.01,0.12
2412,Empire of Glory 2,PS,1999.0,Fighting,Warner Bros. Interactive,0.06,0.04,0.02,0.0,0.12
2413,Arena Honor,3DS,2018.0,Strategy,Capcom,0.05,0.03,0.03,0.01,0.12
2414,Legend of Skies,Switch,2020.0,Sports,Konami Digital Entertainment,0.05,0.04,0.01,0.02,0.12
2415,Kingdom of Gridiron Gold Edition,PS4,2016.0,Platform,Disney Interactive Studios,0.06,0.03,0.02,0.01,0.12
2416,Saga of Honor,WiiU,2013.0,Misc,Warner Bros. Interactive,0.06,0.04,0.01,0.01,0.12
2417,Arena Arena Gold Edition,PS3,2011.0,Action,Sega,0.04,0.04,0.02,0.02,0.12
2418,Age of Shadows II,WiiU,2012.0,Platform,Nintendo,0.03,0.05,0.03,0.01,0.12
2419,Shadows Titans III,Wii,2014.0,Misc,CD Projekt,0.09,0.02,0.01,0.0,0.12
2420,Call of Titans,N64,1998.0,Role-Playing,Capcom,0.05,0.04,0.03,0.0,0.12
2421,Realm of Racing Stars: Next Gen,N64,1999.0,Platform,Sega,0.08,0.02,0.02,0.0,0.12
2422,Nations Duty Gold Edition,PSV,2012.0,Fighting,Konami Digital Entertainment,0.04,0.04,0.02,0.02,0.12
2423,Shadow of Rebellion Gold Edition,Switch,2018.0,Adventure,Nintendo,0.04,0.03,0.03,0.02,0.12
2424,Destiny Titans 3,PS2,2006.0,Racing,Warner Bros. Interactive,0.03,0.05,0.01,0.03,0.12
2425,Legends Valor III,PC,1996.0,Misc,Sega,0.07,0.02,0.01,0.02,0.12
2426,Shadows Fairways: Next Gen,GC,2010.0,Fighting,Activision,0.05,0.05,0.02,0.0,0.12
2427,Call of Nations II,DS,2005.0,Simulation,CD Projekt,0.03,0.02,0.03,0.04,0.12
2428,Call of Nations III,PC,2001.0,Simulation,Atari,0.04,0.02,0.05,0.01,0.12
2429,Champions Skies: Revolution,N64,2001.0,Platform,Warner Bros. Interactive,0.06,0.04,0.02,0.0,0.12
2430,Legends Arena 3,WiiU,2014.0,Shooter,Atari,0.08,0.03,0.0,0.01,0.12
2431,Age of Frontier 2,Wii,2007.0,Misc,Atari,0.05,0.05,0.01,0.01,0.12
2432,Saga of Nations: Revolution,XOne,2020.0,Simulation,Electronic Arts,0.06,0.03,0.02,0.01,0.12
2433,Call of Storm: Origins,SNES,1996.0,Role-Playing,Square Enix,0.03,0.02,0.04,0.03,0.12
2434,World of Depths: Remastered,N64,2006.0,Adventure,Warner Bros. Interactive,0.03,0.05,0.04,0.0,0.12
2435,Age of Heroes: Remastered,XB,2002.0,Racing,Electronic Arts,0.06,0.04,0.01,0.01,0.12
2436,Racing Stars Conquest,GC,2002.0,Role-Playing,THQ,0.06,0.01,0.04,0.01,0.12
2437,Rise of Titans 3,DS,2012.0,Sports,THQ,0.09,0.02,0.0,0.01,0.12
2438,Saga of Dragons,3DS,2020.0,Role-Playing,Disney Interactive Studios,0.04,0.03,0.04,0.01,0.12
2439,Tales of Destiny: Next Gen,SNES,1999.0,Shooter,Ubisoft,0.07,0.04,0.0,0.01,0.12
2440,Call of Valor 3,3DS,2017.0,Fighting,Konami Digital Entertainment,0.06,0.03,0.01,0.02,0.12
2441,Realm of Storm: Reborn,XB,2009.0,Platform,Bethesda Softworks,0.07,0.03,0.0,0.02,0.12
2442,Realm of Dragons,XB,2007.0,Platform,Nintendo,0.06,0.03,0.02,0.01,0.12
2443,Quest for Champions Gold Edition,N64,2006.0,Fighting,Electronic Arts,0.05,0.03,0.02,0.02,0.12
2444,Realm of Heroes,PS4,2016.0,Shooter,2K Games,0.08,0.03,0.0,0.01,0.12
2445,Call of Heroes: Reborn,XB,2007.0,Role-Playing,Bethesda Softworks,0.01,0.03,0.07,0.01,0.12
2446,Rebellion Dragons 2,GB,1999.0,Role-Playing,Bethesda Softworks,0.03,0.04,0.04,0.01,0.12
2447,Conquest Frontier: Reborn,PSP,2009.0,Adventure,CD Projekt,0.07,0.04,0.0,0.01,0.12
2448,World of Warriors: Remastered,XB,2001.0,Platform,Namco Bandai Games,0.05,0.05,0.01,0.01,0.12
2449,Shadow of Frontier: Reborn,PS4,2017.0,Racing,2K Games,0.07,0.04,0.0,0.01,0.12
2450,Tales of Odyssey,SNES,1994.0,Role-Playing,Namco Bandai Games,0.04,0.03,0.04,0.01,0.12
2451,Arena Gridiron: Origins,3DS,2015.0,Sports,Namco Bandai Games,0.08,0.03,0.0,0.01,0.12
2452,Honor Fury: Next Gen,PC,2002.0,Fighting,Atari,0.05,0.04,0.01,0.02,0.12
2453,Fairways Racing Stars: Reborn,GB,2001.0,Puzzle,Warner Bros. Interactive,0.06,0.03,0.01,0.02,0.12
2454,Legends Valor 2,GC,2005.0,Sports,Sony Computer Entertainment,0.06,0.04,0.02,0.0,0.12
2455,Kingdom of Nations II,PS,1999.0,Platform,Bethesda Softworks,0.04,0.04,0.02,0.02,0.12
2456,Fury Duty: Reborn,WiiU,2012.0,Platform,Nintendo,0.06,0.04,0.01,0.01,0.12
2457,Warriors Champions: Remastered,DS,2007.0,Adventure,Square Enix,0.04,0.03,0.02,0.03,0.12
2458,Age of Glory,N64,2006.0,Role-Playing,Bethesda Softworks,0.03,0.04,0.03,0.02,0.12
2459,Age of Empires: Next Gen,WiiU,2016.0,Role-Playing,Sega,0.02,0.03,0.05,0.02,0.12
2460,Fairways Shadows,Wii,2012.0,Fighting,Activision,0.05,0.06,0.01,0.0,0.12
2461,Rise of Champions,GC,2009.0,Fighting,Take-Two Interactive,0.07,0.02,0.01,0.02,0.12
2462,Quest for Champions,DS,2008.0,Misc,Sega,0.05,0.03,0.04,0.0,0.12
2463,World of Titans,PS4,2017.0,Racing,Ubisoft,0.09,0.02,0.0,0.01,0.12
2464,Kingdom of Shadows: Next Gen,PSV,2014.0,Action,Namco Bandai Games,0.05,0.04,0.01,0.02,0.12
2465,Conquest Duty II,PSV,2019.0,Fighting,Disney Interactive Studios,0.03,0.04,0.02,0.03,0.12
2466,Rebellion Duty III,GB,1998.0,Action,Disney Interactive Studios,0.05,0.04,0.01,0.02,0.12
2467,Battle for Champions: Reborn,3DS,2020.0,Fighting,Square Enix,0.06,0.03,0.02,0.01,0.12
2468,Battle for Empires: Revolution,PSV,2013.0,Fighting,Konami Digital Entertainment,0.03,0.05,0.02,0.02,0.12
2469,Legends Legends,PS2,2002.0,Action,Warner Bros. Interactive,0.05,0.02,0.02,0.03,0.12
2470,Legends Depths: Next Gen,GB,1999.0,Fighting,THQ,0.06,0.02,0.02,0.02,0.12
2471,World of Champions: Next Gen,N64,2002.0,Simulation,Disney Interactive Studios,0.05,0.04,0.01,0.02,0.12
2472,Heroes Duty II,PC,2000.0,Sports,Ubisoft,0.06,0.05,0.0,0.01,0.12
2473,Empires Honor,GC,2006.0,Fighting,Electronic Arts,0.04,0.05,0.01,0.02,0.12
2474,Champions Storm Gold Edition,Switch,,Simulation,Epic Games,0.03,0.04,0.03,0.02,0.12
2475,Realm of Arena 3,Switch,2020.0,Strategy,Square Enix,0.04,0.04,0.01,0.03,0.12
2476,Arena Odyssey,PS4,2020.0,Adventure,Epic Games,0.04,0.03,0.04,0.01,0.12
2477,Empires Glory III,3DS,2020.0,Sports,2K Games,0.05,0.03,0.01,0.03,0.12
2478,Heroes Frontier: Reborn,XOne,2016.0,Shooter,Electronic Arts,0.08,0.03,0.0,0.01,0.12
2479,World of Conquest Gold Edition,GB,2004.0,Strategy,Capcom,0.04,0.05,0.02,0.01,0.12
2480,Glory Dragons: Next Gen,PS3,2010.0,Strategy,Sega,0.05,0.04,0.01,0.02,0.12
2481,Frontier Dragons II,WiiU,2012.0,Action,Namco Bandai Games,0.06,0.03,0.0,0.03,0.12
2482,Kingdom of Champions: Origins,GBA,2005.0,Simulation,Ubisoft,0.06,0.01,0.02,0.03,0.12
2483,Fall of Fury Gold Edition,PSP,2016.0,Misc,Epic Games,0.05,0.02,0.03,0.02,0.12
2484,Empire of Destiny 2,Wii,2012.0,Shooter,Electronic Arts,0.07,0.02,0.01,0.02,0.12
2485,Dragons Storm: Remastered,PSV,2018.0,Adventure,Sega,0.04,0.05,0.01,0.02,0.12
2486,Dragons Glory II,N64,1997.0,Platform,Sony Computer Entertainment,0.05,0.04,0.02,0.01,0.12
2487,Shadow of Heroes II,N64,2003.0,Simulation,Sega,0.03,0.06,0.01,0.02,0.12
2488,Storm Racing Stars 3,PS,2004.0,Platform,2K Games,0.06,0.04,0.0,0.02,0.12
2489,Rise of Storm: Revolution,XB,2009.0,Sports,Epic Games,0.07,0.04,0.0,0.01,0.12
2490,Shadow of Odyssey: Next Gen,Wii,2012.0,Puzzle,Ubisoft,0.05,0.04,0.01,0.01,0.11
2491,Legends Champions: Remastered,WiiU,2019.0,Sports,Ubisoft,0.06,0.03,0.01,0.01,0.11
2492,Dragons Warriors II,Wii,2010.0,Puzzle,Ubisoft,0.04,0.04,0.01,0.02,0.11
2493,Age of Conquest,Wii,2008.0,Simulation,Nintendo,0.07,0.02,0.01,0.01,0.11
2494,Rebellion Duty: Next Gen,GB,2006.0,Racing,Sony Computer Entertainment,0.07,0.02,0.01,0.01,0.11
2495,Realm of Frontier II,PS2,2003.0,Platform,Capcom,0.06,0.03,0.01,0.01,0.11
2496,Saga of Shadows 2,Switch,2017.0,Fighting,Activision,0.04,0.03,0.02,0.02,0.11
2497,Dragons Fairways Gold Edition,3DS,2020.0,Simulation,Capcom,0.04,0.04,0.02,0.01,0.11
2498,Shadows Titans Gold Edition,XB,2008.0,Fighting,Atari,0.05,0.03,0.02,0.01,0.11
2499,Storm Warriors II,3DS,2011.0,Shooter,THQ,0.07,0.03,0.0,0.01,0.11
2500,Duty Heroes 2,GB,1997.0,Adventure,Square Enix,0.04,0.02,0.01,0.04,0.11
2501,Empire of Legends Gold Edition,X360,2017.0,Role-Playing,Atari,0.03,0.01,0.03,0.04,0.11
2502,Quest for Shadows 3,PSP,2015.0,Simulation,Epic Games,0.07,0.02,0.01,0.01,0.11
2503,Duty Conquest 3,XOne,2013.0,Racing,Warner Bros. Interactive,0.07,0.01,0.01,0.02,0.11
2504,Realm of Legends Gold Edition,GBA,2004.0,Action,Nintendo,0.03,0.03,0.04,0.01,0.11
2505,Fairways Titans: Revolution,PSV,2012.0,Simulation,Electronic Arts,0.05,0.04,0.01,0.01,0.11
2506,Warriors Gridiron II,GC,2004.0,Fighting,Ubisoft,0.05,0.02,0.02,0.02,0.11
2507,Depths Empires,GBA,2002.0,Role-Playing,Epic Games,0.03,0.02,0.06,0.0,0.11
2508,Kingdom of Glory Gold Edition,WiiU,2013.0,Sports,Namco Bandai Games,0.05,0.03,0.0,0.03,0.11
2509,Gridiron Gridiron,DS,2004.0,Puzzle,Sony Computer Entertainment,0.03,0.03,0.03,0.02,0.11
2510,Champions Dragons III,PS,2009.0,Misc,Namco Bandai Games,0.04,0.04,0.01,0.02,0.11
2511,Saga of Glory,PSP,2015.0,Action,Nintendo,0.03,0.03,0.02,0.03,0.11
2512,Call of Fairways 3,XOne,2013.0,Adventure,CD Projekt,0.02,0.03,0.03,0.03,0.11
2513,Battle for Arena,Switch,2020.0,Strategy,Microsoft Game Studios,0.04,0.03,0.02,0.02,0.11
2514,Battle for Destiny,DS,2010.0,Shooter,Capcom,0.04,0.05,0.01,0.01,0.11
2515,Battle for Conquest 3,PS2,2001.0,Simulation,Take-Two Interactive,0.03,0.03,0.02,0.03,0.11
2516,Frontier Heroes III,GBA,2008.0,Platform,Nintendo,0.06,0.01,0.01,0.03,0.11
2517,Depths Racing Stars: Next Gen,Wii,2014.0,Fighting,Sega,0.03,0.04,0.02,0.02,0.11
2518,Dragons Racing Stars III,N64,2007.0,Fighting,Square Enix,0.03,0.05,0.02,0.01,0.11
2519,Battle for Depths,SNES,1999.0,Shooter,Activision,0.04,0.06,0.0,0.01,0.11
2520,Call of Odyssey: Reborn,PS,1998.0,Sports,Electronic Arts,0.05,0.03,0.01,0.02,0.11
2521,Realm of Odyssey: Next Gen,PS3,2011.0,Simulation,Electronic Arts,0.03,0.05,0.02,0.01,0.11
2522,Chronicles of Glory,PC,2000.0,Role-Playing,Namco Bandai Games,0.02,0.03,0.06,0.0,0.11
2523,Call of Fury: Origins,XOne,2018.0,Adventure,Disney Interactive Studios,0.05,0.04,0.01,0.01,0.11
2524,Duty Depths,3DS,2018.0,Platform,Microsoft Game Studios,0.05,0.02,0.02,0.02,0.11
2525,Fall of Legends: Remastered,PS,2007.0,Racing,Microsoft Game Studios,0.07,0.02,0.01,0.01,0.11
2526,Rebellion Shadows: Next Gen,PS4,2013.0,Adventure,Activision,0.04,0.03,0.01,0.03,0.11
2527,Tales of Champions: Next Gen,GBA,2009.0,Platform,Namco Bandai Games,0.04,0.02,0.03,0.02,0.11
2528,Rise of Rebellion: Revolution,GBA,2001.0,Racing,CD Projekt,0.07,0.02,0.0,0.02,0.11
2529,Realm of Gridiron 2,XB,2006.0,Shooter,Electronic Arts,0.06,0.04,0.0,0.01,0.11
2530,Titans Racing Stars: Revolution,PS3,2015.0,Racing,Bethesda Softworks,0.04,0.03,0.0,0.04,0.11
2531,World of Arena 3,GC,2011.0,Shooter,Activision,0.06,0.02,0.02,0.01,0.11
2532,Tales of Depths,Switch,2020.0,Simulation,THQ,0.05,0.03,0.01,0.02,0.11
2533,Racing Stars Titans: Remastered,PC,2001.0,Strategy,,0.06,0.03,0.02,0.0,0.11
2534,Chronicles of Empires 3,GBA,2002.0,Platform,Sony Computer Entertainment,0.05,0.02,0.02,0.02,0.11
2535,Fairways Racing Stars 2,DS,2009.0,Adventure,CD Projekt,0.05,0.04,0.02,0.0,0.11
2536,Titans Heroes II,WiiU,2020.0,Adventure,Square Enix,0.04,0.02,0.05,0.0,0.11
2537,Nations Warriors 3,PSV,2012.0,Racing,,0.06,0.04,0.0,0.01,0.11
2538,Heroes Frontier 2,X360,2012.0,Action,Ubisoft,0.06,0.03,0.01,0.01,0.11
2539,Depths Skies III,GC,2003.0,Fighting,CD Projekt,0.05,0.03,0.0,0.03,0.11
2540,Battle for Titans Gold Edition,Wii,2013.0,Shooter,2K Games,0.04,0.03,0.01,0.03,0.11
2541,Champions Fairways: Revolution,PC,1996.0,Racing,Microsoft Game Studios,0.08,0.02,0.0,0.01,0.11
2542,Champions Arena: Revolution,PC,2002.0,Simulation,Ubisoft,0.06,0.03,0.02,0.0,0.11
2543,Rebellion Shadows: Remastered,Wii,2015.0,Sports,Microsoft Game Studios,0.06,0.03,0.0,0.02,0.11
2544,Fairways Depths II,XOne,2017.0,Role-Playing,Sony Computer Entertainment,0.01,0.02,0.07,0.01,0.11
2545,Fall of Conquest: Reborn,PS2,2001.0,Simulation,Namco Bandai Games,0.05,0.03,0.01,0.02,0.11
2546,World of Destiny III,XOne,2019.0,Racing,Disney Interactive Studios,0.07,0.03,0.0,0.01,0.11
2547,Legend of Legends II,XB,2007.0,Sports,2K Games,0.07,0.02,0.0,0.02,0.11
2548,Rise of Champions,XOne,2013.0,Racing,Ubisoft,0.04,0.05,0.01,0.01,0.11
2549,Tales of Duty,GB,2000.0,Role-Playing,Take-Two Interactive,0.01,0.04,0.05,0.01,0.11
2550,Quest for Storm: Next Gen,DS,2014.0,Shooter,Activision,0.04,0.05,0.0,0.02,0.11
2551,Rise of Titans: Reborn,PSV,2016.0,Role-Playing,CD Projekt,0.03,0.02,0.05,0.01,0.11
2552,Valor Destiny,X360,2015.0,Simulation,Namco Bandai Games,0.05,0.04,0.01,0.01,0.11
2553,Fall of Champions: Next Gen,PS2,2002.0,Shooter,Square Enix,0.06,0.02,0.02,0.01,0.11
2554,Valor Legends: Next Gen,GB,2000.0,Action,2K Games,0.06,0.03,0.0,0.02,0.11
2555,Valor Odyssey II,3DS,2016.0,Racing,Epic Games,0.05,0.04,0.01,0.01,0.11
2556,Shadow of Heroes Gold Edition,DS,2008.0,Puzzle,Microsoft Game Studios,0.05,0.05,0.01,0.0,0.11
2557,Quest for Storm,PS3,2009.0,Adventure,2K Games,0.04,0.03,0.01,0.03,0.11
2558,World of Storm: Origins,N64,2002.0,Strategy,Disney Interactive Studios,0.06,0.03,0.01,0.01,0.11
2559,Saga of Heroes 2,Switch,2019.0,Fighting,Activision,0.04,0.04,0.01,0.02,0.11
2560,Odyssey Gridiron 2,PS4,2014.0,Role-Playing,Nintendo,0.03,0.03,0.03,0.02,0.11
2561,Rise of Fairways,PS3,2016.0,Platform,Activision,0.05,0.04,0.0,0.02,0.11
2562,World of Racing Stars 2,PS3,2014.0,Sports,Take-Two Interactive,0.05,0.03,0.01,0.02,0.11
2563,Storm Glory: Reborn,PS2,2007.0,Misc,Namco Bandai Games,0.04,0.05,0.01,0.01,0.11
2564,Quest for Conquest III,GB,2006.0,Sports,Disney Interactive Studios,0.04,0.04,0.0,0.03,0.11
2565,Shadow of Storm,X360,2010.0,Action,Nintendo,0.06,0.02,0.01,0.02,0.11
2566,Battle for Honor,GBA,2003.0,Simulation,Epic Games,0.03,0.04,0.03,0.01,0.11
2567,Call of Destiny: Origins,GBA,2004.0,Misc,Sega,0.07,0.02,0.01,0.01,0.11
2568,Quest for Odyssey: Next Gen,PS2,2008.0,Fighting,Warner Bros. Interactive,0.04,0.02,0.03,0.02,0.11
2569,Fall of Fairways,PS,2007.0,Role-Playing,2K Games,0.03,0.02,0.05,0.01,0.11
2570,Racing Stars Fury: Remastered,PS4,2018.0,Adventure,CD Projekt,0.08,0.02,0.01,0.0,0.11
2571,World of Nations: Origins,PS,2001.0,Role-Playing,,0.04,0.02,0.04,0.01,0.11
2572,Shadow of Glory: Remastered,PS,2006.0,Action,Nintendo,0.05,0.04,0.01,0.01,0.11
2573,World of Shadows,Wii,2010.0,Racing,Square Enix,0.06,0.02,0.01,0.02,0.11
2574,Gridiron Warriors: Origins,WiiU,2019.0,Platform,Nintendo,0.07,0.03,0.01,0.0,0.11
2575,Gridiron Fury: Remastered,PSP,2007.0,Shooter,Capcom,0.05,0.03,0.0,0.03,0.11
2576,Depths Honor Gold Edition,3DS,2017.0,Racing,Capcom,0.07,0.03,0.0,0.01,0.11
2577,Depths Fairways: Revolution,Switch,2020.0,Strategy,,0.04,0.03,0.03,0.01,0.11
2578,Quest for Racing Stars: Origins,N64,,Fighting,Disney Interactive Studios,0.05,0.04,0.02,0.0,0.11
2579,World of Warriors: Reborn,N64,2007.0,Fighting,Konami Digital Entertainment,0.05,0.05,0.01,0.0,0.11
2580,Legend of Dragons: Reborn,Wii,2015.0,Racing,Sega,0.05,0.04,0.01,0.01,0.11
2581,Glory Honor: Origins,PS3,2017.0,Sports,Sega,0.07,0.03,0.0,0.01,0.11
2582,Rise of Duty: Reborn,N64,2008.0,Strategy,Nintendo,0.05,0.02,0.02,0.02,0.11
2583,Destiny Shadows: Revolution,WiiU,2020.0,Shooter,Konami Digital Entertainment,0.05,0.04,0.01,0.01,0.11
2584,Chronicles of Titans: Remastered,XB,2007.0,Racing,Epic Games,0.06,0.04,0.0,0.01,0.11
2585,Arena Odyssey,PC,2003.0,Misc,THQ,0.05,0.02,0.02,0.02,0.11
2586,Nations Glory 2,PS2,2005.0,Fighting,Disney Interactive Studios,0.05,0.03,0.01,0.02,0.11
2587,Saga of Shadows,PS,2005.0,Sports,Ubisoft,0.05,0.03,0.0,0.03,0.11
2588,Frontier Destiny: Origins,N64,2005.0,Fighting,Namco Bandai Games,0.05,0.03,0.02,0.01,0.11
2589,Glory Valor Gold Edition,PSV,2017.0,Fighting,Electronic Arts,0.03,0.04,0.01,0.03,0.11
2590,Saga of Fairways II,PS,2000.0,Role-Playing,Microsoft Game Studios,0.02,0.02,0.05,0.02,0.11
2591,Legends Duty Gold Edition,PS4,2019.0,Role-Playing,Namco Bandai Games,0.05,0.02,0.04,0.0,0.11
2592,Fall of Fury Gold Edition,WiiU,2015.0,Shooter,Capcom,0.08,0.02,0.0,0.01,0.11
2593,Legends Destiny: Revolution,PSV,2012.0,Platform,Nintendo,0.07,0.02,0.01,0.01,0.11
2594,Quest for Champions: Remastered,Wii,2011.0,Action,Namco Bandai Games,0.05,0.03,0.02,0.01,0.11
2595,Call of Warriors: Remastered,XB,2003.0,Simulation,Sega,0.06,0.03,0.01,0.01,0.11
2596,Realm of Nations: Origins,PSP,2015.0,Misc,Square Enix,0.03,0.04,0.01,0.03,0.11
2597,Realm of Destiny 2,PC,2001.0,Shooter,Take-Two Interactive,0.05,0.05,0.0,0.01,0.11
2598,Battle for Dragons: Revolution,Wii,2016.0,Shooter,Sega,0.06,0.02,0.02,0.01,0.11
2599,Honor Valor Gold Edition,Wii,2006.0,Puzzle,Sony Computer Entertainment,0.03,0.05,0.01,0.02,0.11
2600,Warriors Glory III,PS2,2003.0,Platform,Namco Bandai Games,0.04,0.03,0.03,0.01,0.11
2601,Rebellion Conquest III,PSV,2017.0,Platform,Nintendo,0.05,0.03,0.01,0.02,0.11
2602,Frontier Storm Gold Edition,3DS,2019.0,Adventure,Warner Bros. Interactive,0.05,0.02,0.01,0.03,0.11
2603,Warriors Odyssey: Origins,GBA,2009.0,Strategy,Disney Interactive Studios,0.04,0.03,0.02,0.02,0.11
2604,Warriors Empires III,PC,1998.0,Strategy,Sony Computer Entertainment,0.03,0.04,0.01,0.03,0.11
2605,Chronicles of Dragons: Origins,XOne,2016.0,Misc,Namco Bandai Games,0.06,0.03,0.01,0.01,0.11
2606,Fairways Empires: Revolution,X360,2007.0,Sports,Sony Computer Entertainment,0.04,0.02,0.0,0.05,0.11
2607,Conquest Warriors,GC,2007.0,Shooter,2K Games,0.05,0.04,0.01,0.01,0.11
2608,Storm Arena,GBA,2004.0,Fighting,Konami Digital Entertainment,0.05,0.02,0.03,0.01,0.11
2609,Valor Conquest,PS4,2019.0,Fighting,Sega,0.06,0.02,0.01,0.02,0.11
2610,Frontier Depths,XB,2009.0,Action,Nintendo,0.05,0.03,0.02,0.01,0.11
2611,Rise of Rebellion II,PC,2001.0,Strategy,Capcom,0.04,0.03,0.03,0.01,0.11
2612,Realm of Arena Gold Edition,Wii,2015.0,Fighting,Konami Digital Entertainment,0.06,0.01,0.01,0.03,0.11
2613,Quest for Honor,PS4,2017.0,Platform,Nintendo,0.02,0.05,0.02,0.02,0.11
2614,Fall of Frontier: Reborn,PS,2008.0,Puzzle,Nintendo,0.05,0.02,0.03,0.01,0.11
2615,Valor Depths: Reborn,Wii,2012.0,Fighting,Microsoft Game Studios,0.07,0.01,0.02,0.01,0.11
2616,Fury Dragons 3,GB,2005.0,Simulation,THQ,0.03,0.05,0.02,0.01,0.11
2617,Destiny Odyssey,PS,2001.0,Strategy,Epic Games,0.07,0.02,0.02,0.0,0.11
2618,Age of Storm: Reborn,PS3,2010.0,Strategy,2K Games,0.04,0.03,0.02,0.02,0.11
2619,Warriors Fury: Remastered,X360,2008.0,Strategy,THQ,0.06,0.03,0.02,0.0,0.11
2620,Battle for Empires 3,PSP,2011.0,Adventure,Sony Computer Entertainment,0.02,0.05,0.02,0.02,0.11
2621,Quest for Skies 2,3DS,2019.0,Adventure,Square Enix,0.04,0.03,0.02,0.02,0.11
2622,Fairways Odyssey: Remastered,N64,1996.0,Action,Warner Bros. Interactive,0.03,0.03,0.03,0.02,0.11
2623,Conquest Frontier III,GB,2001.0,Sports,Sony Computer Entertainment,0.07,0.01,0.01,0.02,0.11
2624,Storm Frontier II,XB,2004.0,Misc,Epic Games,0.05,0.02,0.02,0.02,0.11
2625,Dragons Dragons 3,XOne,2019.0,Action,Warner Bros. Interactive,0.05,0.04,0.01,0.01,0.11
2626,Fury Heroes: Origins,PC,1998.0,Role-Playing,CD Projekt,0.02,0.04,0.04,0.01,0.11
2627,Rebellion Storm: Revolution,PSV,2017.0,Misc,Namco Bandai Games,0.03,0.03,0.04,0.01,0.11
2628,Kingdom of Racing Stars: Reborn,PSV,2013.0,Shooter,Capcom,0.06,0.04,0.0,0.01,0.11
2629,Warriors Valor,3DS,2012.0,Action,Activision,0.05,0.03,0.02,0.01,0.11
2630,Kingdom of Titans 3,Switch,2020.0,Action,2K Games,0.03,0.02,0.05,0.01,0.11
2631,Heroes Champions,PC,2000.0,Role-Playing,CD Projekt,0.04,0.04,0.03,0.0,0.11
2632,Glory Skies,DS,2013.0,Action,Sega,0.06,0.03,0.0,0.02,0.11
2633,Destiny Frontier,PS4,2016.0,Shooter,,0.04,0.05,0.01,0.01,0.11
2634,Gridiron Arena 3,X360,2008.0,Fighting,Activision,0.05,0.04,0.01,0.01,0.11
2635,Call of Warriors,GC,2011.0,Action,Epic Games,0.03,0.04,0.03,0.01,0.11
2636,Fury Arena Gold Edition,X360,2007.0,Racing,Warner Bros. Interactive,0.08,0.02,0.0,0.01,0.11
2637,Arena Dragons,PSP,2007.0,Role-Playing,CD Projekt,0.03,0.04,0.03,0.01,0.11
2638,Fury Storm: Next Gen,GB,1998.0,Sports,Konami Digital Entertainment,0.05,0.03,0.0,0.03,0.11
2639,Skies Storm: Reborn,Wii,2013.0,Misc,THQ,0.04,0.05,0.01,0.01,0.11
2640,Kingdom of Fury 2,SNES,1998.0,Adventure,Namco Bandai Games,0.04,0.04,0.01,0.02,0.11
2641,Fall of Titans: Remastered,PSV,2015.0,Fighting,Sega,0.04,0.03,0.02,0.01,0.1
2642,Call of Frontier: Reborn,PSP,2008.0,Action,Microsoft Game Studios,0.04,0.04,0.01,0.01,0.1
2643,Valor Skies III,Switch,2018.0,Shooter,Epic Games,0.02,0.04,0.0,0.04,0.1
2644,Titans Gridiron II,PS,2000.0,Sports,2K Games,0.06,0.03,0.0,0.01,0.1
2645,Shadow of Champions: Remastered,Wii,2010.0,Sports,Konami Digital Entertainment,0.05,0.04,0.0,0.01,0.1
2646,Rise of Warriors 3,PS2,2003.0,Action,Take-Two Interactive,0.03,0.04,0.02,0.01,0.1
2647,Rise of Skies: Reborn,N64,2008.0,Shooter,Atari,0.05,0.05,0.0,0.0,0.1
2648,Fury Legends: Revolution,GB,2004.0,Misc,Activision,0.05,0.04,0.01,0.0,0.1
2649,Gridiron Fury Gold Edition,XOne,2017.0,Puzzle,Disney Interactive Studios,0.06,0.01,0.02,0.01,0.1
2650,Gridiron Empires,PC,,Sports,Activision,0.04,0.05,0.0,0.01,0.1
2651,Shadow of Legends Gold Edition,PSV,2011.0,Misc,Warner Bros. Interactive,0.04,0.04,0.01,0.01,0.1
2652,Glory Valor 3,PC,2002.0,Adventure,Konami Digital Entertainment,0.05,0.03,0.01,0.01,0.1
2653,Shadow of Champions: Remastered,PC,2001.0,Role-Playing,Ubisoft,0.02,0.02,0.04,0.02,0.1
2654,Empire of Odyssey,3DS,2013.0,Fighting,2K Games,0.03,0.03,0.02,0.02,0.1
2655,Chronicles of Glory,GC,2012.0,Sports,2K Games,0.03,0.04,0.02,0.01,0.1
2656,Age of Nations: Next Gen,PS4,2013.0,Strategy,Sega,0.02,0.02,0.01,0.05,0.1
2657,Realm of Frontier,XB,2009.0,Action,Bethesda Softworks,0.04,0.03,0.02,0.01,0.1
2658,Conquest Gridiron: Remastered,PS2,2005.0,Fighting,Ubisoft,0.06,0.03,0.0,0.01,0.1
2659,Legend of Racing Stars III,WiiU,2016.0,Simulation,Bethesda Softworks,0.04,0.03,0.01,0.02,0.1
2660,Empires Odyssey: Remastered,PS2,2004.0,Sports,Take-Two Interactive,0.07,0.01,0.0,0.02,0.1
2661,Heroes Gridiron,SNES,2005.0,Platform,Atari,0.03,0.02,0.03,0.02,0.1
2662,Chronicles of Duty: Origins,PSV,2011.0,Platform,Nintendo,0.05,0.01,0.02,0.02,0.1
2663,Arena Racing Stars 2,Wii,2007.0,Platform,Electronic Arts,0.04,0.04,0.01,0.01,0.1
2664,Frontier Duty,WiiU,2014.0,Simulation,Nintendo,0.04,0.02,0.03,0.01,0.1
2665,Realm of Destiny,PS2,2008.0,Fighting,Warner Bros. Interactive,0.03,0.03,0.03,0.01,0.1
2666,Quest for Fairways: Revolution,XB,2010.0,Fighting,Warner Bros. Interactive,0.05,0.02,0.01,0.02,0.1
2667,Saga of Heroes,PSP,2013.0,Racing,Electronic Arts,0.05,0.02,0.01,0.02,0.1
2668,Shadow of Frontier,PC,1995.0,Role-Playing,Bethesda Softworks,0.02,0.03,0.04,0.01,0.1
2669,Rise of Destiny: Revolution,X360,2011.0,Sports,Sony Computer Entertainment,0.03,0.05,0.01,0.01,0.1
2670,Empires Gridiron Gold Edition,PS,2003.0,Puzzle,CD Projekt,0.02,0.04,0.03,0.01,0.1
2671,Heroes Nations,GBA,2002.0,Action,Activision,0.04,0.04,0.01,0.01,0.1
2672,Chronicles of Titans II,WiiU,2019.0,Strategy,Sega,0.03,0.05,0.01,0.01,0.1
2673,Saga of Fairways II,Wii,2014.0,Platform,Sega,0.04,0.04,0.01,0.01,0.1
2674,Chronicles of Nations,Switch,2019.0,Role-Playing,Bethesda Softworks,0.02,0.02,0.06,0.0,0.1
2675,Fairways Honor: Revolution,PSP,2011.0,Adventure,CD Projekt,0.02,0.04,0.03,0.01,0.1
2676,Conquest Nations: Remastered,WiiU,,Puzzle,Konami Digital Entertainment,0.04,0.04,0.01,0.01,0.1
2677,Battle for Dragons 3,DS,2014.0,Sports,Microsoft Game Studios,0.08,0.01,0.0,0.01,0.1
2678,Duty Shadows,PS,2003.0,Fighting,Microsoft Game Studios,0.05,0.03,0.01,0.01,0.1
2679,World of Warriors: Reborn,PSP,2014.0,Simulation,Namco Bandai Games,0.02,0.04,0.02,0.02,0.1
2680,Legend of Glory II,3DS,2018.0,Sports,Activision,0.05,0.03,0.01,0.01,0.1
2681,Legend of Conquest: Next Gen,GBA,2009.0,Strategy,2K Games,0.04,0.04,0.01,0.01,0.1
2682,Kingdom of Frontier,PSP,2006.0,Misc,Ubisoft,0.04,0.04,0.01,0.01,0.1
2683,Heroes Gridiron,PSP,2004.0,Sports,Epic Games,0.05,0.03,0.01,0.01,0.1
2684,Frontier Valor: Revolution,XOne,2016.0,Shooter,Sega,0.05,0.03,0.0,0.02,0.1
2685,Rise of Glory: Remastered,N64,1999.0,Action,Konami Digital Entertainment,0.05,0.02,0.01,0.02,0.1
2686,Fall of Glory: Next Gen,XOne,2017.0,Racing,Warner Bros. Interactive,0.05,0.02,0.0,0.03,0.1
2687,Legend of Skies Gold Edition,PS2,2000.0,Action,Epic Games,0.05,0.03,0.01,0.01,0.1
2688,Tales of Fury Gold Edition,X360,2005.0,Shooter,Electronic Arts,0.06,0.03,0.0,0.01,0.1
2689,Shadows Fairways: Reborn,Wii,2008.0,Misc,Sega,0.03,0.06,0.0,0.01,0.1
2690,Empire of Fairways: Remastered,XB,2002.0,Role-Playing,Microsoft Game Studios,0.04,0.01,0.04,0.01,0.1
2691,Titans Odyssey: Remastered,XOne,2015.0,Misc,Activision,0.03,0.04,0.01,0.02,0.1
2692,Storm Heroes 3,WiiU,2015.0,Fighting,Disney Interactive Studios,0.04,0.04,0.02,0.0,0.1
2693,Fall of Fairways: Next Gen,PC,2000.0,Misc,Take-Two Interactive,0.05,0.02,0.03,0.0,0.1
2694,Skies Racing Stars: Remastered,X360,2007.0,Fighting,Nintendo,0.03,0.04,0.02,0.01,0.1
2695,Kingdom of Fairways Gold Edition,PS2,2006.0,Sports,Sony Computer Entertainment,0.03,0.05,0.0,0.02,0.1
2696,Conquest Storm: Next Gen,XOne,2013.0,Racing,THQ,0.05,0.04,0.0,0.01,0.1
2697,World of Duty,PSP,2010.0,Fighting,Capcom,0.05,0.03,0.01,0.01,0.1
2698,Heroes Gridiron,PS2,2008.0,Fighting,Sega,0.04,0.03,0.01,0.02,0.1
2699,Age of Destiny 3,N64,2004.0,Action,Bethesda Softworks,0.04,0.04,0.01,0.01,0.1
2700,Destiny Titans 2,XB,2003.0,Racing,2K Games,0.04,0.03,0.0,0.03,0.1
2701,Kingdom of Rebellion: Revolution,X360,2014.0,Simulation,Atari,0.03,0.04,0.01,0.02,0.1
2702,Frontier Fairways: Remastered,PC,2000.0,Simulation,Electronic Arts,0.06,0.02,0.01,0.01,0.1
2703,Rise of Storm,Switch,2018.0,Adventure,Sony Computer Entertainment,0.05,0.04,0.0,0.01,0.1
2704,Nations Shadows: Origins,PC,1996.0,Role-Playing,CD Projekt,0.03,0.02,0.05,0.0,0.1
2705,Fury Depths III,PS,2003.0,Role-Playing,Capcom,0.03,0.01,0.05,0.01,0.1
2706,Legend of Gridiron,3DS,2015.0,Platform,Nintendo,0.06,0.03,0.0,0.01,0.1
2707,Frontier Shadows,PSP,2008.0,Platform,Namco Bandai Games,0.05,0.03,0.01,0.01,0.1
2708,Valor Champions,X360,2012.0,Role-Playing,Bethesda Softworks,0.01,0.02,0.07,0.0,0.1
2709,Nations Shadows: Revolution,WiiU,2013.0,Shooter,Take-Two Interactive,0.06,0.03,0.0,0.01,0.1
2710,Destiny Warriors: Origins,PS,2002.0,Racing,Take-Two Interactive,0.03,0.03,0.0,0.04,0.1
2711,Shadow of Racing Stars: Reborn,GC,2005.0,Platform,Disney Interactive Studios,0.04,0.03,0.0,0.03,0.1
2712,Kingdom of Depths: Reborn,N64,2004.0,Adventure,Square Enix,0.04,0.03,0.01,0.02,0.1
2713,Skies Heroes III,XB,2010.0,Misc,Ubisoft,0.04,0.04,0.01,0.01,0.1
2714,Realm of Empires,X360,2014.0,Racing,2K Games,0.05,0.04,0.0,0.01,0.1
2715,Chronicles of Odyssey 3,PSP,2004.0,Strategy,Warner Bros. Interactive,0.05,0.03,0.01,0.01,0.1
2716,Empire of Heroes,GB,1998.0,Simulation,Atari,0.04,0.03,0.01,0.02,0.1
2717,Battle for Gridiron III,WiiU,2014.0,Fighting,Sega,0.05,0.01,0.02,0.02,0.1
2718,Rebellion Legends,GBA,2001.0,Simulation,Atari,0.02,0.06,0.01,0.01,0.1
2719,Shadow of Duty: Remastered,PSP,2009.0,Puzzle,Sega,0.05,0.02,0.02,0.01,0.1
2720,Heroes Skies: Reborn,XOne,2018.0,Sports,Take-Two Interactive,0.06,0.02,0.01,0.01,0.1
2721,Legends Nations,GC,2008.0,Role-Playing,Bethesda Softworks,0.03,0.02,0.05,0.0,0.1
2722,Dragons Shadows,PS3,2007.0,Adventure,Bethesda Softworks,0.05,0.03,0.01,0.01,0.1
2723,Duty Depths II,GB,2005.0,Action,Take-Two Interactive,0.03,0.04,0.01,0.02,0.1
2724,Call of Racing Stars II,GC,2008.0,Role-Playing,Nintendo,0.04,0.03,0.02,0.01,0.1
2725,Glory Destiny: Remastered,PS,1999.0,Platform,Epic Games,0.04,0.03,0.01,0.02,0.1
2726,Battle for Arena: Revolution,PSV,2020.0,Platform,Take-Two Interactive,0.06,0.02,0.01,0.01,0.1
2727,Heroes Odyssey: Remastered,XOne,2013.0,Sports,Konami Digital Entertainment,0.04,0.05,0.0,0.01,0.1
2728,Call of Storm,PS2,2003.0,Fighting,Namco Bandai Games,0.03,0.03,0.02,0.02,0.1
2729,Chronicles of Conquest: Origins,PSV,2019.0,Misc,CD Projekt,0.05,0.03,0.01,0.01,0.1
2730,Heroes Dragons,3DS,2020.0,Fighting,Konami Digital Entertainment,0.03,0.05,0.01,0.01,0.1
2731,Fall of Duty: Next Gen,PSV,2011.0,Adventure,Bethesda Softworks,0.03,0.01,0.03,0.03,0.1
2732,Heroes Titans Gold Edition,SNES,1998.0,Puzzle,Ubisoft,0.02,0.05,0.02,0.01,0.1
2733,Champions Heroes: Reborn,Wii,2007.0,Strategy,Atari,0.05,0.02,0.02,0.01,0.1
2734,World of Frontier: Revolution,PSP,2016.0,Platform,THQ,0.05,0.02,0.02,0.01,0.1
2735,Empire of Arena,PSV,2016.0,Misc,2K Games,0.05,0.02,0.02,0.01,0.1
2736,Call of Frontier: Origins,DS,2005.0,Puzzle,Epic Games,0.06,0.02,0.01,0.01,0.1
2737,Battle for Odyssey: Revolution,WiiU,2020.0,Fighting,Epic Games,0.05,0.03,0.01,0.01,0.1
2738,Shadows Honor II,SNES,1996.0,Role-Playing,Square Enix,0.03,0.01,0.05,0.01,0.1
2739,Valor Warriors: Origins,GB,2006.0,Adventure,Disney Interactive Studios,0.04,0.04,0.01,0.01,0.1
2740,Dragons Heroes,PS4,2020.0,Strategy,Sony Computer Entertainment,0.05,0.03,0.01,0.01,0.1
2741,Quest for Frontier: Next Gen,PS,2007.0,Adventure,Square Enix,0.03,0.04,0.01,0.02,0.1
2742,Gridiron Conquest III,PS,1999.0,Action,Bethesda Softworks,0.04,0.04,0.01,0.01,0.1
2743,Realm of Honor: Revolution,WiiU,2020.0,Strategy,Capcom,0.05,0.02,0.03,0.0,0.1
2744,Heroes Arena: Origins,Switch,2020.0,Racing,Electronic Arts,0.04,0.05,0.0,0.01,0.1
2745,Chronicles of Warriors: Remastered,PS,2008.0,Sports,Atari,0.06,0.03,0.0,0.01,0.1
2746,Saga of Fury: Next Gen,PS,2004.0,Sports,Take-Two Interactive,0.04,0.02,0.02,0.02,0.1
2747,Rise of Fury: Reborn,SNES,2004.0,Racing,THQ,0.06,0.04,0.0,0.0,0.1
2748,Rebellion Empires: Origins,PS,2009.0,Fighting,Konami Digital Entertainment,0.06,0.02,0.01,0.01,0.1
2749,Quest for Racing Stars,PS3,2011.0,Puzzle,2K Games,0.02,0.03,0.01,0.04,0.1
2750,Shadows Frontier 2,SNES,2000.0,Shooter,Activision,0.04,0.03,0.01,0.02,0.1
2751,Kingdom of Rebellion: Remastered,GC,2013.0,Role-Playing,Sega,0.03,0.03,0.03,0.01,0.1
2752,Skies Titans Gold Edition,XB,2002.0,Misc,Take-Two Interactive,0.05,0.04,0.01,0.0,0.1
2753,Shadows Depths: Reborn,PC,2002.0,Sports,Nintendo,0.05,0.02,0.01,0.02,0.1
2754,Kingdom of Nations: Next Gen,PSV,2012.0,Role-Playing,Disney Interactive Studios,0.01,0.02,0.06,0.01,0.1
2755,Age of Valor,PC,1998.0,Adventure,CD Projekt,0.03,0.05,0.01,0.01,0.1
2756,Heroes Champions: Revolution,PS4,2020.0,Simulation,Capcom,0.05,0.03,0.02,0.0,0.1
2757,Honor Gridiron: Next Gen,XOne,2014.0,Role-Playing,Take-Two Interactive,0.04,0.02,0.03,0.01,0.1
2758,Age of Warriors: Remastered,GB,1998.0,Racing,Namco Bandai Games,0.06,0.03,0.0,0.01,0.1
2759,Duty Rebellion Gold Edition,N64,2002.0,Simulation,Microsoft Game Studios,0.06,0.03,0.01,0.0,0.1
2760,Chronicles of Empires: Next Gen,3DS,2011.0,Adventure,Epic Games,0.03,0.03,0.01,0.03,0.1
2761,World of Fairways III,GB,,Role-Playing,CD Projekt,0.02,0.03,0.05,0.0,0.1
2762,World of Duty 2,PS,2009.0,Fighting,Capcom,0.04,0.03,0.02,0.01,0.1
2763,Empires Titans: Origins,N64,1997.0,Shooter,Microsoft Game Studios,0.07,0.01,0.0,0.02,0.1
2764,Racing Stars Arena: Reborn,N64,2004.0,Strategy,Electronic Arts,0.06,0.03,0.01,0.0,0.1
2765,Age of Titans: Revolution,N64,1998.0,Role-Playing,Bethesda Softworks,0.01,0.02,0.07,0.0,0.1
2766,Quest for Gridiron II,PS2,2003.0,Adventure,Sony Computer Entertainment,0.05,0.03,0.01,0.01,0.1
2767,Odyssey Storm 3,WiiU,2019.0,Misc,Square Enix,0.02,0.04,0.02,0.02,0.1
2768,Nations Valor 3,Switch,2020.0,Simulation,Electronic Arts,0.07,0.01,0.01,0.01,0.1
2769,Fairways Titans,PS4,2017.0,Action,Disney Interactive Studios,0.04,0.03,0.02,0.01,0.1
2770,Duty Dragons Gold Edition,PSV,2013.0,Misc,Epic Games,0.04,0.02,0.03,0.01,0.1
2771,Heroes Arena Gold Edition,PSV,2011.0,Strategy,Namco Bandai Games,0.05,0.03,0.01,0.01,0.1
2772,Warriors Valor: Remastered,XOne,2018.0,Adventure,Sega,0.04,0.04,0.01,0.01,0.1
2773,Honor Champions: Revolution,X360,2008.0,Platform,Nintendo,0.04,0.03,0.01,0.02,0.1
2774,Conquest Odyssey: Remastered,XB,2009.0,Platform,Sega,0.05,0.02,0.02,0.01,0.1
2775,Saga of Valor 2,XOne,2018.0,Adventure,Warner Bros. Interactive,0.03,0.04,0.01,0.02,0.1
2776,Honor Frontier Gold Edition,PSP,,Strategy,2K Games,0.03,0.04,0.01,0.02,0.1
2777,Nations Titans 2,SNES,1997.0,Racing,Sega,0.05,0.03,0.0,0.02,0.1
2778,Destiny Nations,SNES,2005.0,Adventure,CD Projekt,0.04,0.05,0.01,0.0,0.1
2779,Duty Gridiron II,PS2,2007.0,Puzzle,Bethesda Softworks,0.04,0.05,0.0,0.01,0.1
2780,Rise of Titans: Reborn,3DS,2019.0,Strategy,THQ,0.06,0.02,0.0,0.02,0.1
2781,Chronicles of Depths: Remastered,X360,2016.0,Racing,Capcom,0.05,0.03,0.01,0.01,0.1
2782,Saga of Legends: Origins,WiiU,2020.0,Misc,THQ,0.04,0.03,0.01,0.02,0.1
2783,Rise of Depths II,PSV,2011.0,Role-Playing,Warner Bros. Interactive,0.02,0.02,0.05,0.01,0.1
2784,Age of Depths,PSV,2019.0,Fighting,Disney Interactive Studios,0.03,0.05,0.01,0.01,0.1
2785,Skies Fury: Revolution,PC,1996.0,Platform,Konami Digital Entertainment,0.03,0.05,0.01,0.01,0.1
2786,Call of Titans 2,PS2,2003.0,Fighting,Take-Two Interactive,0.03,0.04,0.01,0.02,0.1
2787,Chronicles of Warriors: Remastered,GB,2002.0,Puzzle,Epic Games,0.03,0.02,0.02,0.03,0.1
2788,Legend of Nations,PS,2006.0,Action,Nintendo,0.02,0.04,0.02,0.02,0.1
2789,Fall of Odyssey: Revolution,X360,2013.0,Puzzle,Take-Two Interactive,0.04,0.02,0.02,0.02,0.1
2790,Saga of Depths 2,PSP,2016.0,Strategy,CD Projekt,0.03,0.03,0.01,0.03,0.1
2791,Titans Arena: Remastered,PS,1998.0,Strategy,Capcom,0.04,0.03,0.01,0.02,0.1
2792,Rise of Dragons: Origins,PSP,2011.0,Strategy,Capcom,0.03,0.02,0.04,0.01,0.1
2793,Age of Heroes: Revolution,DS,2012.0,Shooter,Capcom,0.04,0.04,0.01,0.01,0.1
2794,Legends Fairways 2,PC,1999.0,Strategy,Epic Games,0.04,0.03,0.01,0.02,0.1
2795,Honor Champions: Remastered,GC,2013.0,Shooter,Warner Bros. Interactive,0.05,0.04,0.0,0.01,0.1
2796,Arena Champions: Revolution,PS4,2016.0,Shooter,Activision,0.03,0.03,0.01,0.03,0.1
2797,Saga of Nations: Next Gen,XOne,2020.0,Fighting,Nintendo,0.02,0.04,0.02,0.02,0.1
2798,Kingdom of Destiny: Origins,DS,2004.0,Platform,Atari,0.05,0.02,0.01,0.02,0.1
2799,Destiny Valor: Revolution,GBA,2008.0,Role-Playing,Namco Bandai Games,0.06,0.01,0.03,0.0,0.1
2800,Empires Racing Stars: Remastered,WiiU,2018.0,Shooter,2K Games,0.05,0.04,0.0,0.01,0.1
2801,Valor Odyssey III,SNES,2005.0,Misc,Namco Bandai Games,0.05,0.02,0.03,0.0,0.1
2802,Glory Depths 2,GC,2006.0,Simulation,Disney Interactive Studios,0.03,0.03,0.02,0.02,0.1
2803,Rise of Dragons 3,XOne,2019.0,Adventure,Sony Computer Entertainment,0.03,0.04,0.01,0.02,0.1
2804,Chronicles of Depths: Origins,XB,2006.0,Action,Microsoft Game Studios,0.05,0.02,0.02,0.01,0.1
2805,Chronicles of Conquest,Switch,2017.0,Adventure,CD Projekt,0.02,0.04,0.02,0.02,0.1
2806,Dragons Duty Gold Edition,SNES,1994.0,Simulation,Konami Digital Entertainment,0.05,0.02,0.03,0.0,0.1
2807,Arena Nations: Next Gen,PS2,2006.0,Misc,Warner Bros. Interactive,0.02,0.03,0.04,0.01,0.1
2808,Age of Conquest III,Switch,2019.0,Adventure,Activision,0.03,0.02,0.04,0.01,0.1
2809,Fall of Gridiron: Origins,3DS,2016.0,Role-Playing,Disney Interactive Studios,0.03,0.03,0.03,0.01,0.1
2810,Quest for Titans II,N64,1997.0,Shooter,Activision,0.04,0.03,0.01,0.02,0.1
2811,Empires Rebellion,N64,1996.0,Puzzle,Atari,0.03,0.04,0.02,0.01,0.1
2812,Rise of Champions 2,Switch,2020.0,Role-Playing,Warner Bros. Interactive,0.02,0.01,0.07,0.0,0.1
2813,Chronicles of Dragons,PS,2000.0,Platform,2K Games,0.05,0.03,0.01,0.01,0.1
2814,Tales of Empires,N64,1999.0,Puzzle,Capcom,0.05,0.03,0.02,0.0,0.1
2815,Realm of Nations III,PS3,2017.0,Adventure,Square Enix,0.05,0.03,0.01,0.01,0.1
2816,Shadows Empires: Origins,GC,2001.0,Puzzle,Sega,0.05,0.02,0.02,0.01,0.1
2817,Rebellion Nations: Origins,GB,2001.0,Action,Konami Digital Entertainment,0.04,0.03,0.01,0.02,0.1
2818,Champions Heroes: Revolution,XB,2001.0,Adventure,Activision,0.04,0.04,0.01,0.01,0.1
2819,Titans Depths 3,Wii,2012.0,Misc,Activision,0.03,0.02,0.04,0.01,0.1
2820,Shadow of Dragons: Origins,DS,2009.0,Strategy,Ubisoft,0.04,0.03,0.01,0.02,0.1
2821,Age of Titans: Reborn,SNES,1997.0,Role-Playing,Atari,0.04,0.02,0.02,0.02,0.1
2822,Tales of Titans,PS2,2008.0,Puzzle,Epic Games,0.02,0.01,0.03,0.04,0.1
2823,Empires Frontier,GB,1997.0,Shooter,Ubisoft,0.05,0.03,0.0,0.02,0.1
2824,Duty Champions II,WiiU,2014.0,Puzzle,Bethesda Softworks,0.03,0.05,0.01,0.01,0.1
2825,Realm of Fairways: Revolution,PSP,2006.0,Puzzle,CD Projekt,0.08,0.01,0.0,0.01,0.1
2826,Realm of Dragons: Revolution,DS,2013.0,Role-Playing,THQ,0.04,0.01,0.04,0.01,0.1
2827,Chronicles of Duty 2,GBA,2002.0,Adventure,Ubisoft,0.01,0.05,0.03,0.01,0.1
2828,Legends Titans 3,3DS,2012.0,Fighting,2K Games,0.04,0.02,0.01,0.03,0.1
2829,Fury Heroes: Next Gen,GC,2002.0,Strategy,Disney Interactive Studios,0.03,0.03,0.02,0.02,0.1
2830,Empire of Arena 2,PSV,2017.0,Misc,2K Games,0.02,0.05,0.01,0.02,0.1
2831,Rise of Duty Gold Edition,PS2,2008.0,Puzzle,Capcom,0.07,0.02,0.01,0.0,0.1
2832,Kingdom of Honor 3,XB,2006.0,Racing,Activision,0.05,0.04,0.0,0.01,0.1
2833,Shadows Skies III,SNES,2004.0,Racing,Sony Computer Entertainment,0.05,0.03,0.0,0.02,0.1
2834,Warriors Empires,XOne,2015.0,Shooter,Namco Bandai Games,0.04,0.03,0.02,0.01,0.1
2835,Dragons Shadows: Remastered,GB,2001.0,Racing,Capcom,0.04,0.04,0.01,0.01,0.1
2836,Empire of Destiny: Revolution,PS3,2011.0,Simulation,2K Games,0.04,0.03,0.01,0.02,0.1
2837,Fairways Destiny Gold Edition,Switch,2020.0,Role-Playing,THQ,0.03,0.03,0.03,0.01,0.1
2838,Glory Heroes 2,WiiU,2016.0,Role-Playing,Epic Games,0.03,0.02,0.05,0.0,0.1
2839,World of Shadows: Origins,PS4,2020.0,Action,Activision,0.06,0.02,0.01,0.01,0.1
2840,Conquest Valor: Remastered,WiiU,2015.0,Strategy,THQ,0.04,0.04,0.01,0.01,0.1
2841,Rise of Fairways,PS,2001.0,Sports,CD Projekt,0.06,0.03,0.0,0.01,0.1
2842,Tales of Titans: Revolution,WiiU,2017.0,Simulation,Sony Computer Entertainment,0.03,0.04,0.01,0.02,0.1
2843,Fury Honor: Next Gen,3DS,2018.0,Shooter,Activision,0.05,0.03,0.0,0.02,0.1
2844,Rise of Heroes: Origins,GB,2003.0,Misc,Ubisoft,0.04,0.03,0.02,0.01,0.1
2845,Realm of Honor 3,WiiU,2020.0,Racing,Ubisoft,0.06,0.02,0.01,0.01,0.1
2846,Realm of Fury: Remastered,GB,1997.0,Action,Atari,0.05,0.03,0.02,0.0,0.1
2847,Dragons Dragons,GB,2000.0,Strategy,Ubisoft,0.04,0.03,0.01,0.02,0.1
2848,Warriors Rebellion: Revolution,GBA,2004.0,Simulation,Sony Computer Entertainment,0.05,0.01,0.02,0.02,0.1
2849,Quest for Conquest: Next Gen,GBA,2001.0,Strategy,Ubisoft,0.04,0.03,0.02,0.01,0.1
2850,Depths Fairways: Reborn,X360,2017.0,Adventure,Bethesda Softworks,0.06,0.03,0.01,0.0,0.1
2851,Call of Destiny: Revolution,GC,2009.0,Shooter,Take-Two Interactive,0.05,0.02,0.01,0.02,0.1
2852,World of Fairways: Origins,PS3,2008.0,Fighting,THQ,0.03,0.02,0.02,0.02,0.09
2853,Age of Depths II,Wii,2009.0,Role-Playing,Activision,0.02,0.04,0.02,0.01,0.09
2854,Battle for Destiny,PS4,2016.0,Fighting,Take-Two Interactive,0.04,0.02,0.01,0.02,0.09
2855,Gridiron Rebellion 3,PS3,2014.0,Sports,THQ,0.05,0.03,0.0,0.01,0.09
2856,Call of Storm,PS4,2015.0,Adventure,Square Enix,0.04,0.01,0.02,0.02,0.09
2857,Fairways Dragons 2,XB,2005.0,Adventure,Square Enix,0.05,0.01,0.02,0.01,0.09
2858,Tales of Depths 3,Wii,2010.0,Sports,Epic Games,0.06,0.01,0.0,0.02,0.09
2859,Skies Legends: Origins,GC,2007.0,Adventure,Bethesda Softworks,0.05,0.02,0.01,0.01,0.09
2860,Realm of Destiny: Reborn,PS3,2007.0,Role-Playing,Ubisoft,0.02,0.03,0.03,0.01,0.09
2861,Champions Racing Stars: Reborn,GB,1996.0,Role-Playing,Nintendo,0.03,0.02,0.04,0.0,0.09
2862,Battle for Skies: Remastered,PS,2008.0,Racing,Sony Computer Entertainment,0.07,0.01,0.0,0.01,0.09
2863,Warriors Legends: Reborn,WiiU,2012.0,Adventure,CD Projekt,0.02,0.04,0.02,0.01,0.09
2864,World of Fairways: Next Gen,XOne,2020.0,Platform,Konami Digital Entertainment,0.03,0.05,0.0,0.01,0.09
2865,Empires Empires,PS,2006.0,Sports,Disney Interactive Studios,0.03,0.05,0.0,0.01,0.09
2866,Fury Rebellion 3,XB,2002.0,Simulation,Electronic Arts,0.04,0.03,0.0,0.02,0.09
2867,Rebellion Warriors,DS,2010.0,Strategy,Sony Computer Entertainment,0.03,0.04,0.01,0.01,0.09
2868,Quest for Nations,PSV,2018.0,Misc,Disney Interactive Studios,0.03,0.04,0.01,0.01,0.09
2869,Fall of Dragons Gold Edition,N64,2001.0,Action,Microsoft Game Studios,0.04,0.01,0.01,0.03,0.09
2870,Saga of Fury: Revolution,GBA,2007.0,Fighting,Microsoft Game Studios,0.04,0.02,0.02,0.01,0.09
2871,Storm Empires: Revolution,Switch,2019.0,Shooter,Activision,0.03,0.03,0.01,0.02,0.09
2872,Saga of Titans III,PSP,2009.0,Sports,Nintendo,0.05,0.03,0.0,0.01,0.09
2873,Conquest Fairways III,WiiU,2012.0,Adventure,Ubisoft,0.03,0.03,0.01,0.02,0.09
2874,Duty Skies: Next Gen,PS2,2004.0,Racing,Microsoft Game Studios,0.05,0.02,0.01,0.01,0.09
2875,Fall of Heroes,GC,2006.0,Misc,Atari,0.03,0.04,0.0,0.02,0.09
2876,Fury Nations,PSV,2014.0,Shooter,Activision,0.06,0.02,0.0,0.01,0.09
2877,Rise of Rebellion,DS,2009.0,Simulation,Microsoft Game Studios,0.06,0.02,0.0,0.01,0.09
2878,Battle for Valor: Revolution,Wii,2010.0,Fighting,Warner Bros. Interactive,0.03,0.03,0.02,0.01,0.09
2879,World of Depths: Revolution,3DS,2011.0,Role-Playing,CD Projekt,0.02,0.02,0.03,0.02,0.09
2880,Odyssey Racing Stars Gold Edition,N64,1997.0,Platform,Take-Two Interactive,0.04,0.03,0.02,0.0,0.09
2881,Titans Empires Gold Edition,PS3,2008.0,Simulation,Sony Computer Entertainment,0.03,0.03,0.03,0.0,0.09
2882,World of Nations: Revolution,X360,2009.0,Misc,Warner Bros. Interactive,0.02,0.03,0.02,0.02,0.09
2883,Quest for Glory: Next Gen,XOne,2016.0,Adventure,Namco Bandai Games,0.05,0.03,0.01,0.0,0.09
2884,Saga of Fury 2,N64,2008.0,Role-Playing,Bethesda Softworks,0.02,0.04,0.03,0.0,0.09
2885,World of Destiny Gold Edition,PS4,2015.0,Sports,Konami Digital Entertainment,0.03,0.05,0.0,0.01,0.09
2886,Glory Empires III,PS2,2004.0,Adventure,Square Enix,0.04,0.03,0.02,0.0,0.09
2887,Gridiron Champions: Origins,PSP,2015.0,Sports,Bethesda Softworks,0.06,0.02,0.0,0.01,0.09
2888,Rebellion Duty II,PSV,2020.0,Sports,Atari,0.05,0.02,0.0,0.02,0.09
2889,Empire of Skies: Revolution,PS2,2003.0,Misc,Capcom,0.03,0.03,0.02,0.01,0.09
2890,Realm of Fairways: Next Gen,Switch,2020.0,Role-Playing,Bethesda Softworks,0.03,0.02,0.04,0.0,0.09
2891,Battle for Legends: Origins,XOne,2015.0,Misc,Sony Computer Entertainment,0.05,0.01,0.02,0.01,0.09
2892,Odyssey Storm: Revolution,PS3,2013.0,Racing,Square Enix,0.07,0.02,0.0,0.0,0.09
2893,Shadow of Rebellion 2,PSP,2009.0,Simulation,Warner Bros. Interactive,0.04,0.03,0.01,0.01,0.09
2894,Empires Warriors: Origins,PS,2008.0,Sports,THQ,0.03,0.04,0.0,0.02,0.09
2895,Titans Fairways,Wii,2012.0,Misc,Namco Bandai Games,0.06,0.02,0.01,0.0,0.09
2896,Conquest Fairways,PS4,2018.0,Simulation,Take-Two Interactive,0.04,0.04,0.01,0.0,0.09
2897,Chronicles of Fairways: Revolution,PS3,2012.0,Action,THQ,0.04,0.02,0.02,0.01,0.09
2898,Legend of Glory,GC,2005.0,Role-Playing,Sony Computer Entertainment,0.02,0.02,0.02,0.03,0.09
2899,Storm Titans Gold Edition,GB,1996.0,Action,Bethesda Softworks,0.05,0.02,0.01,0.01,0.09
2900,Conquest Nations,PSV,2018.0,Strategy,2K Games,0.05,0.02,0.01,0.01,0.09
2901,Legend of Fairways: Reborn,PS,2002.0,Role-Playing,Nintendo,0.02,0.02,0.04,0.01,0.09
2902,World of Destiny III,X360,2016.0,Simulation,Take-Two Interactive,0.05,0.02,0.01,0.01,0.09
2903,Fall of Valor,XB,2009.0,Fighting,Sega,0.04,0.02,0.02,0.01,0.09
2904,Shadow of Empires,Switch,2020.0,Puzzle,THQ,0.05,0.03,0.0,0.01,0.09
2905,Glory Duty II,N64,2005.0,Action,Namco Bandai Games,0.05,0.01,0.02,0.01,0.09
2906,World of Gridiron 2,Wii,2011.0,Puzzle,Nintendo,0.05,0.02,0.01,0.01,0.09
2907,World of Conquest: Next Gen,PS3,2008.0,Platform,CD Projekt,0.03,0.03,0.02,0.01,0.09
2908,Warriors Shadows II,GBA,2001.0,Sports,Microsoft Game Studios,0.04,0.03,0.01,0.01,0.09
2909,Age of Empires 3,X360,2012.0,Misc,Sony Computer Entertainment,0.03,0.04,0.01,0.01,0.09
2910,Nations Glory Gold Edition,PS3,2009.0,Role-Playing,Square Enix,0.02,0.03,0.03,0.01,0.09
2911,World of Glory,X360,2010.0,Adventure,,0.05,0.02,0.01,0.01,0.09
2912,Glory Destiny: Origins,Wii,2008.0,Puzzle,Activision,0.02,0.05,0.02,0.0,0.09
2913,Saga of Dragons 2,Switch,2018.0,Role-Playing,Microsoft Game Studios,0.03,0.02,0.02,0.02,0.09
2914,World of Warriors Gold Edition,DS,2006.0,Sports,Namco Bandai Games,0.05,0.02,0.0,0.02,0.09
2915,Empires Arena 3,Wii,2006.0,Adventure,Sega,0.05,0.01,0.01,0.02,0.09
2916,Realm of Arena: Remastered,XB,2007.0,Platform,Ubisoft,0.04,0.02,0.01,0.02,0.09
2917,Rise of Duty: Remastered,PC,2001.0,Adventure,THQ,0.04,0.03,0.01,0.01,0.09
2918,Duty Racing Stars,PSV,2017.0,Role-Playing,Epic Games,0.02,0.01,0.05,0.01,0.09
2919,Duty Depths: Reborn,X360,2008.0,Adventure,Square Enix,0.04,0.02,0.01,0.02,0.09
2920,Depths Destiny: Next Gen,DS,2013.0,Sports,Warner Bros. Interactive,0.03,0.04,0.0,0.02,0.09
2921,Legend of Depths,PS,2008.0,Puzzle,Konami Digital Entertainment,0.03,0.01,0.03,0.02,0.09
2922,Chronicles of Fairways II,PS2,2007.0,Platform,Disney Interactive Studios,0.04,0.04,0.0,0.01,0.09
2923,Destiny Duty,GB,1997.0,Role-Playing,CD Projekt,0.01,0.01,0.06,0.01,0.09
2924,Heroes Gridiron: Origins,GBA,2003.0,Simulation,Sony Computer Entertainment,0.03,0.02,0.02,0.02,0.09
2925,Age of Glory: Remastered,GBA,2008.0,Strategy,Atari,0.04,0.03,0.02,0.0,0.09
2926,Rise of Rebellion: Next Gen,Wii,2008.0,Action,Nintendo,0.04,0.02,0.02,0.01,0.09
2927,Rebellion Skies Gold Edition,PS,2004.0,Adventure,Namco Bandai Games,0.04,0.02,0.02,0.01,0.09
2928,Tales of Conquest III,Wii,2006.0,Platform,Activision,0.04,0.03,0.01,0.01,0.09
2929,World of Skies III,PSV,2020.0,Puzzle,Nintendo,0.03,0.03,0.02,0.01,0.09
2930,Saga of Rebellion III,PSP,2006.0,Role-Playing,Warner Bros. Interactive,0.01,0.02,0.05,0.01,0.09
2931,Empire of Fairways Gold Edition,PSP,2007.0,Racing,Ubisoft,0.05,0.02,0.01,0.01,0.09
2932,Depths Fairways II,3DS,2014.0,Action,CD Projekt,0.02,0.02,0.03,0.02,0.09
2933,Chronicles of Heroes,WiiU,2018.0,Racing,Activision,0.03,0.05,0.0,0.01,0.09
2934,Rise of Skies: Remastered,GBA,2007.0,Puzzle,,0.05,0.01,0.02,0.01,0.09
2935,World of Glory II,GBA,2009.0,Shooter,Disney Interactive Studios,0.03,0.04,0.0,0.02,0.09
2936,Gridiron Frontier 2,X360,2010.0,Role-Playing,,0.02,0.05,0.02,0.0,0.09
2937,Saga of Rebellion: Origins,X360,2008.0,Sports,Konami Digital Entertainment,0.02,0.04,0.0,0.03,0.09
2938,Odyssey Valor Gold Edition,PS4,2020.0,Sports,Ubisoft,0.06,0.02,0.0,0.01,0.09
2939,Quest for Titans: Remastered,XB,2005.0,Simulation,Bethesda Softworks,0.04,0.03,0.01,0.01,0.09
2940,Quest for Champions Gold Edition,GB,1999.0,Sports,Ubisoft,0.04,0.03,0.0,0.02,0.09
2941,World of Fury: Next Gen,PSP,2009.0,Misc,Ubisoft,0.05,0.02,0.02,0.0,0.09
2942,Empire of Glory: Remastered,3DS,2017.0,Action,Bethesda Softworks,0.05,0.02,0.01,0.01,0.09
2943,Gridiron Duty III,XB,2002.0,Racing,Disney Interactive Studios,0.04,0.03,0.0,0.02,0.09
2944,Glory Fairways: Remastered,N64,1998.0,Role-Playing,CD Projekt,0.02,0.01,0.05,0.01,0.09
2945,Empire of Duty Gold Edition,PC,2000.0,Sports,Warner Bros. Interactive,0.05,0.02,0.0,0.02,0.09
2946,Depths Warriors: Reborn,PSP,2011.0,Fighting,THQ,0.06,0.01,0.01,0.01,0.09
2947,Tales of Titans: Reborn,PS,1997.0,Adventure,Sega,0.04,0.04,0.0,0.01,0.09
2948,Kingdom of Storm 3,SNES,2000.0,Strategy,Atari,0.03,0.04,0.01,0.01,0.09
2949,Chronicles of Champions II,WiiU,2013.0,Role-Playing,Sony Computer Entertainment,0.02,0.03,0.03,0.01,0.09
2950,Saga of Destiny,PC,2002.0,Shooter,Warner Bros. Interactive,0.04,0.03,0.0,0.02,0.09
2951,Legends Rebellion Gold Edition,PS,2007.0,Adventure,Nintendo,0.03,0.03,0.01,0.02,0.09
2952,Shadow of Rebellion III,X360,2009.0,Puzzle,2K Games,0.04,0.03,0.01,0.01,0.09
2953,Fury Titans II,PS,2005.0,Adventure,Sega,0.02,0.04,0.02,0.01,0.09
2954,Quest for Duty Gold Edition,GB,1996.0,Puzzle,Nintendo,0.04,0.02,0.01,0.02,0.09
2955,Empires Fairways,GB,2000.0,Action,Activision,0.02,0.05,0.01,0.01,0.09
2956,Arena Warriors 2,GC,2013.0,Strategy,2K Games,0.04,0.03,0.01,0.01,0.09
2957,Battle for Shadows: Revolution,Wii,2013.0,Strategy,Nintendo,0.04,0.02,0.02,0.01,0.09
2958,Fury Nations: Revolution,GB,2002.0,Simulation,Electronic Arts,0.03,0.02,0.03,0.01,0.09
2959,Skies Valor,3DS,2017.0,Platform,Capcom,0.03,0.02,0.01,0.03,0.09
2960,Fall of Storm 2,GBA,2008.0,Platform,Take-Two Interactive,0.04,0.02,0.01,0.02,0.09
2961,World of Empires: Remastered,Switch,2019.0,Sports,Electronic Arts,0.04,0.02,0.01,0.02,0.09
2962,Nations Nations,DS,2006.0,Fighting,Activision,0.04,0.02,0.02,0.01,0.09
2963,Call of Rebellion,GC,2007.0,Adventure,Capcom,0.03,0.02,0.03,0.01,0.09
2964,Dragons Empires,Wii,2008.0,Role-Playing,Square Enix,0.02,0.01,0.05,0.01,0.09
2965,Fall of Fury: Revolution,PS2,2004.0,Role-Playing,Nintendo,0.03,0.01,0.04,0.01,0.09
2966,Nations Titans: Origins,WiiU,2014.0,Fighting,Activision,0.05,0.02,0.02,0.0,0.09
2967,Fall of Shadows: Origins,SNES,2000.0,Action,Konami Digital Entertainment,0.03,0.03,0.02,0.01,0.09
2968,World of Destiny: Next Gen,SNES,2005.0,Fighting,,0.04,0.04,0.01,0.0,0.09
2969,Frontier Duty 3,PC,2003.0,Platform,Warner Bros. Interactive,0.02,0.04,0.01,0.02,0.09
2970,Rise of Rebellion Gold Edition,PC,2003.0,Sports,Atari,0.06,0.02,0.0,0.01,0.09
2971,Empire of Conquest 3,GB,1999.0,Simulation,Electronic Arts,0.05,0.03,0.01,0.0,0.09
2972,Duty Champions,GB,2005.0,Sports,Namco Bandai Games,0.04,0.02,0.01,0.02,0.09
2973,Saga of Destiny,PC,1996.0,Action,Activision,0.05,0.01,0.01,0.02,0.09
2974,World of Honor 3,PS,2005.0,Fighting,Konami Digital Entertainment,0.03,0.03,0.01,0.02,0.09
2975,Duty Odyssey: Reborn,GBA,2007.0,Racing,Ubisoft,0.04,0.03,0.01,0.01,0.09
2976,Empire of Odyssey: Next Gen,DS,2005.0,Action,Bethesda Softworks,0.05,0.02,0.01,0.01,0.09
2977,Saga of Titans: Revolution,DS,2008.0,Misc,Warner Bros. Interactive,0.05,0.02,0.01,0.01,0.09
2978,Fairways Dragons II,X360,2009.0,Sports,Namco Bandai Games,0.05,0.02,0.0,0.02,0.09
2979,World of Gridiron: Revolution,PS3,2012.0,Sports,Ubisoft,0.05,0.02,0.0,0.02,0.09
2980,Fury Heroes: Reborn,3DS,2013.0,Racing,Epic Games,0.04,0.03,0.0,0.02,0.09
2981,Saga of Empires Gold Edition,Switch,,Puzzle,Nintendo,0.02,0.02,0.03,0.02,0.09
2982,World of Skies: Reborn,PSV,2011.0,Platform,Microsoft Game Studios,0.03,0.04,0.01,0.01,0.09
2983,Call of Champions: Remastered,Switch,2018.0,Misc,Ubisoft,0.03,0.03,0.01,0.02,0.09
2984,Heroes Fury,PS2,2007.0,Racing,Activision,0.03,0.02,0.02,0.02,0.09
2985,Call of Heroes: Remastered,PS3,2017.0,Sports,Electronic Arts,0.04,0.03,0.01,0.01,0.09
2986,Kingdom of Empires III,GC,2009.0,Sports,Sega,0.05,0.03,0.0,0.01,0.09
2987,Legend of Shadows: Reborn,PS2,2007.0,Misc,Ubisoft,0.03,0.04,0.01,0.01,0.09
2988,Battle for Honor,3DS,2018.0,Action,Nintendo,0.05,0.02,0.01,0.01,0.09
2989,Realm of Fairways: Reborn,PS,2008.0,Action,Nintendo,0.03,0.04,0.01,0.01,0.09
2990,Age of Dragons: Revolution,X360,2005.0,Simulation,Microsoft Game Studios,0.05,0.02,0.01,0.01,0.09
2991,Chronicles of Dragons 3,3DS,2013.0,Platform,Sony Computer Entertainment,0.04,0.02,0.01,0.02,0.09
2992,World of Honor: Revolution,DS,2010.0,Sports,Sega,0.03,0.04,0.01,0.01,0.09
2993,World of Fury: Reborn,GC,2009.0,Puzzle,Sega,0.03,0.03,0.01,0.02,0.09
2994,Conquest Skies II,PS3,2009.0,Role-Playing,Capcom,0.01,0.03,0.04,0.01,0.09
2995,Empire of Storm Gold Edition,3DS,2020.0,Sports,Sega,0.05,0.03,0.0,0.01,0.09
2996,Chronicles of Racing Stars: Revolution,GB,1997.0,Action,CD Projekt,0.04,0.01,0.03,0.01,0.09
2997,Destiny Frontier,WiiU,2014.0,Sports,Sony Computer Entertainment,0.04,0.03,0.0,0.02,0.09
2998,Storm Fairways,PC,2001.0,Sports,2K Games,0.04,0.03,0.01,0.01,0.09
2999,Arena Fury 2,GC,2003.0,Role-Playing,Warner Bros. Interactive,0.03,0.02,0.04,0.0,0.09
3000,World of Nations: Reborn,X360,2007.0,Adventure,Microsoft Game Studios,0.02,0.04,0.02,0.01,0.09
3001,Empires Honor: Remastered,PS3,2014.0,Strategy,Sony Computer Entertainment,0.04,0.04,0.01,0.0,0.09
3002,Conquest Champions 2,PSV,2012.0,Role-Playing,CD Projekt,0.02,0.02,0.04,0.01,0.09
3003,Conquest Valor 2,N64,1999.0,Puzzle,Ubisoft,0.01,0.04,0.03,0.01,0.09
3004,Champions Frontier: Remastered,PS3,2008.0,Shooter,THQ,0.03,0.04,0.01,0.01,0.09
3005,Storm Empires: Reborn,GB,2002.0,Role-Playing,Ubisoft,0.02,0.01,0.05,0.01,0.09
3006,Chronicles of Storm: Next Gen,WiiU,2014.0,Fighting,Activision,0.04,0.03,0.01,0.01,0.09
3007,Tales of Dragons Gold Edition,PS,2001.0,Misc,Sony Computer Entertainment,0.03,0.04,0.01,0.01,0.09
3008,Honor Legends III,PSV,2013.0,Role-Playing,Square Enix,0.02,0.02,0.03,0.02,0.09
3009,Battle for Fairways: Remastered,PC,1995.0,Fighting,Microsoft Game Studios,0.04,0.03,0.01,0.01,0.09
3010,Legends Fury,GBA,2005.0,Shooter,Electronic Arts,0.05,0.03,0.0,0.01,0.09
3011,World of Gridiron 3,GB,2005.0,Shooter,Electronic Arts,0.06,0.02,0.0,0.01,0.09
3012,Chronicles of Odyssey Gold Edition,3DS,2014.0,Fighting,Sony Computer Entertainment,0.03,0.02,0.01,0.03,0.09
3013,Conquest Glory: Revolution,PS2,2007.0,Shooter,Activision,0.06,0.03,0.0,0.0,0.09
3014,Legend of Dragons,3DS,2019.0,Sports,Electronic Arts,0.06,0.02,0.01,0.0,0.09
3015,Odyssey Arena 2,X360,2013.0,Role-Playing,Activision,0.02,0.02,0.04,0.01,0.09
3016,Warriors Odyssey 2,N64,2002.0,Strategy,Sony Computer Entertainment,0.04,0.02,0.02,0.01,0.09
3017,Arena Glory 2,X360,2009.0,Action,Bethesda Softworks,0.02,0.04,0.0,0.03,0.09
3018,Gridiron Frontier,GC,2005.0,Role-Playing,Bethesda Softworks,0.03,0.02,0.03,0.01,0.09
3019,Shadow of Conquest,PS4,2014.0,Adventure,2K Games,0.02,0.05,0.01,0.01,0.09
3020,Saga of Arena: Reborn,SNES,2001.0,Racing,Namco Bandai Games,0.05,0.02,0.01,0.01,0.09
3021,Legends Skies: Revolution,SNES,1996.0,Fighting,Sony Computer Entertainment,0.01,0.05,0.02,0.01,0.09
3022,Arena Honor Gold Edition,WiiU,2018.0,Racing,2K Games,0.05,0.04,0.0,0.0,0.09
3023,Kingdom of Arena 3,SNES,1999.0,Role-Playing,Square Enix,0.04,0.01,0.03,0.01,0.09
3024,Chronicles of Heroes II,PC,1997.0,Fighting,Konami Digital Entertainment,0.05,0.03,0.0,0.01,0.09
3025,Chronicles of Honor: Origins,PS,2005.0,Sports,Take-Two Interactive,0.04,0.03,0.0,0.02,0.09
3026,Shadow of Nations: Reborn,Wii,2006.0,Action,Sony Computer Entertainment,0.04,0.03,0.01,0.01,0.09
3027,Warriors Warriors,PSP,2008.0,Sports,Konami Digital Entertainment,0.05,0.02,0.01,0.01,0.09
3028,Age of Gridiron Gold Edition,Wii,2016.0,Misc,Square Enix,0.05,0.02,0.01,0.01,0.09
3029,Call of Skies: Remastered,PS3,2013.0,Strategy,Sega,0.02,0.03,0.01,0.03,0.09
3030,Empire of Champions II,PS2,2006.0,Puzzle,Nintendo,0.04,0.03,0.01,0.01,0.09
3031,Battle for Depths,3DS,2013.0,Role-Playing,Disney Interactive Studios,0.02,0.02,0.03,0.02,0.09
3032,Tales of Shadows III,3DS,2018.0,Role-Playing,CD Projekt,0.03,0.01,0.04,0.01,0.09
3033,World of Heroes: Origins,PS2,2007.0,Racing,Epic Games,0.04,0.03,0.0,0.02,0.09
3034,Chronicles of Legends: Next Gen,PS3,2014.0,Adventure,Konami Digital Entertainment,0.05,0.03,0.0,0.01,0.09
3035,Racing Stars Arena: Next Gen,PSP,2005.0,Simulation,Electronic Arts,0.02,0.04,0.01,0.02,0.09
3036,Empire of Titans: Remastered,PSV,2013.0,Platform,CD Projekt,0.04,0.01,0.01,0.03,0.09
3037,Legend of Fairways: Remastered,X360,2013.0,Fighting,Konami Digital Entertainment,0.05,0.02,0.01,0.01,0.09
3038,Storm Depths: Origins,XB,2004.0,Sports,Take-Two Interactive,0.05,0.03,0.0,0.01,0.09
3039,Valor Odyssey: Next Gen,GB,2006.0,Simulation,Sony Computer Entertainment,0.02,0.05,0.01,0.01,0.09
3040,Glory Dragons: Remastered,GBA,2003.0,Action,Sony Computer Entertainment,0.05,0.02,0.01,0.01,0.09
3041,Warriors Conquest: Next Gen,PSV,2013.0,Shooter,THQ,0.04,0.03,0.0,0.02,0.09
3042,Odyssey Conquest 2,3DS,2011.0,Fighting,Take-Two Interactive,0.05,0.02,0.01,0.01,0.09
3043,Quest for Champions: Origins,3DS,2012.0,Role-Playing,CD Projekt,0.03,0.01,0.04,0.01,0.09
3044,Destiny Fury: Origins,PC,1999.0,Puzzle,Microsoft Game Studios,0.03,0.04,0.01,0.01,0.09
3045,Glory Titans 2,XB,2008.0,Simulation,Konami Digital Entertainment,0.07,0.01,0.0,0.01,0.09
3046,Fairways Odyssey III,PS4,2019.0,Puzzle,Microsoft Game Studios,0.03,0.03,0.01,0.02,0.09
3047,Empires Rebellion: Next Gen,Switch,2020.0,Fighting,Nintendo,0.03,0.03,0.02,0.01,0.09
3048,Storm Fury,N64,2001.0,Action,Epic Games,0.06,0.01,0.01,0.01,0.09
3049,Saga of Dragons 3,XB,2005.0,Simulation,Ubisoft,0.02,0.03,0.02,0.02,0.09
3050,Call of Dragons: Revolution,PS2,2002.0,Shooter,Sega,0.05,0.03,0.0,0.01,0.09
3051,Frontier Arena,XOne,2017.0,Platform,Epic Games,0.04,0.02,0.02,0.01,0.09
3052,Fall of Skies 2,WiiU,2013.0,Strategy,,0.03,0.03,0.02,0.01,0.09
3053,Arena Destiny II,PSP,2004.0,Strategy,THQ,0.04,0.02,0.01,0.02,0.09
3054,Quest for Storm Gold Edition,GBA,2009.0,Adventure,CD Projekt,0.03,0.03,0.02,0.01,0.09
3055,Tales of Duty: Reborn,N64,2008.0,Action,Ubisoft,0.03,0.03,0.02,0.01,0.09
3056,World of Nations,GBA,2004.0,Misc,Microsoft Game Studios,0.04,0.03,0.01,0.01,0.09
3057,Frontier Titans: Next Gen,PS3,2009.0,Misc,Sega,0.03,0.03,0.02,0.01,0.09
3058,World of Honor: Remastered,3DS,2020.0,Sports,Nintendo,0.04,0.04,0.0,0.01,0.09
3059,Dragons Nations: Next Gen,DS,2010.0,Sports,Take-Two Interactive,0.04,0.02,0.01,0.02,0.09
3060,Honor Fairways: Remastered,XOne,2019.0,Platform,Microsoft Game Studios,0.04,0.02,0.02,0.01,0.09
3061,Rise of Fury Gold Edition,WiiU,2016.0,Action,Bethesda Softworks,0.03,0.04,0.01,0.01,0.09
3062,Chronicles of Depths 3,GC,2009.0,Adventure,Sony Computer Entertainment,0.03,0.03,0.02,0.01,0.09
3063,Conquest Empires Gold Edition,GC,2004.0,Racing,Electronic Arts,0.06,0.02,0.0,0.01,0.09
3064,Storm Fury,Switch,2019.0,Platform,Atari,0.04,0.02,0.02,0.01,0.09
3065,Frontier Champions,N64,1997.0,Role-Playing,CD Projekt,0.05,0.01,0.03,0.0,0.09
3066,Storm Racing Stars II,N64,1999.0,Role-Playing,Microsoft Game Studios,0.03,0.02,0.02,0.02,0.09
3067,Duty Storm: Next Gen,XB,2008.0,Misc,Activision,0.03,0.04,0.01,0.01,0.09
3068,Realm of Empires II,PS,2004.0,Misc,2K Games,0.03,0.04,0.02,0.0,0.09
3069,Chronicles of Arena III,N64,2007.0,Role-Playing,Nintendo,0.04,0.02,0.03,0.0,0.09
3070,Call of Storm 2,N64,1998.0,Role-Playing,CD Projekt,0.03,0.02,0.03,0.01,0.09
3071,Duty Skies: Next Gen,X360,2010.0,Racing,Sony Computer Entertainment,0.04,0.03,0.0,0.02,0.09
3072,Quest for Warriors: Reborn,PSV,2017.0,Shooter,Warner Bros. Interactive,0.05,0.03,0.0,0.01,0.09
3073,Legends Shadows II,WiiU,2019.0,Fighting,Nintendo,0.02,0.03,0.02,0.02,0.09
3074,World of Skies: Revolution,PSP,2016.0,Puzzle,Nintendo,0.04,0.02,0.01,0.02,0.09
3075,Fairways Glory III,PS,2000.0,Sports,Capcom,0.05,0.03,0.0,0.01,0.09
3076,Realm of Heroes 2,X360,2011.0,Sports,Warner Bros. Interactive,0.04,0.03,0.0,0.02,0.09
3077,Empire of Conquest,SNES,2005.0,Role-Playing,CD Projekt,0.03,0.03,0.03,0.0,0.09
3078,Skies Glory,SNES,1997.0,Sports,Nintendo,0.06,0.02,0.0,0.01,0.09
3079,Rise of Destiny 2,PS2,2006.0,Fighting,Namco Bandai Games,0.04,0.03,0.01,0.01,0.09
3080,Racing Stars Fury: Remastered,PS2,2006.0,Misc,Microsoft Game Studios,0.04,0.02,0.02,0.01,0.09
3081,Kingdom of Fury: Next Gen,SNES,2000.0,Strategy,Microsoft Game Studios,0.05,0.02,0.02,0.0,0.09
3082,Age of Racing Stars II,PSV,2014.0,Platform,Epic Games,0.04,0.02,0.01,0.01,0.08
3083,Nations Honor 2,SNES,2001.0,Platform,THQ,0.04,0.02,0.01,0.01,0.08
3084,Empires Skies 3,SNES,2004.0,Misc,2K Games,0.05,0.01,0.0,0.02,0.08
3085,Legends Depths,GB,1998.0,Strategy,Capcom,0.05,0.02,0.0,0.01,0.08
3086,Call of Dragons,DS,2010.0,Misc,Microsoft Game Studios,0.04,0.02,0.01,0.01,0.08
3087,Kingdom of Shadows,GBA,2003.0,Action,Bethesda Softworks,0.03,0.04,0.01,0.0,0.08
3088,Legend of Storm: Revolution,XOne,2020.0,Misc,THQ,0.04,0.02,0.02,0.0,0.08
3089,Dragons Honor,PSV,2017.0,Strategy,Atari,0.02,0.02,0.01,0.03,0.08
3090,Destiny Frontier,PC,1998.0,Shooter,Nintendo,0.05,0.02,0.0,0.01,0.08
3091,Depths Destiny III,PS3,2007.0,Shooter,Take-Two Interactive,0.04,0.02,0.01,0.01,0.08
3092,Valor Frontier 3,GC,2010.0,Adventure,Bethesda Softworks,0.02,0.04,0.01,0.01,0.08
3093,Rebellion Fury: Revolution,PS2,2004.0,Role-Playing,Namco Bandai Games,0.03,0.01,0.04,0.0,0.08
3094,World of Depths: Remastered,GC,2013.0,Sports,Ubisoft,0.03,0.04,0.0,0.01,0.08
3095,Tales of Warriors: Origins,GBA,2008.0,Adventure,Electronic Arts,0.03,0.02,0.01,0.02,0.08
3096,World of Glory 2,SNES,2002.0,Racing,Atari,0.03,0.03,0.01,0.01,0.08
3097,Duty Titans,XB,2001.0,Role-Playing,Nintendo,0.03,0.01,0.02,0.02,0.08
3098,Odyssey Skies II,X360,2007.0,Fighting,Namco Bandai Games,0.03,0.03,0.01,0.01,0.08
3099,Call of Empires: Origins,PSP,2008.0,Action,Konami Digital Entertainment,0.03,0.03,0.01,0.01,0.08
3100,Chronicles of Frontier 3,PS,2005.0,Racing,Ubisoft,0.03,0.02,0.01,0.02,0.08
3101,Tales of Valor III,XB,2007.0,Sports,Disney Interactive Studios,0.04,0.02,0.0,0.02,0.08
3102,Chronicles of Fury 2,PC,1995.0,Misc,Warner Bros. Interactive,0.03,0.03,0.01,0.01,0.08
3103,Saga of Odyssey: Remastered,Switch,2019.0,Adventure,CD Projekt,0.04,0.02,0.01,0.01,0.08
3104,Rise of Glory II,WiiU,2020.0,Puzzle,Epic Games,0.03,0.03,0.01,0.01,0.08
3105,Age of Gridiron: Reborn,PS4,2020.0,Strategy,Nintendo,0.03,0.05,0.0,0.0,0.08
3106,Legends Empires II,3DS,2014.0,Fighting,Epic Games,0.06,0.01,0.01,0.0,0.08
3107,Duty Gridiron: Revolution,X360,2013.0,Role-Playing,Disney Interactive Studios,0.02,0.03,0.03,0.0,0.08
3108,Destiny Racing Stars III,X360,2008.0,Adventure,Disney Interactive Studios,0.05,0.01,0.01,0.01,0.08
3109,Storm Conquest,GBA,2001.0,Adventure,2K Games,0.06,0.01,0.01,0.0,0.08
3110,Quest for Rebellion,DS,2006.0,Platform,2K Games,0.02,0.03,0.02,0.01,0.08
3111,Nations Odyssey II,PSP,2010.0,Adventure,CD Projekt,0.02,0.03,0.01,0.02,0.08
3112,Nations Racing Stars Gold Edition,XB,2001.0,Platform,Bethesda Softworks,0.05,0.01,0.01,0.01,0.08
3113,Heroes Dragons: Remastered,X360,2007.0,Role-Playing,Microsoft Game Studios,0.03,0.01,0.03,0.01,0.08
3114,Call of Depths: Origins,WiiU,2016.0,Misc,Bethesda Softworks,0.03,0.03,0.01,0.01,0.08
3115,Valor Champions: Next Gen,XB,2010.0,Fighting,Ubisoft,0.02,0.02,0.03,0.01,0.08
3116,Fall of Legends,GC,2004.0,Role-Playing,Nintendo,0.03,0.01,0.03,0.01,0.08
3117,Battle for Arena: Revolution,XOne,2015.0,Misc,Disney Interactive Studios,0.02,0.04,0.01,0.01,0.08
3118,Tales of Depths Gold Edition,N64,2006.0,Platform,Sony Computer Entertainment,0.01,0.03,0.02,0.02,0.08
3119,Call of Fury III,PC,2000.0,Misc,Warner Bros. Interactive,0.03,0.02,0.03,0.0,0.08
3120,Chronicles of Odyssey 3,DS,2005.0,Adventure,Bethesda Softworks,0.03,0.02,0.01,0.02,0.08
3121,Age of Frontier: Origins,GC,2011.0,Fighting,Warner Bros. Interactive,0.04,0.02,0.01,0.01,0.08
3122,Quest for Valor Gold Edition,PC,1998.0,Puzzle,Electronic Arts,0.03,0.03,0.0,0.02,0.08
3123,Shadows Racing Stars: Next Gen,PC,1996.0,Adventure,Bethesda Softworks,0.03,0.04,0.0,0.01,0.08
3124,Fall of Destiny: Next Gen,GBA,2001.0,Platform,Microsoft Game Studios,0.04,0.02,0.02,0.0,0.08
3125,Empire of Empires,SNES,1995.0,Shooter,THQ,0.05,0.02,0.0,0.01,0.08
3126,Age of Destiny 3,PSP,2012.0,Action,Ubisoft,0.02,0.02,0.03,0.01,0.08
3127,Racing Stars Dragons,PS,2008.0,Adventure,Bethesda Softworks,0.04,0.02,0.01,0.01,0.08
3128,Battle for Rebellion: Remastered,SNES,1997.0,Puzzle,2K Games,0.03,0.02,0.02,0.01,0.08
3129,Gridiron Legends Gold Edition,PS2,2000.0,Adventure,Disney Interactive Studios,0.03,0.02,0.03,0.0,0.08
3130,Odyssey Arena: Revolution,PS,2007.0,Simulation,Capcom,0.03,0.03,0.01,0.01,0.08
3131,Tales of Legends III,N64,2002.0,Sports,Electronic Arts,0.04,0.03,0.0,0.01,0.08
3132,Fall of Fairways: Origins,N64,2008.0,Simulation,Capcom,0.05,0.01,0.01,0.01,0.08
3133,Dragons Valor: Next Gen,X360,2010.0,Role-Playing,Square Enix,0.01,0.02,0.04,0.01,0.08
3134,Heroes Storm,PS,2009.0,Puzzle,Nintendo,0.04,0.02,0.01,0.01,0.08
3135,Nations Fury: Remastered,PSP,2015.0,Action,Microsoft Game Studios,0.03,0.03,0.02,0.0,0.08
3136,Quest for Frontier: Next Gen,Wii,2010.0,Strategy,Konami Digital Entertainment,0.04,0.02,0.01,0.01,0.08
3137,Tales of Racing Stars,X360,2017.0,Sports,Namco Bandai Games,0.05,0.01,0.0,0.02,0.08
3138,Fury Honor,GC,2006.0,Racing,Take-Two Interactive,0.05,0.02,0.0,0.01,0.08
3139,Empire of Champions III,Switch,2017.0,Action,Bethesda Softworks,0.05,0.02,0.01,0.0,0.08
3140,Call of Empires,XB,2006.0,Sports,Ubisoft,0.04,0.03,0.0,0.01,0.08
3141,World of Skies,PS3,2013.0,Sports,Atari,0.04,0.03,0.0,0.01,0.08
3142,Fall of Legends,PC,1996.0,Shooter,Activision,0.04,0.03,0.0,0.01,0.08
3143,Warriors Rebellion,GC,2009.0,Shooter,Microsoft Game Studios,0.04,0.03,0.0,0.01,0.08
3144,Kingdom of Depths Gold Edition,WiiU,2012.0,Action,Microsoft Game Studios,0.03,0.03,0.01,0.01,0.08
3145,Age of Storm,PS2,2004.0,Role-Playing,Epic Games,0.03,0.03,0.02,0.0,0.08
3146,Destiny Fury Gold Edition,3DS,2016.0,Sports,Ubisoft,0.06,0.01,0.0,0.01,0.08
3147,Chronicles of Titans: Origins,Switch,2017.0,Role-Playing,CD Projekt,0.03,0.04,0.01,0.0,0.08
3148,World of Glory: Remastered,DS,2009.0,Simulation,Warner Bros. Interactive,0.03,0.03,0.01,0.01,0.08
3149,Tales of Dragons,X360,2015.0,Strategy,,0.03,0.03,0.02,0.0,0.08
3150,Destiny Depths Gold Edition,GB,1999.0,Adventure,Sega,0.04,0.02,0.01,0.01,0.08
3151,Rise of Legends: Next Gen,SNES,2006.0,Platform,Take-Two Interactive,0.03,0.03,0.01,0.01,0.08
3152,Frontier Odyssey 3,Switch,2019.0,Action,Activision,0.03,0.02,0.01,0.02,0.08
3153,Call of Titans,PS,2003.0,Sports,Warner Bros. Interactive,0.04,0.03,0.0,0.01,0.08
3154,Saga of Nations 3,PSV,2017.0,Adventure,Epic Games,0.03,0.02,0.01,0.02,0.08
3155,Rebellion Skies: Origins,XB,2005.0,Platform,,0.03,0.04,0.0,0.01,0.08
3156,Age of Champions,PC,1997.0,Misc,Electronic Arts,0.04,0.02,0.01,0.01,0.08
3157,Titans Warriors: Next Gen,GBA,2008.0,Platform,Nintendo,0.03,0.02,0.01,0.02,0.08
3158,Chronicles of Arena: Revolution,N64,2004.0,Platform,Microsoft Game Studios,0.02,0.03,0.01,0.02,0.08
3159,Age of Destiny 3,PSV,,Shooter,Atari,0.04,0.02,0.01,0.01,0.08
3160,Quest for Depths,DS,2010.0,Strategy,Disney Interactive Studios,0.03,0.01,0.03,0.01,0.08
3161,Rise of Frontier: Remastered,SNES,1998.0,Strategy,Epic Games,0.05,0.03,0.0,0.0,0.08
3162,Quest for Skies 2,PS2,2007.0,Adventure,Square Enix,0.04,0.02,0.01,0.01,0.08
3163,Arena Rebellion: Reborn,X360,2006.0,Simulation,Electronic Arts,0.03,0.03,0.01,0.01,0.08
3164,Realm of Honor: Revolution,XOne,2015.0,Strategy,Warner Bros. Interactive,0.03,0.02,0.02,0.01,0.08
3165,Age of Frontier Gold Edition,X360,2012.0,Adventure,CD Projekt,0.04,0.02,0.01,0.01,0.08
3166,Empire of Heroes: Remastered,PSP,2012.0,Role-Playing,CD Projekt,0.02,0.01,0.05,0.0,0.08
3167,Destiny Champions,PS4,2016.0,Strategy,Epic Games,0.04,0.02,0.01,0.01,0.08
3168,Nations Destiny: Revolution,PS3,2008.0,Platform,Disney Interactive Studios,0.03,0.01,0.03,0.01,0.08
3169,Age of Champions: Remastered,PSP,2004.0,Racing,Epic Games,0.05,0.02,0.0,0.01,0.08
3170,Titans Warriors: Remastered,PSV,2017.0,Fighting,Warner Bros. Interactive,0.04,0.02,0.01,0.01,0.08
3171,Saga of Arena: Next Gen,PSV,2016.0,Adventure,Ubisoft,0.04,0.02,0.01,0.01,0.08
3172,Duty Duty 3,PS3,2016.0,Simulation,Sony Computer Entertainment,0.04,0.03,0.0,0.01,0.08
3173,Storm Champions,PC,2001.0,Action,Konami Digital Entertainment,0.03,0.02,0.02,0.01,0.08
3174,Saga of Rebellion,Switch,2019.0,Adventure,CD Projekt,0.03,0.02,0.01,0.02,0.08
3175,Glory Depths: Reborn,XOne,2019.0,Platform,Epic Games,0.03,0.01,0.03,0.01,0.08
3176,Odyssey Titans: Next Gen,PS,2007.0,Adventure,Bethesda Softworks,0.03,0.03,0.01,0.01,0.08
3177,Destiny Arena III,N64,2007.0,Sports,Disney Interactive Studios,0.04,0.02,0.0,0.02,0.08
3178,Skies Duty,PS,1997.0,Racing,Namco Bandai Games,0.04,0.03,0.0,0.01,0.08
3179,Shadow of Fairways III,N64,2007.0,Shooter,Electronic Arts,0.04,0.03,0.01,0.0,0.08
3180,Age of Skies,N64,2008.0,Simulation,Electronic Arts,0.03,0.02,0.01,0.02,0.08
3181,Empire of Glory: Next Gen,SNES,2004.0,Fighting,Activision,0.02,0.04,0.01,0.01,0.08
3182,Fall of Storm,GB,1996.0,Role-Playing,CD Projekt,0.03,0.01,0.02,0.02,0.08
3183,Depths Nations: Next Gen,PSP,2006.0,Role-Playing,Namco Bandai Games,0.02,0.01,0.04,0.01,0.08
3184,Racing Stars Storm: Next Gen,PC,2000.0,Simulation,Sony Computer Entertainment,0.05,0.02,0.0,0.01,0.08
3185,Shadow of Duty,WiiU,2013.0,Fighting,Take-Two Interactive,0.02,0.04,0.0,0.02,0.08
3186,Rise of Racing Stars: Reborn,SNES,2003.0,Racing,Nintendo,0.04,0.02,0.01,0.01,0.08
3187,Depths Skies,PS4,2018.0,Sports,Take-Two Interactive,0.04,0.03,0.0,0.01,0.08
3188,Call of Nations: Revolution,3DS,2015.0,Adventure,Bethesda Softworks,0.03,0.03,0.01,0.01,0.08
3189,Battle for Fury Gold Edition,PS4,2015.0,Shooter,Sega,0.03,0.03,0.0,0.02,0.08
3190,Kingdom of Valor: Next Gen,PSP,2014.0,Shooter,Take-Two Interactive,0.04,0.03,0.0,0.01,0.08
3191,Call of Titans: Reborn,PSV,2020.0,Adventure,Sega,0.03,0.03,0.01,0.01,0.08
3192,Valor Gridiron,GB,2000.0,Fighting,Microsoft Game Studios,0.02,0.04,0.01,0.01,0.08
3193,Rebellion Empires Gold Edition,XB,2007.0,Role-Playing,Atari,0.01,0.02,0.03,0.02,0.08
3194,Dragons Rebellion 2,SNES,2001.0,Shooter,Activision,0.04,0.02,0.0,0.02,0.08
3195,World of Warriors II,PS3,2006.0,Fighting,CD Projekt,0.03,0.02,0.02,0.01,0.08
3196,Chronicles of Frontier: Revolution,PS,2006.0,Simulation,Bethesda Softworks,0.02,0.04,0.01,0.01,0.08
3197,Duty Depths II,X360,2006.0,Adventure,Capcom,0.03,0.03,0.01,0.01,0.08
3198,Valor Frontier III,PSV,2016.0,Action,Square Enix,0.03,0.04,0.0,0.01,0.08
3199,Valor Valor: Next Gen,PS3,2007.0,Role-Playing,Namco Bandai Games,0.03,0.02,0.03,0.0,0.08
3200,Valor Odyssey: Remastered,PS4,2014.0,Adventure,Microsoft Game Studios,0.04,0.02,0.01,0.01,0.08
3201,Tales of Storm Gold Edition,GC,2012.0,Shooter,Electronic Arts,0.03,0.02,0.0,0.03,0.08
3202,Kingdom of Empires: Next Gen,PSP,2006.0,Action,CD Projekt,0.02,0.03,0.02,0.01,0.08
3203,World of Conquest: Origins,PS2,2007.0,Simulation,2K Games,0.04,0.03,0.01,0.0,0.08
3204,Kingdom of Racing Stars 2,PS4,2015.0,Shooter,Electronic Arts,0.05,0.02,0.0,0.01,0.08
3205,Arena Storm: Next Gen,Wii,2009.0,Puzzle,Namco Bandai Games,0.05,0.01,0.01,0.01,0.08
3206,Tales of Titans: Origins,PS3,2015.0,Fighting,Ubisoft,0.04,0.02,0.01,0.01,0.08
3207,Storm Shadows: Reborn,GC,2013.0,Role-Playing,Sega,0.01,0.01,0.05,0.01,0.08
3208,Chronicles of Fury II,GB,1996.0,Adventure,CD Projekt,0.03,0.03,0.01,0.01,0.08
3209,Odyssey Honor 3,PC,1995.0,Action,Capcom,0.04,0.02,0.01,0.01,0.08
3210,World of Depths: Origins,X360,2011.0,Role-Playing,,0.03,0.01,0.03,0.01,0.08
3211,Destiny Rebellion: Revolution,PSP,2004.0,Simulation,Warner Bros. Interactive,0.02,0.03,0.02,0.01,0.08
3212,Kingdom of Heroes 3,PSP,2005.0,Role-Playing,Disney Interactive Studios,0.03,0.02,0.02,0.01,0.08
3213,Fairways Storm 2,XOne,2020.0,Racing,Ubisoft,0.03,0.03,0.0,0.02,0.08
3214,Rise of Shadows III,XOne,2019.0,Action,Bethesda Softworks,0.03,0.03,0.02,0.0,0.08
3215,Kingdom of Destiny: Reborn,PSV,2019.0,Action,Capcom,0.03,0.02,0.02,0.01,0.08
3216,Frontier Champions: Origins,3DS,2014.0,Shooter,Sega,0.07,0.01,0.0,0.0,0.08
3217,Glory Champions,PSP,2005.0,Sports,Ubisoft,0.03,0.04,0.0,0.01,0.08
3218,Fury Skies: Next Gen,XB,2005.0,Strategy,Sega,0.03,0.01,0.01,0.03,0.08
3219,Titans Warriors: Origins,WiiU,2018.0,Role-Playing,Disney Interactive Studios,0.03,0.01,0.03,0.01,0.08
3220,Saga of Dragons: Remastered,GBA,,Puzzle,Namco Bandai Games,0.03,0.02,0.02,0.01,0.08
3221,Rise of Legends: Revolution,3DS,2011.0,Action,Sega,0.03,0.02,0.01,0.02,0.08
3222,Kingdom of Honor III,GB,2001.0,Platform,Nintendo,0.01,0.04,0.02,0.01,0.08
3223,Frontier Heroes III,GC,2009.0,Platform,Ubisoft,0.05,0.02,0.0,0.01,0.08
3224,Empire of Conquest: Reborn,Switch,2018.0,Fighting,Ubisoft,0.04,0.03,0.01,0.0,0.08
3225,Saga of Titans 2,PS2,2000.0,Sports,2K Games,0.05,0.02,0.0,0.01,0.08
3226,Battle for Dragons: Reborn,PS3,2017.0,Adventure,Ubisoft,0.02,0.04,0.01,0.01,0.08
3227,Heroes Empires,Switch,2017.0,Action,Bethesda Softworks,0.03,0.01,0.02,0.02,0.08
3228,Chronicles of Depths: Revolution,Switch,2019.0,Adventure,CD Projekt,0.02,0.04,0.01,0.01,0.08
3229,Call of Duty,PS4,2017.0,Racing,Disney Interactive Studios,0.04,0.02,0.0,0.02,0.08
3230,Destiny Shadows,GB,1999.0,Action,Activision,0.03,0.02,0.02,0.01,0.08
3231,Shadows Rebellion,X360,2011.0,Action,Disney Interactive Studios,0.04,0.02,0.01,0.01,0.08
3232,Quest for Shadows Gold Edition,Switch,2017.0,Fighting,Sega,0.04,0.03,0.01,0.0,0.08
3233,Arena Dragons Gold Edition,PC,2001.0,Simulation,2K Games,0.03,0.04,0.01,0.0,0.08
3234,Honor Destiny,GB,2006.0,Simulation,Sony Computer Entertainment,0.06,0.01,0.01,0.0,0.08
3235,Tales of Honor,XB,2006.0,Role-Playing,Nintendo,0.02,0.02,0.03,0.01,0.08
3236,Dragons Odyssey: Revolution,XOne,2013.0,Role-Playing,Square Enix,0.01,0.02,0.05,0.0,0.08
3237,Kingdom of Fairways: Reborn,Wii,2014.0,Strategy,Take-Two Interactive,0.04,0.03,0.0,0.01,0.08
3238,Call of Conquest,XB,2005.0,Sports,Warner Bros. Interactive,0.03,0.04,0.0,0.01,0.08
3239,Storm Fairways: Reborn,PS2,2007.0,Simulation,CD Projekt,0.03,0.03,0.0,0.02,0.08
3240,Glory Warriors 3,N64,1997.0,Simulation,Take-Two Interactive,0.03,0.02,0.02,0.01,0.08
3241,Duty Shadows,GBA,2009.0,Racing,Take-Two Interactive,0.05,0.02,0.0,0.01,0.08
3242,Call of Dragons: Revolution,WiiU,2013.0,Role-Playing,Disney Interactive Studios,0.03,0.01,0.03,0.01,0.08
3243,Dragons Odyssey II,Wii,2012.0,Adventure,Take-Two Interactive,0.04,0.03,0.0,0.01,0.08
3244,Empire of Glory: Next Gen,X360,2011.0,Action,Namco Bandai Games,0.03,0.02,0.02,0.01,0.08
3245,Empire of Odyssey,PSV,2017.0,Fighting,Epic Games,0.01,0.03,0.03,0.01,0.08
3246,Duty Storm,X360,2012.0,Simulation,Square Enix,0.05,0.02,0.0,0.01,0.08
3247,Odyssey Honor III,GC,2003.0,Platform,Namco Bandai Games,0.04,0.03,0.01,0.0,0.08
3248,Destiny Rebellion 3,GB,1998.0,Sports,Warner Bros. Interactive,0.06,0.01,0.0,0.01,0.08
3249,Chronicles of Legends 2,PS2,2002.0,Misc,THQ,0.02,0.03,0.01,0.02,0.08
3250,Champions Shadows 3,PS2,2008.0,Action,Capcom,0.02,0.04,0.0,0.02,0.08
3251,Champions Racing Stars: Next Gen,PS,2008.0,Role-Playing,Bethesda Softworks,0.02,0.02,0.03,0.01,0.08
3252,Quest for Heroes: Origins,WiiU,2016.0,Fighting,Namco Bandai Games,0.03,0.03,0.01,0.01,0.08
3253,Quest for Honor,PSV,2017.0,Racing,Take-Two Interactive,0.02,0.04,0.0,0.02,0.08
3254,Frontier Depths: Revolution,PSV,2016.0,Shooter,Activision,0.05,0.01,0.01,0.01,0.08
3255,Frontier Warriors: Origins,DS,2007.0,Puzzle,Nintendo,0.03,0.02,0.01,0.02,0.08
3256,Champions Storm: Origins,GBA,2009.0,Adventure,Warner Bros. Interactive,0.05,0.02,0.0,0.01,0.08
3257,Depths Glory III,PS2,2000.0,Role-Playing,Bethesda Softworks,0.03,0.01,0.03,0.01,0.08
3258,Depths Frontier II,N64,2003.0,Adventure,Square Enix,0.03,0.02,0.01,0.02,0.08
3259,Rise of Champions,PS4,2015.0,Puzzle,Warner Bros. Interactive,0.03,0.03,0.02,0.0,0.08
3260,World of Nations III,PS2,2001.0,Role-Playing,Bethesda Softworks,0.02,0.01,0.04,0.01,0.08
3261,Dragons Frontier: Reborn,PS4,2015.0,Action,Epic Games,0.01,0.04,0.02,0.01,0.08
3262,Saga of Arena: Reborn,PS2,2000.0,Misc,Sony Computer Entertainment,0.04,0.02,0.01,0.01,0.08
3263,Rise of Racing Stars,X360,2010.0,Misc,Nintendo,0.04,0.02,0.01,0.01,0.08
3264,Realm of Rebellion 3,Wii,2007.0,Fighting,Take-Two Interactive,0.02,0.04,0.01,0.01,0.08
3265,World of Dragons: Remastered,Switch,2017.0,Sports,Nintendo,0.04,0.03,0.0,0.01,0.08
3266,Duty Fairways 2,X360,2010.0,Role-Playing,Square Enix,0.02,0.02,0.03,0.01,0.08
3267,Warriors Legends III,WiiU,2018.0,Adventure,Square Enix,0.03,0.02,0.02,0.01,0.08
3268,Chronicles of Odyssey III,3DS,2016.0,Role-Playing,Square Enix,0.01,0.03,0.03,0.01,0.08
3269,Age of Dragons: Remastered,SNES,,Shooter,Activision,0.04,0.01,0.02,0.01,0.08
3270,Fairways Valor III,N64,1999.0,Racing,2K Games,0.03,0.02,0.01,0.02,0.08
3271,Odyssey Valor III,PSP,2006.0,Puzzle,Square Enix,0.04,0.02,0.01,0.01,0.08
3272,Odyssey Glory 2,PSV,2020.0,Adventure,Take-Two Interactive,0.03,0.03,0.01,0.01,0.08
3273,Champions Warriors: Origins,Wii,2007.0,Sports,Electronic Arts,0.03,0.03,0.0,0.02,0.08
3274,Depths Empires: Next Gen,DS,2005.0,Sports,2K Games,0.04,0.03,0.0,0.01,0.08
3275,Rebellion Nations,XOne,2016.0,Strategy,Capcom,0.04,0.01,0.01,0.02,0.08
3276,Storm Duty 2,PS,2000.0,Misc,Sony Computer Entertainment,0.04,0.02,0.01,0.01,0.08
3277,Shadow of Glory: Origins,PS3,2017.0,Puzzle,Microsoft Game Studios,0.03,0.03,0.01,0.01,0.08
3278,Dragons Storm 3,PSV,2014.0,Sports,Sega,0.04,0.03,0.0,0.01,0.08
3279,Glory Conquest,WiiU,2012.0,Misc,Take-Two Interactive,0.05,0.01,0.01,0.01,0.08
3280,Realm of Dragons,WiiU,2015.0,Platform,Ubisoft,0.03,0.03,0.02,0.0,0.08
3281,Empire of Arena 3,PSP,2011.0,Adventure,Square Enix,0.05,0.02,0.01,0.0,0.08
3282,Glory Dragons: Remastered,PSV,2017.0,Shooter,Take-Two Interactive,0.02,0.03,0.01,0.02,0.08
3283,Heroes Empires 2,PSV,2019.0,Role-Playing,Bethesda Softworks,0.03,0.01,0.03,0.01,0.08
3284,Tales of Empires,XB,2007.0,Action,Bethesda Softworks,0.05,0.01,0.01,0.01,0.08
3285,Empire of Fairways: Remastered,Wii,2012.0,Role-Playing,Square Enix,0.03,0.02,0.02,0.01,0.08
3286,Saga of Champions: Next Gen,Switch,2018.0,Adventure,Electronic Arts,0.02,0.04,0.01,0.01,0.08
3287,Empire of Conquest,X360,2009.0,Adventure,CD Projekt,0.03,0.03,0.01,0.01,0.08
3288,Chronicles of Arena Gold Edition,XB,2006.0,Simulation,Microsoft Game Studios,0.03,0.03,0.01,0.01,0.08
3289,Valor Odyssey: Reborn,PSV,2011.0,Adventure,Sega,0.02,0.02,0.02,0.02,0.08
3290,Battle for Legends: Next Gen,GBA,2006.0,Adventure,Disney Interactive Studios,0.02,0.03,0.02,0.01,0.08
3291,Call of Dragons: Origins,PS4,2019.0,Role-Playing,Square Enix,0.01,0.02,0.04,0.01,0.08
3292,Battle for Glory,XB,2005.0,Simulation,Take-Two Interactive,0.03,0.03,0.01,0.01,0.08
3293,Valor Rebellion: Next Gen,N64,2002.0,Role-Playing,Disney Interactive Studios,0.02,0.02,0.03,0.01,0.08
3294,Shadows Gridiron: Remastered,Wii,2016.0,Racing,2K Games,0.04,0.03,0.0,0.01,0.08
3295,Fairways Shadows 2,X360,2008.0,Sports,Atari,0.04,0.03,0.0,0.01,0.08
3296,Tales of Fairways 3,X360,2011.0,Action,Disney Interactive Studios,0.03,0.02,0.01,0.02,0.08
3297,Glory Fairways III,GC,2011.0,Sports,Konami Digital Entertainment,0.05,0.02,0.0,0.01,0.08
3298,Fall of Skies,SNES,2002.0,Role-Playing,Nintendo,0.02,0.02,0.02,0.02,0.08
3299,Odyssey Skies 3,SNES,1996.0,Strategy,Capcom,0.03,0.02,0.02,0.01,0.08
3300,Gridiron Fury: Revolution,XB,2001.0,Racing,Disney Interactive Studios,0.04,0.02,0.01,0.01,0.08
3301,Heroes Destiny: Reborn,Wii,2013.0,Misc,Sony Computer Entertainment,0.03,0.03,0.01,0.01,0.08
3302,Duty Frontier 3,Wii,2015.0,Role-Playing,CD Projekt,0.02,0.02,0.04,0.0,0.08
3303,Shadows Valor,3DS,2016.0,Strategy,Take-Two Interactive,0.05,0.02,0.0,0.01,0.08
3304,Frontier Frontier,GB,2004.0,Role-Playing,Bethesda Softworks,0.02,0.03,0.03,0.0,0.08
3305,Empires Honor: Remastered,PC,1996.0,Sports,,0.06,0.02,0.0,0.0,0.08
3306,Fall of Destiny,WiiU,2013.0,Fighting,2K Games,0.04,0.03,0.0,0.01,0.08
3307,Kingdom of Heroes,PSP,2010.0,Role-Playing,Namco Bandai Games,0.03,0.02,0.02,0.01,0.08
3308,Battle for Frontier,XB,2009.0,Misc,Square Enix,0.02,0.03,0.02,0.01,0.08
3309,Realm of Storm: Remastered,PS2,2005.0,Action,Atari,0.05,0.01,0.01,0.01,0.08
3310,Legend of Duty,GC,2013.0,Misc,Microsoft Game Studios,0.04,0.02,0.01,0.01,0.08
3311,Chronicles of Odyssey,N64,1998.0,Adventure,Square Enix,0.04,0.03,0.01,0.0,0.08
3312,Racing Stars Arena Gold Edition,X360,2013.0,Shooter,Activision,0.05,0.02,0.0,0.01,0.08
3313,Rise of Skies 3,SNES,1999.0,Sports,2K Games,0.04,0.02,0.0,0.02,0.08
3314,Realm of Dragons 2,Switch,2018.0,Racing,Capcom,0.04,0.03,0.01,0.0,0.08
3315,Shadow of Titans: Origins,X360,2005.0,Fighting,Konami Digital Entertainment,0.04,0.02,0.01,0.01,0.08
3316,Rebellion Titans: Revolution,PS2,2007.0,Role-Playing,Bethesda Softworks,0.03,0.01,0.03,0.01,0.08
3317,Rise of Shadows III,Switch,2019.0,Action,Bethesda Softworks,0.05,0.01,0.01,0.01,0.08
3318,Quest for Fury,XOne,2013.0,Sports,Warner Bros. Interactive,0.03,0.04,0.0,0.01,0.08
3319,Age of Skies III,Wii,2013.0,Racing,Sega,0.05,0.03,0.0,0.0,0.08
3320,Kingdom of Fairways: Next Gen,PS3,2007.0,Action,Microsoft Game Studios,0.04,0.03,0.0,0.01,0.08
3321,Rebellion Warriors 2,DS,2012.0,Action,Microsoft Game Studios,0.03,0.02,0.02,0.01,0.08
3322,Fury Heroes III,PC,1998.0,Sports,Atari,0.02,0.02,0.01,0.03,0.08
3323,Tales of Duty III,GC,2007.0,Platform,Sony Computer Entertainment,0.03,0.02,0.01,0.02,0.08
3324,Legends Fury: Revolution,PS2,2005.0,Role-Playing,Capcom,0.02,0.02,0.03,0.01,0.08
3325,Shadow of Warriors II,Wii,2015.0,Adventure,CD Projekt,0.03,0.03,0.01,0.01,0.08
3326,Tales of Conquest: Reborn,PSV,2015.0,Racing,Take-Two Interactive,0.06,0.02,0.0,0.0,0.08
3327,Fairways Racing Stars III,Switch,2020.0,Misc,Microsoft Game Studios,0.04,0.02,0.02,0.0,0.08
3328,Shadow of Legends,N64,1999.0,Puzzle,CD Projekt,0.03,0.02,0.02,0.01,0.08
3329,Realm of Duty,PS4,2015.0,Action,Namco Bandai Games,0.05,0.0,0.02,0.01,0.08
3330,Realm of Valor 2,XOne,2020.0,Strategy,Konami Digital Entertainment,0.02,0.03,0.02,0.01,0.08
3331,Kingdom of Frontier,PSP,2008.0,Adventure,Square Enix,0.04,0.02,0.01,0.01,0.08
3332,World of Legends,GB,2005.0,Fighting,Activision,0.02,0.04,0.01,0.01,0.08
3333,Empire of Conquest: Remastered,GC,2007.0,Role-Playing,Capcom,0.03,0.01,0.03,0.01,0.08
3334,Frontier Fairways,PSV,2011.0,Strategy,Capcom,0.04,0.02,0.01,0.01,0.08
3335,Rise of Shadows II,N64,1999.0,Role-Playing,2K Games,0.02,0.02,0.03,0.01,0.08
3336,World of Destiny: Remastered,XB,2004.0,Platform,Warner Bros. Interactive,0.03,0.03,0.02,0.0,0.08
3337,Empire of Valor: Next Gen,WiiU,2020.0,Misc,Activision,0.02,0.04,0.01,0.01,0.08
3338,Realm of Depths 3,N64,1999.0,Fighting,THQ,0.04,0.02,0.01,0.01,0.08
3339,Saga of Dragons: Remastered,X360,2012.0,Simulation,,0.02,0.03,0.02,0.01,0.08
3340,Empire of Champions: Origins,GB,1998.0,Role-Playing,Nintendo,0.01,0.02,0.03,0.02,0.08
3341,Chronicles of Rebellion,PS2,2006.0,Racing,Namco Bandai Games,0.04,0.03,0.0,0.01,0.08
3342,Empire of Legends Gold Edition,DS,2011.0,Strategy,Atari,0.03,0.02,0.02,0.01,0.08
3343,Call of Storm II,GBA,2009.0,Shooter,Activision,0.02,0.03,0.0,0.02,0.07
3344,Realm of Honor: Remastered,XB,2009.0,Platform,THQ,0.03,0.02,0.01,0.01,0.07
3345,Empire of Skies: Next Gen,GBA,2005.0,Fighting,Microsoft Game Studios,0.02,0.03,0.01,0.01,0.07
3346,Storm Titans 3,GC,2006.0,Sports,Take-Two Interactive,0.04,0.02,0.0,0.01,0.07
3347,Rise of Skies,XB,2003.0,Role-Playing,Nintendo,0.02,0.03,0.02,0.0,0.07
3348,Fall of Conquest: Next Gen,SNES,1994.0,Shooter,Electronic Arts,0.03,0.03,0.0,0.01,0.07
3349,Arena Empires,X360,2010.0,Fighting,Capcom,0.03,0.02,0.01,0.01,0.07
3350,Empires Arena,PC,1997.0,Racing,Namco Bandai Games,0.04,0.01,0.0,0.02,0.07
3351,Rise of Dragons II,PSV,2019.0,Role-Playing,Take-Two Interactive,0.02,0.02,0.02,0.01,0.07
3352,Heroes Empires: Revolution,XB,2008.0,Shooter,Sony Computer Entertainment,0.03,0.02,0.0,0.02,0.07
3353,Chronicles of Racing Stars,N64,2007.0,Shooter,Disney Interactive Studios,0.05,0.01,0.0,0.01,0.07
3354,Champions Fury 3,PSP,2013.0,Sports,Sony Computer Entertainment,0.02,0.02,0.01,0.02,0.07
3355,Conquest Valor II,DS,2008.0,Adventure,Bethesda Softworks,0.02,0.03,0.01,0.01,0.07
3356,Realm of Skies II,XOne,2017.0,Simulation,THQ,0.02,0.02,0.01,0.02,0.07
3357,Tales of Odyssey II,GB,2002.0,Sports,Sony Computer Entertainment,0.04,0.03,0.0,0.0,0.07
3358,Frontier Shadows 3,N64,2000.0,Shooter,Disney Interactive Studios,0.04,0.01,0.0,0.02,0.07
3359,World of Titans: Remastered,PC,1995.0,Sports,Take-Two Interactive,0.04,0.02,0.0,0.01,0.07
3360,Call of Odyssey: Revolution,Switch,2017.0,Adventure,Epic Games,0.03,0.01,0.02,0.01,0.07
3361,Kingdom of Destiny,3DS,2012.0,Racing,2K Games,0.03,0.03,0.0,0.01,0.07
3362,Skies Duty: Revolution,3DS,2012.0,Adventure,Square Enix,0.04,0.01,0.01,0.01,0.07
3363,Racing Stars Champions III,GBA,2007.0,Shooter,Disney Interactive Studios,0.03,0.02,0.01,0.01,0.07
3364,Rise of Legends,X360,2009.0,Platform,Namco Bandai Games,0.03,0.01,0.02,0.01,0.07
3365,World of Destiny II,X360,2005.0,Action,Namco Bandai Games,0.04,0.01,0.01,0.01,0.07
3366,Chronicles of Warriors III,XOne,2017.0,Puzzle,Ubisoft,0.02,0.03,0.01,0.01,0.07
3367,Saga of Gridiron III,XOne,2015.0,Racing,Epic Games,0.04,0.01,0.01,0.01,0.07
3368,Nations Honor,GB,2000.0,Action,Epic Games,0.03,0.01,0.01,0.02,0.07
3369,Tales of Dragons,X360,2015.0,Action,2K Games,0.03,0.02,0.01,0.01,0.07
3370,Quest for Empires II,PS2,2008.0,Sports,Electronic Arts,0.04,0.01,0.0,0.02,0.07
3371,Empire of Empires 2,PS,2001.0,Role-Playing,Sony Computer Entertainment,0.01,0.03,0.02,0.01,0.07
3372,Empire of Dragons 3,GB,2001.0,Role-Playing,Ubisoft,0.01,0.01,0.03,0.02,0.07
3373,Fairways Arena Gold Edition,PS2,2004.0,Sports,Atari,0.03,0.03,0.0,0.01,0.07
3374,Saga of Odyssey,DS,2009.0,Strategy,Atari,0.02,0.03,0.01,0.01,0.07
3375,Rise of Destiny: Remastered,Wii,2015.0,Role-Playing,Sega,0.03,0.01,0.02,0.01,0.07
3376,Shadow of Destiny 2,3DS,2016.0,Adventure,THQ,0.04,0.01,0.02,0.0,0.07
3377,Battle for Fury: Remastered,GBA,2003.0,Puzzle,Sega,0.02,0.02,0.01,0.02,0.07
3378,Chronicles of Fairways: Next Gen,Switch,2019.0,Role-Playing,Nintendo,0.01,0.02,0.04,0.0,0.07
3379,Saga of Shadows Gold Edition,WiiU,2019.0,Misc,Square Enix,0.03,0.03,0.01,0.0,0.07
3380,Realm of Duty,GBA,2002.0,Strategy,Sega,0.03,0.02,0.01,0.01,0.07
3381,Skies Duty III,Wii,2015.0,Adventure,THQ,0.03,0.03,0.0,0.01,0.07
3382,Shadow of Frontier Gold Edition,PSV,2013.0,Role-Playing,Nintendo,0.01,0.02,0.03,0.01,0.07
3383,Empire of Odyssey: Reborn,GC,2009.0,Adventure,Bethesda Softworks,0.03,0.01,0.02,0.01,0.07
3384,Battle for Champions: Revolution,XB,2006.0,Role-Playing,2K Games,0.03,0.01,0.02,0.01,0.07
3385,Storm Champions: Reborn,PS2,2004.0,Shooter,Namco Bandai Games,0.05,0.01,0.0,0.01,0.07
3386,Nations Dragons 2,WiiU,2013.0,Platform,Namco Bandai Games,0.02,0.02,0.02,0.01,0.07
3387,Realm of Nations: Origins,X360,2008.0,Racing,Namco Bandai Games,0.04,0.02,0.0,0.01,0.07
3388,Shadows Racing Stars Gold Edition,GC,2011.0,Adventure,Konami Digital Entertainment,0.03,0.02,0.01,0.01,0.07
3389,Shadow of Odyssey II,X360,2009.0,Role-Playing,Nintendo,0.01,0.01,0.04,0.01,0.07
3390,Titans Heroes: Origins,X360,2016.0,Fighting,Capcom,0.03,0.01,0.01,0.02,0.07
3391,Saga of Conquest 2,GBA,2007.0,Adventure,Epic Games,0.04,0.01,0.01,0.01,0.07
3392,Nations Nations,PS,2003.0,Sports,Konami Digital Entertainment,0.03,0.02,0.01,0.01,0.07
3393,Battle for Shadows III,GB,2004.0,Shooter,Activision,0.05,0.02,0.0,0.0,0.07
3394,Conquest Titans,PSV,2013.0,Fighting,Activision,0.04,0.02,0.01,0.0,0.07
3395,Shadow of Legends: Remastered,WiiU,2012.0,Simulation,CD Projekt,0.04,0.02,0.0,0.01,0.07
3396,Frontier Skies II,GBA,2007.0,Sports,Namco Bandai Games,0.04,0.02,0.0,0.01,0.07
3397,Dragons Rebellion: Origins,PS4,2013.0,Action,Nintendo,0.03,0.02,0.01,0.01,0.07
3398,Odyssey Valor,XOne,2018.0,Platform,Ubisoft,0.02,0.04,0.0,0.01,0.07
3399,Frontier Frontier 2,PS4,2017.0,Shooter,Warner Bros. Interactive,0.04,0.02,0.0,0.01,0.07
3400,Duty Rebellion 2,GC,2013.0,Platform,Atari,0.03,0.03,0.01,0.0,0.07
3401,Warriors Honor II,PS2,2003.0,Action,Namco Bandai Games,0.05,0.02,0.0,0.0,0.07
3402,Fall of Nations,DS,2010.0,Adventure,Namco Bandai Games,0.03,0.02,0.01,0.01,0.07
3403,Battle for Heroes Gold Edition,PSV,2016.0,Adventure,Capcom,0.03,0.01,0.02,0.01,0.07
3404,Rebellion Depths Gold Edition,PS4,2018.0,Puzzle,Sega,0.02,0.02,0.01,0.02,0.07
3405,Frontier Valor Gold Edition,WiiU,2012.0,Adventure,Microsoft Game Studios,0.01,0.03,0.02,0.01,0.07
3406,Honor Dragons: Remastered,PS3,2015.0,Misc,Sega,0.02,0.02,0.01,0.02,0.07
3407,World of Destiny: Revolution,PSP,2016.0,Role-Playing,Square Enix,0.02,0.01,0.04,0.0,0.07
3408,Rise of Racing Stars: Revolution,GB,1998.0,Puzzle,Atari,0.03,0.02,0.01,0.01,0.07
3409,Fall of Champions,DS,2005.0,Racing,Take-Two Interactive,0.03,0.03,0.0,0.01,0.07
3410,Chronicles of Racing Stars 2,N64,1997.0,Misc,Sega,0.03,0.03,0.01,0.0,0.07
3411,World of Champions,XB,2007.0,Adventure,Epic Games,0.02,0.03,0.01,0.01,0.07
3412,Chronicles of Fairways: Revolution,PSV,2011.0,Role-Playing,Warner Bros. Interactive,0.02,0.01,0.04,0.0,0.07
3413,Warriors Shadows III,Wii,2008.0,Simulation,Electronic Arts,0.04,0.02,0.01,0.0,0.07
3414,Conquest Heroes 3,PSP,2011.0,Action,Sony Computer Entertainment,0.04,0.01,0.01,0.01,0.07
3415,Destiny Conquest,3DS,2018.0,Role-Playing,Sega,0.02,0.01,0.02,0.02,0.07
3416,Age of Nations,PC,2000.0,Role-Playing,Warner Bros. Interactive,0.03,0.01,0.02,0.01,0.07
3417,Chronicles of Shadows,X360,2015.0,Platform,Capcom,0.02,0.02,0.01,0.02,0.07
3418,Tales of Rebellion 3,Wii,2011.0,Misc,Nintendo,0.03,0.02,0.01,0.01,0.07
3419,Skies Heroes 3,PS3,2006.0,Platform,Microsoft Game Studios,0.02,0.03,0.01,0.01,0.07
3420,Chronicles of Shadows Gold Edition,PC,1996.0,Sports,Sega,0.03,0.03,0.0,0.01,0.07
3421,Empire of Shadows: Revolution,DS,2009.0,Role-Playing,Ubisoft,0.0,0.02,0.03,0.02,0.07
3422,Tales of Odyssey: Revolution,DS,2008.0,Action,Bethesda Softworks,0.03,0.02,0.01,0.01,0.07
3423,Glory Empires II,XB,2007.0,Action,Konami Digital Entertainment,0.03,0.02,0.01,0.01,0.07
3424,Dragons Valor 2,PSP,2012.0,Action,Warner Bros. Interactive,0.02,0.01,0.02,0.02,0.07
3425,Dragons Odyssey III,GBA,2006.0,Strategy,THQ,0.03,0.02,0.02,0.0,0.07
3426,Depths Arena,X360,2011.0,Strategy,Microsoft Game Studios,0.02,0.03,0.01,0.01,0.07
3427,Conquest Racing Stars 3,GC,2010.0,Strategy,Atari,0.03,0.03,0.0,0.01,0.07
3428,Legends Fury 2,3DS,2017.0,Shooter,Namco Bandai Games,0.03,0.01,0.02,0.01,0.07
3429,Rise of Frontier 3,PS2,2000.0,Role-Playing,Disney Interactive Studios,0.02,0.02,0.02,0.01,0.07
3430,Warriors Odyssey: Remastered,Wii,2010.0,Adventure,Square Enix,0.02,0.03,0.01,0.01,0.07
3431,Shadow of Arena: Reborn,3DS,2020.0,Strategy,Ubisoft,0.03,0.01,0.01,0.02,0.07
3432,Saga of Depths 2,DS,2005.0,Puzzle,Bethesda Softworks,0.02,0.02,0.01,0.02,0.07
3433,Empires Empires: Next Gen,WiiU,2012.0,Racing,Bethesda Softworks,0.04,0.02,0.01,0.0,0.07
3434,Gridiron Titans: Remastered,PC,2001.0,Shooter,Sega,0.03,0.03,0.01,0.0,0.07
3435,Battle for Legends Gold Edition,PSV,2013.0,Fighting,Atari,0.04,0.02,0.0,0.01,0.07
3436,Empires Fairways,DS,2009.0,Adventure,Warner Bros. Interactive,0.03,0.02,0.01,0.01,0.07
3437,Frontier Fury III,GC,2008.0,Adventure,Bethesda Softworks,0.02,0.02,0.02,0.01,0.07
3438,Empires Skies: Revolution,PS,,Adventure,Square Enix,0.03,0.02,0.01,0.01,0.07
3439,Tales of Glory Gold Edition,GBA,2006.0,Adventure,2K Games,0.03,0.01,0.01,0.02,0.07
3440,Kingdom of Shadows 3,PS,2004.0,Sports,Bethesda Softworks,0.03,0.02,0.0,0.02,0.07
3441,Fall of Empires: Origins,GC,2008.0,Adventure,Nintendo,0.04,0.02,0.0,0.01,0.07
3442,Gridiron Destiny: Next Gen,PS,1999.0,Fighting,CD Projekt,0.03,0.02,0.0,0.02,0.07
3443,Odyssey Skies: Origins,GBA,2009.0,Misc,Sony Computer Entertainment,0.02,0.03,0.01,0.01,0.07
3444,World of Rebellion: Origins,N64,2003.0,Adventure,Capcom,0.04,0.02,0.01,0.0,0.07
3445,World of Frontier III,GC,2004.0,Action,Bethesda Softworks,0.03,0.02,0.01,0.01,0.07
3446,Call of Legends Gold Edition,PS4,2020.0,Adventure,Warner Bros. Interactive,0.03,0.02,0.01,0.01,0.07
3447,Tales of Odyssey: Reborn,GC,2004.0,Adventure,Nintendo,0.02,0.03,0.01,0.01,0.07
3448,Shadows Frontier: Origins,PS3,2015.0,Strategy,THQ,0.05,0.02,0.0,0.0,0.07
3449,Fall of Conquest: Remastered,GB,2004.0,Racing,CD Projekt,0.03,0.02,0.0,0.02,0.07
3450,Legends Conquest III,WiiU,2015.0,Fighting,Activision,0.03,0.01,0.02,0.01,0.07
3451,Odyssey Dragons,GC,2012.0,Role-Playing,Disney Interactive Studios,0.04,0.01,0.02,0.0,0.07
3452,Quest for Gridiron 3,PSP,2015.0,Shooter,Atari,0.05,0.01,0.0,0.01,0.07
3453,Tales of Fairways: Remastered,PSP,2012.0,Action,Activision,0.03,0.02,0.01,0.01,0.07
3454,Saga of Fairways: Revolution,WiiU,2018.0,Puzzle,Take-Two Interactive,0.03,0.02,0.01,0.01,0.07
3455,Arena Dragons,Switch,2019.0,Action,Konami Digital Entertainment,0.04,0.02,0.0,0.01,0.07
3456,Call of Valor 2,PC,1999.0,Racing,Ubisoft,0.04,0.02,0.0,0.01,0.07
3457,Battle for Racing Stars 3,WiiU,2013.0,Shooter,Sony Computer Entertainment,0.03,0.03,0.0,0.01,0.07
3458,Legend of Empires: Next Gen,DS,2004.0,Fighting,Capcom,0.03,0.03,0.01,0.0,0.07
3459,Destiny Shadows: Reborn,XB,2003.0,Adventure,Capcom,0.03,0.02,0.01,0.01,0.07
3460,Valor Shadows II,3DS,2013.0,Fighting,Atari,0.03,0.03,0.01,0.0,0.07
3461,Fall of Storm: Origins,GBA,2008.0,Racing,Nintendo,0.04,0.02,0.0,0.01,0.07
3462,Champions Conquest: Next Gen,N64,1998.0,Misc,THQ,0.01,0.02,0.01,0.03,0.07
3463,Saga of Nations 3,PSV,2017.0,Adventure,Bethesda Softworks,0.03,0.02,0.01,0.01,0.07
3464,Rise of Fairways,XB,2010.0,Misc,CD Projekt,0.03,0.03,0.01,0.0,0.07
3465,Titans Dragons 2,PSP,2005.0,Strategy,Capcom,0.03,0.03,0.01,0.0,0.07
3466,Realm of Nations,GC,2003.0,Platform,Namco Bandai Games,0.04,0.02,0.01,0.0,0.07
3467,Fall of Fairways Gold Edition,X360,2007.0,Action,Disney Interactive Studios,0.03,0.03,0.01,0.0,0.07
3468,Odyssey Duty 2,N64,2000.0,Racing,Disney Interactive Studios,0.04,0.02,0.0,0.01,0.07
3469,Legends Heroes II,PS3,2006.0,Racing,Electronic Arts,0.03,0.02,0.01,0.01,0.07
3470,Realm of Duty,PS4,2018.0,Strategy,Sony Computer Entertainment,0.03,0.02,0.01,0.01,0.07
3471,Dragons Conquest: Next Gen,PSP,2013.0,Role-Playing,Sega,0.01,0.02,0.04,0.0,0.07
3472,Shadow of Nations III,N64,1997.0,Adventure,Bethesda Softworks,0.04,0.02,0.0,0.01,0.07
3473,Saga of Gridiron: Origins,SNES,2006.0,Puzzle,THQ,0.03,0.02,0.01,0.01,0.07
3474,Empire of Racing Stars,X360,2009.0,Strategy,THQ,0.03,0.01,0.02,0.01,0.07
3475,World of Racing Stars: Remastered,GC,2002.0,Fighting,Atari,0.03,0.02,0.01,0.01,0.07
3476,Call of Racing Stars: Next Gen,PS,2001.0,Simulation,Electronic Arts,0.02,0.03,0.01,0.01,0.07
3477,Honor Dragons: Remastered,X360,2009.0,Simulation,Konami Digital Entertainment,0.05,0.01,0.01,0.0,0.07
3478,Storm Destiny Gold Edition,PSP,2006.0,Shooter,Activision,0.02,0.03,0.01,0.01,0.07
3479,Battle for Champions,XOne,2014.0,Racing,Disney Interactive Studios,0.05,0.02,0.0,0.0,0.07
3480,Shadows Warriors: Remastered,WiiU,2014.0,Puzzle,CD Projekt,0.04,0.02,0.01,0.0,0.07
3481,Rise of Depths,XOne,2017.0,Shooter,Electronic Arts,0.05,0.01,0.0,0.01,0.07
3482,Valor Fury: Reborn,PS4,2017.0,Misc,Atari,0.04,0.01,0.01,0.01,0.07
3483,Valor Destiny: Revolution,PS2,2008.0,Racing,Electronic Arts,0.02,0.02,0.01,0.02,0.07
3484,Skies Frontier,PSV,2014.0,Role-Playing,2K Games,0.01,0.02,0.03,0.01,0.07
3485,Kingdom of Dragons,PS2,2003.0,Adventure,Warner Bros. Interactive,0.02,0.02,0.02,0.01,0.07
3486,Fury Odyssey: Revolution,N64,2003.0,Sports,Konami Digital Entertainment,0.03,0.03,0.0,0.01,0.07
3487,World of Legends: Remastered,PSV,2014.0,Strategy,Sega,0.03,0.03,0.0,0.01,0.07
3488,Age of Legends,PSV,2019.0,Puzzle,THQ,0.04,0.02,0.0,0.01,0.07
3489,Nations Destiny,PS2,,Adventure,Ubisoft,0.03,0.03,0.01,0.0,0.07
3490,Tales of Honor 2,PS2,,Role-Playing,Sony Computer Entertainment,0.02,0.01,0.03,0.01,0.07
3491,Fall of Duty,PS4,2015.0,Adventure,Sony Computer Entertainment,0.02,0.03,0.02,0.0,0.07
3492,Realm of Duty,SNES,2005.0,Platform,Bethesda Softworks,0.04,0.01,0.01,0.01,0.07
3493,Fairways Titans 3,PS3,2013.0,Simulation,Epic Games,0.02,0.03,0.01,0.01,0.07
3494,Champions Fury,PSV,2015.0,Role-Playing,Square Enix,0.04,0.01,0.01,0.01,0.07
3495,Rise of Duty: Origins,PS,,Role-Playing,Microsoft Game Studios,0.02,0.02,0.03,0.0,0.07
3496,Call of Fury: Remastered,DS,2010.0,Fighting,Ubisoft,0.03,0.02,0.01,0.01,0.07
3497,Shadow of Glory 2,Switch,2020.0,Platform,Nintendo,0.04,0.02,0.0,0.01,0.07
3498,Legends Dragons Gold Edition,PS,1998.0,Sports,Warner Bros. Interactive,0.03,0.02,0.0,0.02,0.07
3499,Tales of Storm Gold Edition,GBA,2006.0,Adventure,Square Enix,0.01,0.03,0.01,0.02,0.07
3500,Valor Destiny: Remastered,PS2,2003.0,Puzzle,Nintendo,0.02,0.02,0.02,0.01,0.07
3501,Dragons Warriors: Revolution,PSV,2013.0,Role-Playing,CD Projekt,0.03,0.01,0.01,0.02,0.07
3502,Frontier Destiny III,N64,2005.0,Action,Activision,0.03,0.02,0.01,0.01,0.07
3503,Nations Glory,GB,2004.0,Role-Playing,Namco Bandai Games,0.02,0.02,0.03,0.0,0.07
3504,Conquest Conquest: Next Gen,PC,1997.0,Fighting,Activision,0.03,0.02,0.01,0.01,0.07
3505,Fairways Depths 2,GB,2000.0,Racing,Capcom,0.03,0.03,0.0,0.01,0.07
3506,Titans Destiny 3,DS,2004.0,Role-Playing,Ubisoft,0.03,0.02,0.02,0.0,0.07
3507,World of Storm,PS,2006.0,Fighting,THQ,0.03,0.03,0.0,0.01,0.07
3508,Tales of Depths: Next Gen,SNES,1995.0,Puzzle,Atari,0.02,0.02,0.01,0.02,0.07
3509,Shadow of Empires: Remastered,GB,2000.0,Strategy,Sony Computer Entertainment,0.02,0.03,0.01,0.01,0.07
3510,Tales of Destiny,GB,2004.0,Sports,Konami Digital Entertainment,0.03,0.03,0.0,0.01,0.07
3511,Duty Depths: Revolution,Wii,2015.0,Shooter,Sony Computer Entertainment,0.04,0.03,0.0,0.0,0.07
3512,Racing Stars Conquest: Remastered,N64,2005.0,Adventure,Sony Computer Entertainment,0.02,0.02,0.03,0.0,0.07
3513,Titans Dragons III,DS,2008.0,Strategy,Capcom,0.04,0.02,0.0,0.01,0.07
3514,Shadows Racing Stars,Switch,2017.0,Misc,THQ,0.03,0.01,0.02,0.01,0.07
3515,Champions Heroes 3,PS2,2008.0,Shooter,2K Games,0.04,0.03,0.0,0.0,0.07
3516,Age of Valor III,PS4,2015.0,Action,Epic Games,0.03,0.01,0.01,0.02,0.07
3517,Fury Valor 2,PC,1999.0,Platform,Take-Two Interactive,0.02,0.02,0.01,0.02,0.07
3518,Realm of Storm: Origins,Wii,2011.0,Adventure,CD Projekt,0.02,0.03,0.01,0.01,0.07
3519,Warriors Odyssey III,DS,2009.0,Racing,Warner Bros. Interactive,0.04,0.02,0.0,0.01,0.07
3520,Rise of Fairways,PS2,2003.0,Role-Playing,Square Enix,0.01,0.01,0.03,0.02,0.07
3521,Honor Valor: Origins,PS4,2018.0,Puzzle,Capcom,0.04,0.01,0.0,0.02,0.07
3522,Saga of Storm II,Wii,2009.0,Action,Konami Digital Entertainment,0.02,0.03,0.0,0.02,0.07
3523,Rise of Legends: Reborn,PS3,2009.0,Misc,Namco Bandai Games,0.04,0.02,0.01,0.0,0.07
3524,Empire of Arena: Revolution,PSV,2018.0,Adventure,Square Enix,0.03,0.01,0.02,0.01,0.07
3525,Age of Legends Gold Edition,PS4,2013.0,Misc,Sega,0.02,0.02,0.01,0.02,0.07
3526,Kingdom of Depths: Reborn,X360,2017.0,Simulation,Sega,0.02,0.04,0.01,0.0,0.07
3527,Destiny Fury III,PSP,2015.0,Simulation,Disney Interactive Studios,0.03,0.02,0.01,0.01,0.07
3528,Battle for Fairways: Remastered,GC,2013.0,Adventure,Square Enix,0.04,0.02,0.01,0.0,0.07
3529,Shadow of Dragons: Origins,Switch,2020.0,Racing,Atari,0.03,0.02,0.01,0.01,0.07
3530,Saga of Gridiron III,WiiU,2013.0,Action,Sony Computer Entertainment,0.04,0.02,0.0,0.01,0.07
3531,Battle for Legends III,PS4,2019.0,Action,Take-Two Interactive,0.02,0.02,0.02,0.01,0.07
3532,Empire of Honor: Next Gen,PSP,2005.0,Action,Activision,0.03,0.02,0.01,0.01,0.07
3533,Saga of Warriors,DS,2012.0,Puzzle,Warner Bros. Interactive,0.04,0.01,0.02,0.0,0.07
3534,Kingdom of Shadows 2,PS3,2008.0,Sports,Ubisoft,0.02,0.02,0.01,0.02,0.07
3535,Warriors Fairways: Remastered,Wii,2016.0,Sports,THQ,0.03,0.02,0.01,0.01,0.07
3536,Realm of Legends,3DS,2013.0,Platform,Electronic Arts,0.02,0.03,0.01,0.01,0.07
3537,Quest for Glory: Remastered,PSP,2010.0,Sports,Epic Games,0.02,0.02,0.01,0.02,0.07
3538,Realm of Destiny,WiiU,2012.0,Action,Bethesda Softworks,0.03,0.02,0.01,0.01,0.07
3539,Warriors Arena: Remastered,PC,1997.0,Action,Sega,0.03,0.02,0.01,0.01,0.07
3540,Tales of Arena Gold Edition,PS3,2007.0,Racing,CD Projekt,0.05,0.02,0.0,0.0,0.07
3541,Rise of Champions,PS4,2015.0,Racing,THQ,0.04,0.02,0.0,0.01,0.07
3542,Shadow of Rebellion: Origins,3DS,2019.0,Action,Bethesda Softworks,0.03,0.02,0.01,0.01,0.07
3543,Legend of Conquest: Revolution,GC,2002.0,Sports,Ubisoft,0.03,0.02,0.01,0.01,0.07
3544,World of Storm III,PS3,2013.0,Role-Playing,Sony Computer Entertainment,0.02,0.02,0.03,0.0,0.07
3545,Quest for Warriors II,Switch,2018.0,Fighting,Namco Bandai Games,0.03,0.02,0.01,0.01,0.07
3546,Legends Nations: Reborn,WiiU,2014.0,Adventure,Konami Digital Entertainment,0.04,0.01,0.01,0.01,0.07
3547,Realm of Legends,N64,2007.0,Role-Playing,Capcom,0.02,0.03,0.02,0.0,0.07
3548,Realm of Skies: Next Gen,XOne,2014.0,Adventure,Microsoft Game Studios,0.04,0.02,0.01,0.0,0.07
3549,Chronicles of Gridiron: Reborn,GBA,2006.0,Simulation,Microsoft Game Studios,0.03,0.01,0.01,0.02,0.07
3550,Odyssey Legends 2,XOne,2017.0,Fighting,Sony Computer Entertainment,0.04,0.02,0.01,0.0,0.07
3551,Dragons Champions: Reborn,3DS,2013.0,Puzzle,Sony Computer Entertainment,0.02,0.03,0.01,0.01,0.07
3552,Chronicles of Empires,GC,2006.0,Shooter,Microsoft Game Studios,0.03,0.03,0.0,0.01,0.07
3553,Tales of Warriors,GB,2001.0,Strategy,Microsoft Game Studios,0.03,0.03,0.01,0.0,0.07
3554,Empire of Empires 3,PSP,2015.0,Strategy,Square Enix,0.04,0.01,0.01,0.01,0.07
3555,Empire of Odyssey,XB,2001.0,Role-Playing,Capcom,0.02,0.01,0.02,0.02,0.07
3556,Honor Shadows Gold Edition,GB,2005.0,Role-Playing,Namco Bandai Games,0.02,0.01,0.03,0.01,0.07
3557,Glory Nations Gold Edition,Switch,2019.0,Puzzle,Capcom,0.03,0.01,0.03,0.0,0.07
3558,World of Shadows,GBA,2009.0,Adventure,CD Projekt,0.03,0.02,0.01,0.01,0.07
3559,Fall of Odyssey,GC,2008.0,Role-Playing,Nintendo,0.01,0.02,0.03,0.01,0.07
3560,Call of Nations: Remastered,DS,2007.0,Misc,Microsoft Game Studios,0.03,0.03,0.01,0.0,0.07
3561,Legend of Heroes: Origins,N64,2005.0,Fighting,Activision,0.03,0.02,0.01,0.01,0.07
3562,Destiny Heroes: Remastered,XOne,2018.0,Sports,2K Games,0.04,0.03,0.0,0.0,0.07
3563,Age of Destiny 2,PS3,2006.0,Sports,Take-Two Interactive,0.03,0.03,0.01,0.0,0.07
3564,Storm Glory,WiiU,,Racing,Microsoft Game Studios,0.04,0.02,0.0,0.01,0.07
3565,Kingdom of Rebellion: Revolution,PS,1996.0,Action,Activision,0.03,0.03,0.01,0.0,0.07
3566,Tales of Depths: Reborn,PSV,2017.0,Simulation,Konami Digital Entertainment,0.02,0.03,0.01,0.01,0.07
3567,Legends Racing Stars,GC,2006.0,Misc,Warner Bros. Interactive,0.02,0.03,0.01,0.01,0.07
3568,Legend of Duty: Origins,PS,1996.0,Racing,Electronic Arts,0.03,0.02,0.01,0.01,0.07
3569,Legend of Valor,3DS,2013.0,Role-Playing,Konami Digital Entertainment,0.02,0.02,0.02,0.01,0.07
3570,Saga of Frontier,XOne,2013.0,Racing,Microsoft Game Studios,0.02,0.02,0.01,0.02,0.07
3571,Glory Valor: Revolution,XOne,2017.0,Action,Disney Interactive Studios,0.04,0.02,0.01,0.0,0.07
3572,Fury Honor: Reborn,PS4,2015.0,Fighting,Square Enix,0.04,0.01,0.01,0.01,0.07
3573,Chronicles of Dragons: Next Gen,PS,2006.0,Simulation,2K Games,0.04,0.01,0.02,0.0,0.07
3574,Rise of Legends,PC,2002.0,Misc,Sony Computer Entertainment,0.04,0.02,0.01,0.0,0.07
3575,Legend of Champions,3DS,2013.0,Racing,Warner Bros. Interactive,0.03,0.03,0.0,0.01,0.07
3576,Call of Rebellion Gold Edition,XOne,2017.0,Sports,Atari,0.03,0.03,0.01,0.0,0.07
3577,Empire of Nations 2,GB,2001.0,Shooter,Electronic Arts,0.04,0.02,0.01,0.0,0.07
3578,Realm of Conquest 3,GC,2009.0,Shooter,Capcom,0.04,0.02,0.0,0.01,0.07
3579,Tales of Valor III,PS,2005.0,Misc,Sony Computer Entertainment,0.03,0.01,0.02,0.01,0.07
3580,Depths Heroes: Origins,GB,2003.0,Puzzle,Atari,0.03,0.03,0.0,0.01,0.07
3581,Quest for Valor II,PS,1999.0,Role-Playing,CD Projekt,0.02,0.01,0.04,0.0,0.07
3582,World of Dragons,GB,1999.0,Simulation,2K Games,0.05,0.01,0.0,0.01,0.07
3583,Champions Honor 2,PS4,2015.0,Strategy,Sony Computer Entertainment,0.04,0.01,0.01,0.01,0.07
3584,Honor Duty: Remastered,PS4,2015.0,Action,,0.02,0.02,0.01,0.02,0.07
3585,Conquest Fairways: Revolution,N64,2005.0,Sports,Take-Two Interactive,0.03,0.03,0.0,0.01,0.07
3586,Chronicles of Shadows,GBA,2001.0,Platform,Namco Bandai Games,0.04,0.02,0.01,0.0,0.07
3587,Empires Depths 3,SNES,2000.0,Role-Playing,Nintendo,0.03,0.01,0.02,0.01,0.07
3588,Shadow of Heroes: Revolution,SNES,1997.0,Adventure,2K Games,0.03,0.03,0.01,0.0,0.07
3589,Age of Champions,DS,2008.0,Adventure,Atari,0.04,0.02,0.0,0.01,0.07
3590,Shadow of Depths: Revolution,DS,2012.0,Role-Playing,THQ,0.03,0.02,0.01,0.01,0.07
3591,Conquest Skies,PSP,2005.0,Action,Konami Digital Entertainment,0.02,0.03,0.01,0.01,0.07
3592,Champions Frontier,3DS,2014.0,Action,Konami Digital Entertainment,0.04,0.02,0.01,0.0,0.07
3593,Skies Skies: Origins,GC,2013.0,Role-Playing,Epic Games,0.03,0.01,0.02,0.01,0.07
3594,Call of Valor III,GC,2008.0,Strategy,Sony Computer Entertainment,0.02,0.02,0.02,0.01,0.07
3595,Quest for Titans,PSP,2009.0,Role-Playing,Capcom,0.02,0.02,0.02,0.01,0.07
3596,Kingdom of Odyssey III,N64,2008.0,Strategy,CD Projekt,0.03,0.01,0.02,0.01,0.07
3597,Tales of Valor,3DS,2015.0,Sports,Electronic Arts,0.03,0.03,0.0,0.01,0.07
3598,Fall of Champions III,SNES,1995.0,Role-Playing,Sega,0.03,0.03,0.01,0.0,0.07
3599,Destiny Titans: Remastered,PSP,2015.0,Shooter,Activision,0.02,0.02,0.01,0.02,0.07
3600,Kingdom of Odyssey,3DS,2020.0,Shooter,Take-Two Interactive,0.02,0.03,0.01,0.01,0.07
3601,Depths Champions 3,N64,1998.0,Platform,Take-Two Interactive,0.02,0.03,0.01,0.01,0.07
3602,Legend of Valor III,GB,2002.0,Strategy,Take-Two Interactive,0.03,0.02,0.01,0.01,0.07
3603,Saga of Titans 2,Switch,2017.0,Fighting,Take-Two Interactive,0.02,0.03,0.01,0.01,0.07
3604,Kingdom of Fairways II,PS3,2006.0,Role-Playing,Square Enix,0.02,0.01,0.03,0.01,0.07
3605,Saga of Warriors: Next Gen,WiiU,2014.0,Puzzle,Warner Bros. Interactive,0.02,0.02,0.01,0.02,0.07
3606,Depths Shadows: Revolution,PC,1999.0,Role-Playing,THQ,0.03,0.02,0.02,0.0,0.07
3607,Heroes Arena Gold Edition,PS3,2008.0,Adventure,Sony Computer Entertainment,0.04,0.02,0.0,0.01,0.07
3608,Age of Duty Gold Edition,Switch,2017.0,Fighting,Warner Bros. Interactive,0.02,0.03,0.01,0.01,0.07
3609,Fall of Frontier 2,PS4,2019.0,Racing,Disney Interactive Studios,0.03,0.02,0.01,0.01,0.07
3610,Tales of Destiny 2,XOne,2020.0,Sports,Sega,0.05,0.0,0.01,0.01,0.07
3611,Saga of Frontier,Wii,2006.0,Sports,THQ,0.01,0.03,0.01,0.02,0.07
3612,Rebellion Legends III,PS2,2007.0,Fighting,Activision,0.02,0.03,0.01,0.01,0.07
3613,Storm Frontier Gold Edition,XB,2007.0,Adventure,Sega,0.02,0.03,0.01,0.01,0.07
3614,Call of Legends Gold Edition,3DS,2015.0,Adventure,Sega,0.04,0.01,0.01,0.01,0.07
3615,Legends Storm: Revolution,SNES,1999.0,Misc,Atari,0.01,0.03,0.01,0.02,0.07
3616,Rebellion Depths: Revolution,PS2,2002.0,Adventure,CD Projekt,0.02,0.03,0.01,0.01,0.07
3617,Valor Storm,SNES,2006.0,Puzzle,Atari,0.04,0.02,0.01,0.0,0.07
3618,Fury Empires: Reborn,PS3,2015.0,Adventure,Capcom,0.02,0.03,0.01,0.01,0.07
3619,Realm of Rebellion Gold Edition,PSV,2012.0,Sports,CD Projekt,0.04,0.03,0.0,0.0,0.07
3620,Chronicles of Glory,XOne,2016.0,Adventure,Warner Bros. Interactive,0.02,0.01,0.01,0.03,0.07
3621,Shadows Frontier,Wii,2016.0,Platform,Atari,0.03,0.01,0.02,0.01,0.07
3622,Valor Rebellion: Reborn,DS,2007.0,Simulation,Microsoft Game Studios,0.03,0.03,0.01,0.0,0.07
3623,Conquest Honor III,PC,1998.0,Role-Playing,Disney Interactive Studios,0.03,0.02,0.02,0.0,0.07
3624,Rise of Racing Stars: Next Gen,X360,2014.0,Shooter,Activision,0.04,0.01,0.0,0.02,0.07
3625,Legend of Shadows Gold Edition,XOne,2015.0,Adventure,Square Enix,0.04,0.02,0.01,0.0,0.07
3626,Quest for Empires Gold Edition,X360,2008.0,Role-Playing,Bethesda Softworks,0.01,0.01,0.03,0.02,0.07
3627,Dragons Fairways: Reborn,PSV,2015.0,Role-Playing,2K Games,0.03,0.01,0.03,0.0,0.07
3628,Kingdom of Nations,PS3,2017.0,Misc,Capcom,0.03,0.01,0.02,0.01,0.07
3629,Destiny Fairways: Revolution,N64,2002.0,Puzzle,Nintendo,0.03,0.02,0.01,0.01,0.07
3630,Duty Valor: Origins,SNES,2000.0,Misc,Warner Bros. Interactive,0.03,0.01,0.01,0.02,0.07
3631,Legends Skies: Next Gen,X360,2005.0,Simulation,Capcom,0.02,0.02,0.02,0.01,0.07
3632,Odyssey Empires: Reborn,PS,2009.0,Role-Playing,Capcom,0.04,0.01,0.02,0.0,0.07
3633,Empire of Fairways 3,SNES,2004.0,Platform,2K Games,0.04,0.02,0.0,0.01,0.07
3634,Nations Skies: Revolution,GC,2013.0,Puzzle,Sega,0.03,0.02,0.01,0.01,0.07
3635,Age of Dragons: Next Gen,GBA,2003.0,Adventure,CD Projekt,0.03,0.02,0.01,0.01,0.07
3636,Heroes Glory: Origins,WiiU,2012.0,Shooter,,0.05,0.01,0.0,0.01,0.07
3637,Battle for Heroes: Next Gen,GB,2000.0,Action,Disney Interactive Studios,0.04,0.02,0.01,0.0,0.07
3638,Shadow of Depths III,PS2,2003.0,Action,Atari,0.02,0.03,0.01,0.01,0.07
3639,Empire of Valor,3DS,2012.0,Fighting,Konami Digital Entertainment,0.02,0.03,0.01,0.01,0.07
3640,Battle for Odyssey 3,PS4,2019.0,Sports,Capcom,0.04,0.02,0.0,0.01,0.07
3641,Kingdom of Nations Gold Edition,X360,2005.0,Adventure,Warner Bros. Interactive,0.04,0.02,0.01,0.0,0.07
3642,Honor Valor: Revolution,XB,2005.0,Sports,Take-Two Interactive,0.04,0.02,0.0,0.01,0.07
3643,Fall of Dragons: Revolution,GBA,2003.0,Simulation,Sega,0.03,0.02,0.01,0.01,0.07
3644,Chronicles of Heroes,N64,2006.0,Platform,Namco Bandai Games,0.02,0.01,0.01,0.03,0.07
3645,Conquest Fairways,PC,2003.0,Fighting,Bethesda Softworks,0.04,0.02,0.01,0.0,0.07
3646,Titans Honor: Origins,N64,2002.0,Racing,Microsoft Game Studios,0.02,0.03,0.01,0.01,0.07
3647,Tales of Valor: Revolution,DS,2011.0,Sports,Electronic Arts,0.04,0.02,0.0,0.01,0.07
3648,Legend of Warriors 3,WiiU,2012.0,Misc,Sega,0.03,0.02,0.01,0.01,0.07
3649,Battle for Skies: Origins,PC,2002.0,Role-Playing,,0.01,0.01,0.03,0.02,0.07
3650,Rise of Gridiron,PSV,2014.0,Puzzle,Epic Games,0.02,0.02,0.01,0.02,0.07
3651,Shadow of Depths III,PS2,2006.0,Adventure,Square Enix,0.03,0.02,0.01,0.01,0.07
3652,Empire of Warriors 2,GC,2009.0,Shooter,Activision,0.02,0.03,0.0,0.02,0.07
3653,World of Nations,PSV,2013.0,Fighting,Namco Bandai Games,0.05,0.01,0.0,0.01,0.07
3654,World of Heroes,PS2,2008.0,Simulation,2K Games,0.03,0.02,0.01,0.01,0.07
3655,Empires Empires II,DS,2014.0,Sports,Konami Digital Entertainment,0.04,0.01,0.0,0.02,0.07
3656,Fury Destiny III,GC,2012.0,Platform,Warner Bros. Interactive,0.04,0.02,0.0,0.01,0.07
3657,Frontier Shadows 2,PS3,2007.0,Platform,Microsoft Game Studios,0.03,0.02,0.01,0.01,0.07
3658,Rise of Odyssey III,PS3,2006.0,Action,Warner Bros. Interactive,0.02,0.03,0.01,0.01,0.07
3659,Gridiron Conquest 3,X360,2017.0,Sports,Sega,0.03,0.03,0.0,0.01,0.07
3660,Realm of Heroes III,SNES,1999.0,Sports,Disney Interactive Studios,0.02,0.02,0.0,0.02,0.06
3661,World of Duty,PS,2001.0,Action,Atari,0.02,0.02,0.01,0.01,0.06
3662,Racing Stars Gridiron,XB,2007.0,Fighting,Microsoft Game Studios,0.02,0.02,0.01,0.01,0.06
3663,Fall of Shadows,GB,1997.0,Platform,CD Projekt,0.03,0.01,0.01,0.01,0.06
3664,Battle for Shadows: Reborn,PS4,2020.0,Shooter,Activision,0.04,0.01,0.0,0.01,0.06
3665,Battle for Storm: Remastered,GC,2012.0,Role-Playing,Nintendo,0.0,0.01,0.04,0.01,0.06
3666,Quest for Conquest II,PSP,2005.0,Shooter,Activision,0.04,0.01,0.0,0.01,0.06
3667,Destiny Legends III,WiiU,2016.0,Action,Sony Computer Entertainment,0.02,0.02,0.01,0.01,0.06
3668,Storm Empires,SNES,1999.0,Adventure,Namco Bandai Games,0.02,0.02,0.01,0.01,0.06
3669,Champions Dragons,N64,2004.0,Strategy,THQ,0.02,0.02,0.01,0.01,0.06
3670,Chronicles of Skies: Reborn,X360,2014.0,Racing,Capcom,0.04,0.01,0.0,0.01,0.06
3671,Duty Legends: Reborn,PSV,2019.0,Adventure,CD Projekt,0.04,0.02,0.0,0.0,0.06
3672,Age of Conquest: Next Gen,DS,2009.0,Simulation,Activision,0.01,0.02,0.02,0.01,0.06
3673,Empire of Destiny,GC,2005.0,Misc,Take-Two Interactive,0.03,0.02,0.01,0.0,0.06
3674,Saga of Gridiron Gold Edition,Switch,2020.0,Puzzle,Nintendo,0.02,0.02,0.01,0.01,0.06
3675,Racing Stars Valor: Next Gen,PS3,2012.0,Sports,Konami Digital Entertainment,0.04,0.01,0.0,0.01,0.06
3676,Rise of Honor 3,PSP,2013.0,Simulation,THQ,0.03,0.01,0.01,0.01,0.06
3677,Tales of Fairways 3,WiiU,2019.0,Platform,2K Games,0.03,0.02,0.01,0.0,0.06
3678,Fury Honor: Next Gen,Wii,2008.0,Platform,Nintendo,0.03,0.02,0.01,0.0,0.06
3679,Racing Stars Rebellion II,N64,1997.0,Fighting,Sony Computer Entertainment,0.04,0.01,0.01,0.0,0.06
3680,Tales of Destiny: Origins,GC,2001.0,Fighting,Epic Games,0.03,0.02,0.01,0.0,0.06
3681,Tales of Glory: Reborn,X360,2013.0,Racing,Warner Bros. Interactive,0.04,0.02,0.0,0.0,0.06
3682,Empires Titans III,3DS,2013.0,Adventure,Square Enix,0.03,0.02,0.0,0.01,0.06
3683,Realm of Skies III,PS,2003.0,Adventure,Sega,0.03,0.01,0.01,0.01,0.06
3684,Call of Rebellion: Next Gen,SNES,2005.0,Sports,Capcom,0.03,0.01,0.0,0.02,0.06
3685,Legend of Dragons 2,DS,2009.0,Adventure,Square Enix,0.02,0.03,0.0,0.01,0.06
3686,Quest for Heroes,GB,1999.0,Shooter,Sony Computer Entertainment,0.02,0.02,0.0,0.02,0.06
3687,Skies Legends: Origins,GB,1997.0,Action,Activision,0.02,0.01,0.02,0.01,0.06
3688,Realm of Fury Gold Edition,N64,2008.0,Puzzle,Take-Two Interactive,0.02,0.03,0.01,0.0,0.06
3689,Racing Stars Racing Stars: Origins,PS,1996.0,Shooter,Electronic Arts,0.04,0.01,0.0,0.01,0.06
3690,Frontier Warriors 2,SNES,2006.0,Action,2K Games,0.02,0.01,0.02,0.01,0.06
3691,Kingdom of Rebellion III,PC,1998.0,Sports,Konami Digital Entertainment,0.04,0.01,0.0,0.01,0.06
3692,Rebellion Rebellion: Next Gen,3DS,2018.0,Action,Konami Digital Entertainment,0.02,0.01,0.01,0.02,0.06
3693,Odyssey Racing Stars: Revolution,PSV,2013.0,Role-Playing,Square Enix,0.01,0.01,0.02,0.02,0.06
3694,Saga of Nations II,XOne,2015.0,Adventure,Square Enix,0.02,0.01,0.02,0.01,0.06
3695,Age of Dragons,GBA,2005.0,Fighting,,0.03,0.02,0.01,0.0,0.06
3696,Depths Titans,PS4,2013.0,Racing,Ubisoft,0.03,0.02,0.0,0.01,0.06
3697,Destiny Skies,PS2,2007.0,Fighting,Konami Digital Entertainment,0.02,0.02,0.01,0.01,0.06
3698,Tales of Warriors II,GB,2002.0,Fighting,Capcom,0.04,0.01,0.01,0.0,0.06
3699,Glory Duty III,XB,2009.0,Simulation,Sega,0.03,0.01,0.01,0.01,0.06
3700,Valor Odyssey: Next Gen,PSP,2005.0,Shooter,Electronic Arts,0.02,0.03,0.01,0.0,0.06
3701,Champions Destiny,XOne,2020.0,Action,Sony Computer Entertainment,0.03,0.01,0.01,0.01,0.06
3702,Empire of Skies,Wii,2010.0,Platform,Warner Bros. Interactive,0.02,0.01,0.02,0.01,0.06
3703,Storm Gridiron: Reborn,GB,1997.0,Adventure,CD Projekt,0.03,0.01,0.01,0.01,0.06
3704,Battle for Fury: Next Gen,Switch,2020.0,Platform,Namco Bandai Games,0.03,0.01,0.01,0.01,0.06
3705,Chronicles of Racing Stars: Origins,GBA,2006.0,Strategy,Atari,0.04,0.01,0.01,0.0,0.06
3706,Empire of Depths,XB,2010.0,Racing,Take-Two Interactive,0.03,0.02,0.0,0.01,0.06
3707,Call of Valor: Remastered,GBA,2003.0,Action,Nintendo,0.03,0.02,0.01,0.0,0.06
3708,Odyssey Fairways Gold Edition,PS2,2007.0,Shooter,Sony Computer Entertainment,0.04,0.01,0.0,0.01,0.06
3709,Age of Odyssey: Reborn,3DS,2018.0,Fighting,Bethesda Softworks,0.03,0.01,0.01,0.01,0.06
3710,Tales of Valor: Origins,WiiU,2017.0,Sports,Sony Computer Entertainment,0.04,0.02,0.0,0.0,0.06
3711,Arena Depths: Reborn,SNES,1999.0,Puzzle,Nintendo,0.01,0.02,0.02,0.01,0.06
3712,Tales of Champions 2,DS,2010.0,Shooter,Electronic Arts,0.03,0.02,0.0,0.01,0.06
3713,Legends Nations: Reborn,WiiU,2015.0,Strategy,Warner Bros. Interactive,0.03,0.01,0.01,0.01,0.06
3714,Destiny Rebellion,GC,2008.0,Adventure,Atari,0.02,0.02,0.01,0.01,0.06
3715,Legend of Fairways 2,3DS,2015.0,Adventure,Namco Bandai Games,0.03,0.02,0.0,0.01,0.06
3716,Dragons Warriors II,DS,2011.0,Simulation,2K Games,0.02,0.03,0.01,0.0,0.06
3717,Titans Frontier: Next Gen,Switch,2018.0,Adventure,Electronic Arts,0.02,0.02,0.01,0.01,0.06
3718,Empires Destiny: Origins,3DS,,Shooter,Sony Computer Entertainment,0.02,0.02,0.01,0.01,0.06
3719,Glory Arena: Revolution,PSV,2017.0,Role-Playing,Ubisoft,0.01,0.01,0.03,0.01,0.06
3720,Skies Shadows Gold Edition,PS4,2013.0,Adventure,Warner Bros. Interactive,0.02,0.02,0.01,0.01,0.06
3721,Call of Gridiron: Origins,GB,1997.0,Role-Playing,Nintendo,0.01,0.01,0.03,0.01,0.06
3722,Heroes Glory III,GB,2005.0,Adventure,Electronic Arts,0.03,0.01,0.01,0.01,0.06
3723,Titans Storm 2,GB,2001.0,Shooter,THQ,0.04,0.01,0.01,0.0,0.06
3724,Champions Titans: Revolution,GC,2004.0,Puzzle,Electronic Arts,0.02,0.02,0.01,0.01,0.06
3725,World of Duty,GBA,2004.0,Platform,Take-Two Interactive,0.03,0.01,0.0,0.02,0.06
3726,Titans Champions: Origins,GBA,2002.0,Action,Bethesda Softworks,0.04,0.01,0.0,0.01,0.06
3727,Chronicles of Glory: Revolution,PS3,2007.0,Action,Nintendo,0.01,0.02,0.01,0.02,0.06
3728,Titans Fairways III,SNES,1994.0,Role-Playing,Square Enix,0.01,0.02,0.02,0.01,0.06
3729,Glory Empires,PS,2008.0,Action,Electronic Arts,0.01,0.03,0.01,0.01,0.06
3730,Storm Duty II,XB,2004.0,Fighting,Ubisoft,0.01,0.02,0.01,0.02,0.06
3731,Realm of Legends 2,3DS,2013.0,Adventure,Take-Two Interactive,0.03,0.01,0.01,0.01,0.06
3732,Empires Conquest 2,N64,2001.0,Role-Playing,Activision,0.03,0.01,0.02,0.0,0.06
3733,Heroes Racing Stars III,3DS,2011.0,Puzzle,CD Projekt,0.02,0.02,0.01,0.01,0.06
3734,Quest for Duty: Origins,3DS,2017.0,Action,Activision,0.03,0.02,0.0,0.01,0.06
3735,Empire of Glory III,PS3,2014.0,Sports,Sega,0.05,0.01,0.0,0.0,0.06
3736,Kingdom of Gridiron: Revolution,Wii,2016.0,Shooter,Capcom,0.02,0.02,0.01,0.01,0.06
3737,Call of Titans: Reborn,XB,2001.0,Strategy,Activision,0.04,0.02,0.0,0.0,0.06
3738,Glory Depths 3,3DS,2011.0,Action,Microsoft Game Studios,0.04,0.01,0.01,0.0,0.06
3739,Fairways Storm 2,X360,,Adventure,Atari,0.04,0.02,0.0,0.0,0.06
3740,Frontier Shadows III,GC,2011.0,Shooter,Epic Games,0.02,0.03,0.0,0.01,0.06
3741,Legend of Odyssey,WiiU,2013.0,Action,Capcom,0.03,0.02,0.01,0.0,0.06
3742,Nations Storm: Reborn,WiiU,2012.0,Sports,Konami Digital Entertainment,0.04,0.01,0.0,0.01,0.06
3743,Destiny Storm: Origins,3DS,2014.0,Role-Playing,Konami Digital Entertainment,0.01,0.01,0.03,0.01,0.06
3744,Empire of Dragons: Remastered,GC,2011.0,Strategy,Ubisoft,0.02,0.02,0.01,0.01,0.06
3745,Skies Warriors Gold Edition,XOne,2013.0,Adventure,Disney Interactive Studios,0.03,0.01,0.01,0.01,0.06
3746,Realm of Racing Stars 3,Wii,2006.0,Action,Activision,0.01,0.01,0.03,0.01,0.06
3747,Rebellion Warriors: Origins,N64,2002.0,Strategy,Namco Bandai Games,0.01,0.02,0.02,0.01,0.06
3748,Heroes Fury,XB,2002.0,Puzzle,Konami Digital Entertainment,0.02,0.03,0.01,0.0,0.06
3749,Call of Dragons 2,X360,2015.0,Action,Epic Games,0.03,0.02,0.0,0.01,0.06
3750,Tales of Depths: Remastered,XB,2010.0,Puzzle,Atari,0.02,0.03,0.01,0.0,0.06
3751,Kingdom of Fairways III,PSP,2008.0,Shooter,Disney Interactive Studios,0.04,0.01,0.0,0.01,0.06
3752,Fury Skies 2,GBA,2008.0,Strategy,Disney Interactive Studios,0.02,0.02,0.01,0.01,0.06
3753,Nations Legends II,XOne,2015.0,Sports,Sony Computer Entertainment,0.03,0.02,0.0,0.01,0.06
3754,Destiny Racing Stars: Remastered,N64,,Adventure,Electronic Arts,0.03,0.02,0.0,0.01,0.06
3755,Valor Empires II,PC,2002.0,Strategy,Microsoft Game Studios,0.04,0.01,0.01,0.0,0.06
3756,Realm of Racing Stars 3,X360,2016.0,Adventure,Square Enix,0.02,0.03,0.01,0.0,0.06
3757,Empire of Odyssey,GB,2001.0,Shooter,Activision,0.04,0.01,0.01,0.0,0.06
3758,Rise of Dragons: Revolution,DS,2006.0,Platform,Disney Interactive Studios,0.02,0.01,0.01,0.02,0.06
3759,Legend of Duty: Revolution,X360,2008.0,Racing,Bethesda Softworks,0.04,0.02,0.0,0.0,0.06
3760,Arena Champions 3,X360,2007.0,Strategy,Ubisoft,0.04,0.01,0.01,0.0,0.06
3761,Rebellion Dragons,XOne,2015.0,Role-Playing,Sega,0.02,0.02,0.02,0.0,0.06
3762,Realm of Racing Stars: Next Gen,XOne,2018.0,Fighting,Sega,0.03,0.01,0.01,0.01,0.06
3763,Saga of Titans,GBA,2007.0,Shooter,Activision,0.04,0.02,0.0,0.0,0.06
3764,Shadow of Odyssey: Next Gen,PSP,2012.0,Strategy,Microsoft Game Studios,0.02,0.02,0.0,0.02,0.06
3765,Heroes Titans: Revolution,DS,2008.0,Role-Playing,THQ,0.01,0.02,0.02,0.01,0.06
3766,Dragons Shadows 2,PS4,2018.0,Platform,Microsoft Game Studios,0.03,0.01,0.01,0.01,0.06
3767,Realm of Valor 3,PC,1995.0,Role-Playing,Square Enix,0.02,0.02,0.02,0.0,0.06
3768,Quest for Storm,GBA,2006.0,Strategy,Atari,0.03,0.02,0.0,0.01,0.06
3769,Empire of Heroes: Revolution,PS2,2003.0,Adventure,2K Games,0.04,0.01,0.0,0.01,0.06
3770,Skies Empires: Remastered,GBA,2009.0,Adventure,Take-Two Interactive,0.01,0.02,0.02,0.01,0.06
3771,Quest for Valor: Remastered,GC,2011.0,Puzzle,Namco Bandai Games,0.03,0.01,0.02,0.0,0.06
3772,Champions Heroes: Remastered,Switch,2017.0,Strategy,THQ,0.02,0.02,0.01,0.01,0.06
3773,Saga of Glory,PC,1997.0,Misc,Microsoft Game Studios,0.01,0.03,0.01,0.01,0.06
3774,Dragons Nations: Origins,PS4,2020.0,Platform,Konami Digital Entertainment,0.02,0.02,0.01,0.01,0.06
3775,Skies Odyssey: Origins,XB,2009.0,Adventure,Atari,0.03,0.01,0.01,0.01,0.06
3776,Age of Empires: Origins,SNES,1997.0,Simulation,Disney Interactive Studios,0.03,0.02,0.01,0.0,0.06
3777,Battle for Fury: Next Gen,GB,2002.0,Puzzle,Microsoft Game Studios,0.02,0.02,0.01,0.01,0.06
3778,Rebellion Titans,Switch,2018.0,Simulation,Warner Bros. Interactive,0.05,0.01,0.0,0.0,0.06
3779,Chronicles of Depths,3DS,2019.0,Misc,THQ,0.01,0.02,0.01,0.02,0.06
3780,Valor Dragons: Next Gen,GBA,2009.0,Puzzle,Microsoft Game Studios,0.04,0.0,0.01,0.01,0.06
3781,Empire of Rebellion,DS,2012.0,Simulation,2K Games,0.03,0.02,0.01,0.0,0.06
3782,Titans Honor: Remastered,GC,2001.0,Platform,Nintendo,0.03,0.02,0.0,0.01,0.06
3783,Heroes Storm: Origins,DS,2004.0,Action,Take-Two Interactive,0.03,0.02,0.0,0.01,0.06
3784,Warriors Warriors 3,PC,1998.0,Sports,Konami Digital Entertainment,0.04,0.01,0.0,0.01,0.06
3785,Age of Storm: Reborn,PS2,2006.0,Adventure,Capcom,0.03,0.01,0.01,0.01,0.06
3786,Fury Conquest Gold Edition,WiiU,2020.0,Platform,Atari,0.02,0.03,0.0,0.01,0.06
3787,Shadow of Skies: Revolution,PS3,2011.0,Racing,Warner Bros. Interactive,0.02,0.02,0.01,0.01,0.06
3788,Gridiron Valor: Reborn,XB,2003.0,Action,Nintendo,0.04,0.01,0.01,0.0,0.06
3789,Destiny Frontier,WiiU,2020.0,Puzzle,Take-Two Interactive,0.02,0.03,0.0,0.01,0.06
3790,World of Skies,PC,1995.0,Sports,Electronic Arts,0.03,0.02,0.0,0.01,0.06
3791,Legend of Honor: Next Gen,PS4,2014.0,Sports,Microsoft Game Studios,0.03,0.02,0.0,0.01,0.06
3792,Shadows Valor 3,Switch,2019.0,Adventure,Sony Computer Entertainment,0.02,0.02,0.01,0.01,0.06
3793,Shadow of Odyssey: Reborn,X360,2006.0,Action,Nintendo,0.03,0.01,0.01,0.01,0.06
3794,Call of Skies: Next Gen,PSV,2014.0,Role-Playing,Konami Digital Entertainment,0.02,0.02,0.01,0.01,0.06
3795,Quest for Skies 3,PC,2002.0,Sports,Microsoft Game Studios,0.03,0.02,0.0,0.01,0.06
3796,Age of Champions: Remastered,PS4,2017.0,Platform,Sony Computer Entertainment,0.01,0.01,0.01,0.03,0.06
3797,Storm Honor: Reborn,XB,2010.0,Puzzle,2K Games,0.03,0.02,0.01,0.0,0.06
3798,Kingdom of Skies: Origins,WiiU,2017.0,Adventure,Sony Computer Entertainment,0.01,0.02,0.01,0.02,0.06
3799,Titans Heroes 3,DS,2007.0,Action,Sega,0.03,0.02,0.01,0.0,0.06
3800,Racing Stars Titans,PS3,2011.0,Role-Playing,Square Enix,0.02,0.02,0.02,0.0,0.06
3801,Storm Champions,SNES,2004.0,Role-Playing,Square Enix,0.0,0.01,0.03,0.02,0.06
3802,Glory Destiny: Next Gen,XB,2002.0,Adventure,Sega,0.01,0.04,0.0,0.01,0.06
3803,World of Storm: Reborn,GB,2000.0,Shooter,Atari,0.02,0.02,0.0,0.02,0.06
3804,Arena Gridiron III,N64,2007.0,Shooter,Nintendo,0.03,0.02,0.0,0.01,0.06
3805,Age of Glory: Remastered,XB,2003.0,Puzzle,Nintendo,0.02,0.02,0.01,0.01,0.06
3806,Age of Titans,DS,2010.0,Racing,Take-Two Interactive,0.02,0.02,0.01,0.01,0.06
3807,Quest for Fairways III,Wii,2008.0,Fighting,Ubisoft,0.02,0.03,0.01,0.0,0.06
3808,Duty Depths 3,PS,2001.0,Puzzle,2K Games,0.02,0.02,0.01,0.01,0.06
3809,Storm Storm III,XOne,2015.0,Strategy,THQ,0.01,0.02,0.01,0.02,0.06
3810,Skies Destiny,PSP,2014.0,Misc,Sony Computer Entertainment,0.03,0.01,0.01,0.01,0.06
3811,Conquest Destiny: Origins,PS2,2001.0,Fighting,Sony Computer Entertainment,0.02,0.03,0.0,0.01,0.06
3812,Warriors Nations: Next Gen,PS2,2003.0,Action,Namco Bandai Games,0.03,0.01,0.01,0.01,0.06
3813,Chronicles of Shadows III,PS,1998.0,Shooter,Electronic Arts,0.04,0.01,0.0,0.01,0.06
3814,Age of Rebellion,GC,2001.0,Fighting,THQ,0.04,0.01,0.0,0.01,0.06
3815,Rise of Honor,PSV,2017.0,Sports,Sony Computer Entertainment,0.02,0.02,0.0,0.02,0.06
3816,Honor Conquest 3,PS2,2006.0,Role-Playing,Square Enix,0.0,0.02,0.03,0.01,0.06
3817,Kingdom of Depths,3DS,2011.0,Platform,2K Games,0.03,0.01,0.01,0.01,0.06
3818,Quest for Champions,WiiU,2018.0,Sports,Konami Digital Entertainment,0.03,0.02,0.0,0.01,0.06
3819,Shadows Storm 3,DS,2006.0,Shooter,Square Enix,0.02,0.02,0.01,0.01,0.06
3820,Legend of Honor: Next Gen,SNES,,Simulation,Disney Interactive Studios,0.02,0.01,0.02,0.01,0.06
3821,Fall of Empires: Remastered,PS,2001.0,Role-Playing,Square Enix,0.01,0.03,0.01,0.01,0.06
3822,Racing Stars Conquest: Origins,X360,2010.0,Adventure,CD Projekt,0.04,0.01,0.01,0.0,0.06
3823,Honor Warriors: Revolution,PS3,2012.0,Adventure,CD Projekt,0.02,0.02,0.01,0.01,0.06
3824,Call of Warriors: Remastered,Wii,2008.0,Action,Bethesda Softworks,0.02,0.02,0.01,0.01,0.06
3825,Age of Depths: Next Gen,XB,2008.0,Racing,2K Games,0.03,0.02,0.0,0.01,0.06
3826,Fairways Titans: Reborn,PS4,2015.0,Shooter,Warner Bros. Interactive,0.04,0.01,0.0,0.01,0.06
3827,Quest for Fairways: Next Gen,N64,2004.0,Puzzle,Capcom,0.02,0.01,0.02,0.01,0.06
3828,Honor Fury,PS3,2010.0,Adventure,Capcom,0.02,0.02,0.01,0.01,0.06
3829,Legend of Honor,SNES,1996.0,Sports,Konami Digital Entertainment,0.02,0.02,0.01,0.01,0.06
3830,Arena Valor: Reborn,XOne,2020.0,Role-Playing,Sega,0.03,0.0,0.02,0.01,0.06
3831,World of Heroes: Next Gen,GC,2010.0,Simulation,Warner Bros. Interactive,0.03,0.01,0.01,0.01,0.06
3832,World of Skies Gold Edition,GBA,2002.0,Strategy,Atari,0.03,0.01,0.01,0.01,0.06
3833,Empires Gridiron: Reborn,PSV,2015.0,Strategy,2K Games,0.01,0.03,0.01,0.01,0.06
3834,Kingdom of Conquest,PC,1995.0,Platform,THQ,0.03,0.02,0.01,0.0,0.06
3835,Chronicles of Skies: Reborn,SNES,1994.0,Platform,Sega,0.04,0.0,0.02,0.0,0.06
3836,Tales of Glory Gold Edition,PS4,2016.0,Fighting,Capcom,0.02,0.02,0.02,0.0,0.06
3837,Heroes Fury,PS3,2011.0,Racing,CD Projekt,0.04,0.01,0.0,0.01,0.06
3838,Rise of Fury: Next Gen,PS2,2008.0,Simulation,Disney Interactive Studios,0.02,0.02,0.01,0.01,0.06
3839,World of Heroes,PSV,2011.0,Fighting,Atari,0.03,0.02,0.01,0.0,0.06
3840,Titans Depths: Remastered,X360,2011.0,Adventure,Square Enix,0.02,0.02,0.01,0.01,0.06
3841,Nations Frontier Gold Edition,PS,1996.0,Platform,2K Games,0.01,0.02,0.01,0.02,0.06
3842,Rebellion Racing Stars II,PSP,2007.0,Puzzle,Microsoft Game Studios,0.02,0.03,0.01,0.0,0.06
3843,Warriors Gridiron Gold Edition,Switch,2018.0,Simulation,2K Games,0.03,0.01,0.01,0.01,0.06
3844,Chronicles of Legends,PSV,2015.0,Platform,Namco Bandai Games,0.02,0.03,0.0,0.01,0.06
3845,World of Gridiron: Next Gen,GBA,2008.0,Misc,Namco Bandai Games,0.02,0.01,0.02,0.01,0.06
3846,Heroes Shadows: Remastered,PSV,2011.0,Sports,Bethesda Softworks,0.04,0.01,0.0,0.01,0.06
3847,Call of Nations: Remastered,PS4,2019.0,Misc,THQ,0.02,0.02,0.01,0.01,0.06
3848,Chronicles of Legends: Reborn,DS,2014.0,Sports,Atari,0.05,0.01,0.0,0.0,0.06
3849,Depths Rebellion: Remastered,PSP,2015.0,Fighting,Konami Digital Entertainment,0.03,0.02,0.0,0.01,0.06
3850,Arena Dragons 3,Wii,2015.0,Misc,Square Enix,0.04,0.01,0.01,0.0,0.06
3851,World of Frontier 2,XB,2002.0,Platform,Electronic Arts,0.02,0.02,0.01,0.01,0.06
3852,Battle for Duty II,GB,2001.0,Fighting,Microsoft Game Studios,0.02,0.02,0.01,0.01,0.06
3853,Chronicles of Odyssey Gold Edition,Wii,2013.0,Adventure,Electronic Arts,0.03,0.01,0.01,0.01,0.06
3854,Nations Conquest,Wii,2014.0,Role-Playing,CD Projekt,0.02,0.01,0.03,0.0,0.06
3855,Fall of Arena: Reborn,DS,2005.0,Role-Playing,Microsoft Game Studios,0.03,0.02,0.01,0.0,0.06
3856,Age of Valor 3,GBA,2005.0,Misc,2K Games,0.02,0.02,0.01,0.01,0.06
3857,Duty Odyssey: Revolution,DS,2008.0,Fighting,Capcom,0.03,0.02,0.01,0.0,0.06
3858,Odyssey Glory,N64,2008.0,Simulation,Namco Bandai Games,0.02,0.01,0.02,0.01,0.06
3859,Age of Valor: Revolution,PSV,2014.0,Shooter,Take-Two Interactive,0.04,0.01,0.0,0.01,0.06
3860,Empire of Legends,PS,1999.0,Role-Playing,Capcom,0.02,0.02,0.02,0.0,0.06
3861,Quest for Racing Stars,PS,2006.0,Sports,Konami Digital Entertainment,0.04,0.02,0.0,0.0,0.06
3862,Age of Racing Stars 2,Wii,2015.0,Sports,Konami Digital Entertainment,0.04,0.01,0.0,0.01,0.06
3863,Destiny Duty: Remastered,3DS,2018.0,Role-Playing,CD Projekt,0.02,0.01,0.02,0.01,0.06
3864,Age of Dragons III,N64,2003.0,Simulation,2K Games,0.02,0.03,0.01,0.0,0.06
3865,Fall of Storm 2,GB,2005.0,Fighting,Konami Digital Entertainment,0.03,0.01,0.01,0.01,0.06
3866,Glory Valor III,PSV,2020.0,Misc,,0.02,0.01,0.01,0.02,0.06
3867,Empire of Legends,XOne,2019.0,Shooter,Sega,0.04,0.02,0.0,0.0,0.06
3868,Frontier Shadows: Revolution,PSP,2008.0,Platform,THQ,0.03,0.02,0.01,0.0,0.06
3869,Saga of Frontier II,XB,2007.0,Action,Ubisoft,0.03,0.02,0.0,0.01,0.06
3870,Kingdom of Valor,PS,,Misc,2K Games,0.02,0.02,0.01,0.01,0.06
3871,Age of Duty 2,GC,2009.0,Adventure,CD Projekt,0.03,0.02,0.01,0.0,0.06
3872,Rise of Nations 3,PS,2009.0,Adventure,Microsoft Game Studios,0.05,0.01,0.0,0.0,0.06
3873,Rise of Destiny II,DS,2009.0,Role-Playing,Nintendo,0.01,0.02,0.02,0.01,0.06
3874,Shadow of Champions,SNES,2005.0,Strategy,Microsoft Game Studios,0.04,0.02,0.0,0.0,0.06
3875,Rise of Shadows: Origins,XB,2005.0,Misc,THQ,0.03,0.02,0.0,0.01,0.06
3876,Duty Nations: Next Gen,GC,2013.0,Sports,Nintendo,0.03,0.02,0.0,0.01,0.06
3877,Nations Glory III,PSP,2005.0,Puzzle,Take-Two Interactive,0.03,0.02,0.0,0.01,0.06
3878,Kingdom of Arena: Reborn,XOne,2015.0,Shooter,Warner Bros. Interactive,0.03,0.02,0.0,0.01,0.06
3879,Legend of Storm,PS4,2017.0,Sports,Ubisoft,0.03,0.03,0.0,0.0,0.06
3880,Heroes Skies: Reborn,GBA,2001.0,Sports,Atari,0.02,0.03,0.0,0.01,0.06
3881,Titans Empires,PS2,2007.0,Misc,Microsoft Game Studios,0.02,0.03,0.01,0.0,0.06
3882,Chronicles of Racing Stars: Remastered,GB,2002.0,Role-Playing,THQ,0.03,0.0,0.03,0.0,0.06
3883,Age of Storm,XOne,2018.0,Action,Atari,0.01,0.02,0.02,0.01,0.06
3884,Dragons Champions,Switch,2019.0,Simulation,Electronic Arts,0.02,0.01,0.02,0.01,0.06
3885,Destiny Empires: Origins,GBA,2006.0,Platform,Bethesda Softworks,0.03,0.01,0.01,0.01,0.06
3886,Dragons Depths III,PS,2002.0,Action,Sony Computer Entertainment,0.02,0.02,0.01,0.01,0.06
3887,Realm of Fairways,PSV,2020.0,Shooter,Sega,0.03,0.01,0.01,0.01,0.06
3888,Legend of Racing Stars: Next Gen,PS4,2015.0,Adventure,CD Projekt,0.04,0.01,0.0,0.01,0.06
3889,Realm of Frontier II,PSV,2019.0,Platform,Square Enix,0.03,0.01,0.01,0.01,0.06
3890,Fall of Champions III,PS2,2002.0,Adventure,Capcom,0.02,0.02,0.01,0.01,0.06
3891,Kingdom of Titans Gold Edition,WiiU,2019.0,Racing,THQ,0.02,0.03,0.0,0.01,0.06
3892,Dragons Glory: Revolution,PS3,2013.0,Adventure,THQ,0.03,0.02,0.0,0.01,0.06
3893,Call of Racing Stars: Revolution,3DS,2014.0,Adventure,THQ,0.03,0.01,0.01,0.01,0.06
3894,Realm of Warriors,SNES,2001.0,Action,Ubisoft,0.03,0.02,0.0,0.01,0.06
3895,Dragons Duty 2,PS4,2018.0,Role-Playing,Square Enix,0.01,0.01,0.03,0.01,0.06
3896,Racing Stars Nations 3,PS4,2017.0,Fighting,Take-Two Interactive,0.02,0.03,0.0,0.01,0.06
3897,Rise of Storm: Remastered,PSV,2020.0,Misc,Microsoft Game Studios,0.02,0.02,0.0,0.02,0.06
3898,Realm of Skies,XOne,2016.0,Role-Playing,Nintendo,0.02,0.01,0.03,0.0,0.06
3899,Call of Glory: Origins,XB,2007.0,Shooter,Sony Computer Entertainment,0.03,0.02,0.0,0.01,0.06
3900,Rebellion Depths 3,N64,2002.0,Misc,Microsoft Game Studios,0.01,0.03,0.01,0.01,0.06
3901,Battle for Warriors,XOne,2013.0,Shooter,Bethesda Softworks,0.03,0.01,0.01,0.01,0.06
3902,Realm of Racing Stars Gold Edition,SNES,2005.0,Platform,Konami Digital Entertainment,0.02,0.02,0.02,0.0,0.06
3903,Titans Empires II,Wii,2010.0,Puzzle,Capcom,0.04,0.01,0.01,0.0,0.06
3904,Rise of Depths: Revolution,PS2,2005.0,Sports,Capcom,0.02,0.03,0.0,0.01,0.06
3905,Rise of Heroes,SNES,1997.0,Fighting,Activision,0.03,0.02,0.01,0.0,0.06
3906,Nations Nations: Remastered,DS,2004.0,Fighting,Atari,0.04,0.01,0.01,0.0,0.06
3907,Empire of Destiny III,PS2,2000.0,Puzzle,,0.03,0.01,0.01,0.01,0.06
3908,Valor Legends 3,PS4,2015.0,Role-Playing,Sega,0.01,0.02,0.03,0.0,0.06
3909,Fall of Legends 3,GBA,2009.0,Fighting,Konami Digital Entertainment,0.03,0.02,0.0,0.01,0.06
3910,Call of Racing Stars: Remastered,PSP,2011.0,Puzzle,Disney Interactive Studios,0.04,0.01,0.01,0.0,0.06
3911,Conquest Legends III,XOne,2018.0,Simulation,THQ,0.03,0.02,0.0,0.01,0.06
3912,Dragons Fury,PS2,2001.0,Fighting,Warner Bros. Interactive,0.02,0.02,0.01,0.01,0.06
3913,Quest for Shadows,Switch,2019.0,Platform,Activision,0.01,0.03,0.01,0.01,0.06
3914,Quest for Heroes: Reborn,GBA,,Simulation,Namco Bandai Games,0.02,0.03,0.0,0.01,0.06
3915,Warriors Duty,GB,2000.0,Action,Atari,0.04,0.01,0.0,0.01,0.06
3916,Valor Fury: Next Gen,DS,2012.0,Sports,Sega,0.02,0.02,0.01,0.01,0.06
3917,Honor Duty,X360,2011.0,Action,Epic Games,0.03,0.03,0.0,0.0,0.06
3918,Chronicles of Valor,DS,2010.0,Adventure,CD Projekt,0.02,0.01,0.01,0.02,0.06
3919,Heroes Warriors,PS,2004.0,Action,Capcom,0.03,0.02,0.01,0.0,0.06
3920,Honor Shadows 2,PC,2003.0,Role-Playing,Square Enix,0.02,0.01,0.02,0.01,0.06
3921,Conquest Valor 3,PS2,,Fighting,Namco Bandai Games,0.03,0.02,0.01,0.0,0.06
3922,Battle for Frontier,PS4,2015.0,Sports,Microsoft Game Studios,0.02,0.03,0.0,0.01,0.06
3923,Conquest Duty,PS4,2017.0,Shooter,Capcom,0.02,0.03,0.0,0.01,0.06
3924,Battle for Destiny: Remastered,3DS,2020.0,Fighting,Sony Computer Entertainment,0.02,0.03,0.0,0.01,0.06
3925,Chronicles of Skies III,GB,2004.0,Misc,Take-Two Interactive,0.03,0.01,0.01,0.01,0.06
3926,Dragons Odyssey,PS4,2019.0,Racing,Microsoft Game Studios,0.02,0.02,0.0,0.02,0.06
3927,Call of Champions,N64,2005.0,Fighting,Warner Bros. Interactive,0.02,0.02,0.01,0.01,0.06
3928,Empires Dragons: Remastered,PS3,2009.0,Misc,Microsoft Game Studios,0.03,0.01,0.02,0.0,0.06
3929,Champions Shadows,GB,1999.0,Fighting,Konami Digital Entertainment,0.03,0.02,0.01,0.0,0.06
3930,Fall of Champions 3,X360,2013.0,Fighting,Activision,0.02,0.03,0.01,0.0,0.06
3931,Shadow of Heroes II,PS,1996.0,Role-Playing,Bethesda Softworks,0.01,0.02,0.03,0.0,0.06
3932,Honor Arena: Remastered,PS2,2005.0,Action,Sega,0.03,0.02,0.01,0.0,0.06
3933,Skies Skies III,PSV,2014.0,Role-Playing,Square Enix,0.02,0.01,0.02,0.01,0.06
3934,Storm Depths II,PC,2000.0,Adventure,Warner Bros. Interactive,0.01,0.03,0.01,0.01,0.06
3935,Duty Titans 3,GBA,2006.0,Strategy,Epic Games,0.02,0.02,0.01,0.01,0.06
3936,Heroes Champions III,3DS,2012.0,Action,THQ,0.04,0.02,0.0,0.0,0.06
3937,Champions Glory: Next Gen,SNES,1994.0,Action,Sony Computer Entertainment,0.04,0.02,0.0,0.0,0.06
3938,Gridiron Heroes III,XOne,2019.0,Platform,THQ,0.04,0.01,0.01,0.0,0.06
3939,Battle for Legends II,XB,2007.0,Fighting,Sony Computer Entertainment,0.04,0.01,0.01,0.0,0.06
3940,Tales of Fury,PSV,2014.0,Action,Epic Games,0.03,0.01,0.01,0.01,0.06
3941,Frontier Gridiron,WiiU,2020.0,Role-Playing,Bethesda Softworks,0.03,0.01,0.02,0.0,0.06
3942,Valor Titans: Origins,DS,2009.0,Misc,Activision,0.02,0.01,0.02,0.01,0.06
3943,Quest for Fairways,N64,2002.0,Racing,Electronic Arts,0.04,0.01,0.0,0.01,0.06
3944,Empires Dragons: Reborn,SNES,2000.0,Sports,CD Projekt,0.04,0.02,0.0,0.0,0.06
3945,Age of Fury,PC,2001.0,Fighting,Bethesda Softworks,0.03,0.01,0.02,0.0,0.06
3946,Empires Dragons,WiiU,2012.0,Sports,Warner Bros. Interactive,0.02,0.02,0.0,0.02,0.06
3947,Shadow of Frontier: Reborn,GBA,2002.0,Platform,Nintendo,0.03,0.02,0.01,0.0,0.06
3948,Fury Glory Gold Edition,PS2,2003.0,Racing,Konami Digital Entertainment,0.05,0.01,0.0,0.0,0.06
3949,Glory Champions,PSP,2010.0,Simulation,Warner Bros. Interactive,0.03,0.03,0.0,0.0,0.06
3950,Quest for Legends,Switch,2017.0,Simulation,Sony Computer Entertainment,0.02,0.02,0.01,0.01,0.06
3951,Kingdom of Champions: Reborn,N64,1999.0,Racing,Sony Computer Entertainment,0.03,0.02,0.0,0.01,0.06
3952,Call of Fury 3,N64,1998.0,Misc,Take-Two Interactive,0.03,0.02,0.0,0.01,0.06
3953,Warriors Gridiron,SNES,2002.0,Action,Activision,0.03,0.02,0.01,0.0,0.06
3954,Call of Dragons Gold Edition,XOne,2015.0,Adventure,Atari,0.03,0.02,0.01,0.0,0.06
3955,Chronicles of Heroes,PSV,2011.0,Strategy,Capcom,0.03,0.02,0.0,0.01,0.06
3956,Heroes Valor,PS2,2005.0,Simulation,Square Enix,0.03,0.02,0.01,0.0,0.06
3957,Depths Fairways,PS3,2013.0,Shooter,Sega,0.03,0.02,0.0,0.01,0.06
3958,Rise of Legends: Revolution,PS3,2017.0,Racing,Electronic Arts,0.04,0.02,0.0,0.0,0.06
3959,Battle for Shadows: Next Gen,SNES,1994.0,Action,Nintendo,0.04,0.01,0.01,0.0,0.06
3960,Valor Gridiron,GB,2001.0,Simulation,Disney Interactive Studios,0.03,0.01,0.01,0.01,0.06
3961,Duty Destiny,WiiU,2017.0,Role-Playing,CD Projekt,0.03,0.01,0.02,0.0,0.06
3962,Fury Glory: Revolution,XB,2003.0,Sports,Microsoft Game Studios,0.02,0.03,0.0,0.01,0.06
3963,Legend of Legends: Origins,X360,2005.0,Sports,Nintendo,0.04,0.01,0.0,0.01,0.06
3964,Dragons Rebellion II,Wii,2006.0,Puzzle,CD Projekt,0.02,0.02,0.01,0.01,0.06
3965,Chronicles of Fury,PS2,2003.0,Fighting,2K Games,0.03,0.01,0.01,0.01,0.06
3966,Honor Fury,PC,2000.0,Fighting,Nintendo,0.03,0.02,0.0,0.01,0.06
3967,Rebellion Skies Gold Edition,3DS,2019.0,Puzzle,Sega,0.02,0.02,0.01,0.01,0.06
3968,World of Gridiron: Reborn,SNES,2000.0,Adventure,CD Projekt,0.03,0.01,0.01,0.01,0.06
3969,Arena Warriors: Revolution,GBA,2009.0,Strategy,Warner Bros. Interactive,0.02,0.03,0.0,0.01,0.06
3970,Call of Champions: Origins,3DS,2014.0,Strategy,Sony Computer Entertainment,0.03,0.02,0.01,0.0,0.06
3971,Empire of Nations II,Switch,2020.0,Puzzle,Warner Bros. Interactive,0.03,0.01,0.0,0.02,0.06
3972,Duty Storm,XB,2008.0,Shooter,Sega,0.03,0.02,0.0,0.01,0.06
3973,Fairways Fury Gold Edition,PSV,2018.0,Simulation,Ubisoft,0.03,0.03,0.0,0.0,0.06
3974,Frontier Valor Gold Edition,SNES,,Sports,Electronic Arts,0.03,0.02,0.0,0.01,0.06
3975,Racing Stars Frontier III,X360,2005.0,Puzzle,Microsoft Game Studios,0.01,0.02,0.02,0.01,0.06
3976,Duty Nations 3,XB,2004.0,Adventure,Activision,0.02,0.02,0.01,0.01,0.06
3977,Valor Skies 3,DS,2004.0,Misc,Take-Two Interactive,0.03,0.02,0.01,0.0,0.06
3978,Battle for Dragons 3,WiiU,2012.0,Shooter,Namco Bandai Games,0.03,0.01,0.01,0.01,0.06
3979,Fall of Duty: Next Gen,Switch,2019.0,Racing,2K Games,0.04,0.01,0.0,0.01,0.06
3980,Battle for Conquest Gold Edition,PSV,2016.0,Fighting,THQ,0.02,0.02,0.01,0.01,0.06
3981,Quest for Odyssey Gold Edition,XOne,2014.0,Simulation,Microsoft Game Studios,0.01,0.03,0.01,0.01,0.06
3982,Titans Fury II,WiiU,2014.0,Role-Playing,,0.02,0.01,0.03,0.0,0.06
3983,Frontier Racing Stars 2,GBA,2008.0,Misc,Microsoft Game Studios,0.03,0.01,0.01,0.01,0.06
3984,Heroes Champions 3,PSV,2011.0,Sports,Epic Games,0.02,0.03,0.0,0.01,0.06
3985,Tales of Glory,N64,2008.0,Role-Playing,Bethesda Softworks,0.0,0.02,0.03,0.01,0.06
3986,Fall of Odyssey Gold Edition,X360,2005.0,Sports,Konami Digital Entertainment,0.03,0.02,0.01,0.0,0.06
3987,Chronicles of Storm Gold Edition,XOne,2016.0,Shooter,Activision,0.04,0.01,0.0,0.01,0.06
3988,Saga of Valor,X360,2016.0,Sports,Warner Bros. Interactive,0.04,0.01,0.0,0.01,0.06
3989,Saga of Empires: Next Gen,SNES,1999.0,Role-Playing,Disney Interactive Studios,0.01,0.0,0.04,0.01,0.06
3990,Realm of Legends 2,GC,2013.0,Racing,Microsoft Game Studios,0.03,0.02,0.0,0.01,0.06
3991,Empire of Frontier: Origins,Wii,2016.0,Platform,2K Games,0.03,0.02,0.01,0.0,0.06
3992,Depths Legends: Next Gen,PC,1995.0,Role-Playing,Bethesda Softworks,0.02,0.01,0.02,0.01,0.06
3993,Call of Destiny III,PC,1997.0,Fighting,Disney Interactive Studios,0.01,0.02,0.02,0.01,0.06
3994,Destiny Arena: Next Gen,XB,2004.0,Misc,Namco Bandai Games,0.02,0.01,0.01,0.02,0.06
3995,Saga of Empires,SNES,1995.0,Racing,Electronic Arts,0.03,0.02,0.0,0.01,0.06
3996,Honor Skies Gold Edition,PS,1996.0,Misc,Sega,0.02,0.01,0.02,0.01,0.06
3997,Nations Racing Stars,PSV,2018.0,Shooter,Microsoft Game Studios,0.03,0.03,0.0,0.0,0.06
3998,Quest for Destiny: Remastered,PS3,2015.0,Simulation,2K Games,0.02,0.01,0.01,0.02,0.06
3999,Empire of Conquest III,WiiU,2019.0,Action,Epic Games,0.02,0.02,0.01,0.01,0.06
4000,Valor Dragons 2,GBA,2003.0,Adventure,CD Projekt,0.02,0.02,0.01,0.0,0.05
4001,Chronicles of Gridiron II,GB,1999.0,Fighting,CD Projekt,0.01,0.03,0.01,0.0,0.05
4002,Kingdom of Arena: Remastered,DS,2009.0,Role-Playing,CD Projekt,0.01,0.01,0.03,0.0,0.05
4003,Valor Frontier III,WiiU,2014.0,Sports,Bethesda Softworks,0.02,0.02,0.0,0.01,0.05
4004,Duty Empires: Next Gen,PSV,2013.0,Action,Activision,0.03,0.02,0.0,0.0,0.05
4005,Realm of Conquest: Origins,GB,2003.0,Action,Bethesda Softworks,0.02,0.01,0.01,0.01,0.05
4006,Call of Warriors: Origins,DS,2005.0,Strategy,Capcom,0.02,0.01,0.01,0.01,0.05
4007,Gridiron Destiny,XB,2003.0,Puzzle,Ubisoft,0.02,0.01,0.0,0.02,0.05
4008,Age of Warriors: Revolution,PS,1999.0,Misc,Epic Games,0.02,0.02,0.0,0.01,0.05
4009,Dragons Nations,3DS,2019.0,Simulation,Sony Computer Entertainment,0.02,0.01,0.01,0.01,0.05
4010,Frontier Valor Gold Edition,PSP,2010.0,Action,Microsoft Game Studios,0.02,0.02,0.01,0.0,0.05
4011,Dragons Duty,DS,2008.0,Racing,Square Enix,0.03,0.01,0.0,0.01,0.05
4012,Odyssey Valor Gold Edition,N64,2000.0,Strategy,2K Games,0.03,0.02,0.0,0.0,0.05
4013,Destiny Warriors: Reborn,N64,2007.0,Strategy,Capcom,0.03,0.01,0.01,0.0,0.05
4014,Conquest Racing Stars: Next Gen,SNES,2006.0,Racing,2K Games,0.02,0.02,0.0,0.01,0.05
4015,Saga of Conquest: Remastered,XOne,2014.0,Role-Playing,Ubisoft,0.02,0.01,0.02,0.0,0.05
4016,Dragons Fairways: Reborn,GB,2002.0,Role-Playing,Disney Interactive Studios,0.01,0.01,0.02,0.01,0.05
4017,Saga of Legends,Switch,2018.0,Sports,Bethesda Softworks,0.03,0.01,0.0,0.01,0.05
4018,Shadow of Nations: Reborn,PSP,2011.0,Fighting,CD Projekt,0.02,0.01,0.02,0.0,0.05
4019,World of Honor 2,PSP,2007.0,Shooter,Namco Bandai Games,0.03,0.01,0.0,0.01,0.05
4020,Gridiron Duty 2,PC,2000.0,Simulation,2K Games,0.02,0.02,0.0,0.01,0.05
4021,Quest for Arena,XB,2006.0,Fighting,Namco Bandai Games,0.01,0.02,0.01,0.01,0.05
4022,Titans Odyssey 2,PS3,2009.0,Role-Playing,Warner Bros. Interactive,0.02,0.01,0.02,0.0,0.05
4023,Chronicles of Titans III,DS,2006.0,Simulation,CD Projekt,0.02,0.01,0.01,0.01,0.05
4024,Tales of Titans: Remastered,PS,2008.0,Fighting,Activision,0.02,0.02,0.0,0.01,0.05
4025,Tales of Racing Stars 3,GBA,2002.0,Action,Konami Digital Entertainment,0.01,0.02,0.01,0.01,0.05
4026,Shadow of Legends,3DS,2014.0,Sports,2K Games,0.03,0.01,0.0,0.01,0.05
4027,Gridiron Storm,PSV,2015.0,Role-Playing,THQ,0.01,0.01,0.02,0.01,0.05
4028,Saga of Fairways: Origins,PSV,2020.0,Sports,Konami Digital Entertainment,0.03,0.02,0.0,0.0,0.05
4029,Rise of Titans: Reborn,PC,2000.0,Puzzle,Disney Interactive Studios,0.02,0.01,0.01,0.01,0.05
4030,Conquest Frontier,GC,2008.0,Role-Playing,Square Enix,0.02,0.01,0.02,0.0,0.05
4031,World of Frontier,PS3,2012.0,Platform,Sony Computer Entertainment,0.02,0.01,0.01,0.01,0.05
4032,Call of Valor,X360,2017.0,Shooter,Activision,0.02,0.02,0.0,0.01,0.05
4033,Racing Stars Odyssey,3DS,2020.0,Shooter,Electronic Arts,0.03,0.01,0.0,0.01,0.05
4034,World of Valor: Revolution,GC,2010.0,Action,Bethesda Softworks,0.03,0.01,0.01,0.0,0.05
4035,Tales of Arena: Revolution,N64,2002.0,Puzzle,Take-Two Interactive,0.02,0.01,0.01,0.01,0.05
4036,Fury Rebellion: Reborn,N64,2004.0,Puzzle,Nintendo,0.01,0.02,0.01,0.01,0.05
4037,Storm Heroes,X360,2017.0,Strategy,Sony Computer Entertainment,0.02,0.02,0.0,0.01,0.05
4038,Odyssey Glory: Reborn,PS3,2015.0,Action,Atari,0.03,0.0,0.01,0.01,0.05
4039,Champions Racing Stars II,SNES,2003.0,Simulation,Sega,0.03,0.01,0.01,0.0,0.05
4040,Destiny Honor,PS4,2016.0,Strategy,Ubisoft,0.02,0.01,0.01,0.01,0.05
4041,Rise of Destiny: Next Gen,Switch,2017.0,Shooter,Activision,0.01,0.02,0.01,0.01,0.05
4042,Empire of Glory: Origins,DS,2007.0,Adventure,Disney Interactive Studios,0.03,0.01,0.01,0.0,0.05
4043,Storm Frontier 2,Switch,2020.0,Adventure,Square Enix,0.04,0.01,0.0,0.0,0.05
4044,Arena Empires: Remastered,XOne,2017.0,Role-Playing,Sony Computer Entertainment,0.01,0.01,0.03,0.0,0.05
4045,Fairways Fairways II,PS3,2016.0,Fighting,Konami Digital Entertainment,0.02,0.01,0.01,0.01,0.05
4046,Warriors Honor: Remastered,XB,2007.0,Sports,Take-Two Interactive,0.02,0.01,0.01,0.01,0.05
4047,Kingdom of Odyssey: Reborn,GC,2012.0,Platform,Atari,0.02,0.02,0.01,0.0,0.05
4048,Legend of Glory: Revolution,PSP,2010.0,Role-Playing,Square Enix,0.02,0.01,0.02,0.0,0.05
4049,Kingdom of Dragons III,XOne,2017.0,Role-Playing,Square Enix,0.01,0.01,0.02,0.01,0.05
4050,Gridiron Empires: Remastered,GBA,2008.0,Shooter,Capcom,0.03,0.01,0.0,0.01,0.05
4051,Call of Legends,PSP,2006.0,Role-Playing,Ubisoft,0.01,0.01,0.03,0.0,0.05
4052,Age of Warriors: Origins,PS2,2001.0,Adventure,Take-Two Interactive,0.02,0.01,0.01,0.01,0.05
4053,Storm Gridiron,X360,2012.0,Sports,Take-Two Interactive,0.02,0.02,0.0,0.01,0.05
4054,Age of Odyssey: Next Gen,SNES,1995.0,Strategy,Disney Interactive Studios,0.01,0.02,0.01,0.01,0.05
4055,Chronicles of Skies: Remastered,PS,1996.0,Puzzle,THQ,0.02,0.01,0.01,0.01,0.05
4056,Honor Duty,GB,2001.0,Shooter,Activision,0.04,0.01,0.0,0.0,0.05
4057,Champions Warriors 2,PS,2005.0,Role-Playing,,0.02,0.01,0.02,0.0,0.05
4058,Valor Warriors: Remastered,PS3,2013.0,Shooter,Sega,0.03,0.01,0.01,0.0,0.05
4059,Legends Odyssey: Revolution,PSV,2011.0,Adventure,Square Enix,0.02,0.02,0.01,0.0,0.05
4060,Titans Heroes: Reborn,GC,2009.0,Sports,Capcom,0.02,0.02,0.0,0.01,0.05
4061,Skies Rebellion II,N64,2001.0,Puzzle,2K Games,0.04,0.01,0.0,0.0,0.05
4062,Depths Storm: Revolution,WiiU,2016.0,Role-Playing,Activision,0.02,0.01,0.01,0.01,0.05
4063,Warriors Glory: Remastered,N64,1998.0,Fighting,2K Games,0.02,0.02,0.0,0.01,0.05
4064,Legend of Fairways 2,PS2,2002.0,Role-Playing,Capcom,0.01,0.02,0.02,0.0,0.05
4065,Glory Champions,SNES,1997.0,Strategy,Ubisoft,0.01,0.02,0.01,0.01,0.05
4066,Legend of Odyssey,SNES,1999.0,Action,,0.03,0.01,0.0,0.01,0.05
4067,Legend of Heroes,GBA,2009.0,Puzzle,Square Enix,0.03,0.01,0.01,0.0,0.05
4068,Conquest Valor,PC,1996.0,Shooter,Activision,0.03,0.01,0.0,0.01,0.05
4069,Chronicles of Frontier,N64,2005.0,Strategy,Nintendo,0.02,0.02,0.01,0.0,0.05
4070,Call of Legends: Revolution,GBA,2001.0,Platform,Microsoft Game Studios,0.03,0.01,0.0,0.01,0.05
4071,Battle for Champions II,3DS,2012.0,Role-Playing,Square Enix,0.01,0.01,0.03,0.0,0.05
4072,Rise of Fairways 2,PS,1996.0,Adventure,Bethesda Softworks,0.02,0.02,0.01,0.0,0.05
4073,Titans Legends III,PC,1995.0,Action,Nintendo,0.03,0.01,0.0,0.01,0.05
4074,Chronicles of Warriors,WiiU,2013.0,Adventure,CD Projekt,0.02,0.02,0.01,0.0,0.05
4075,Shadow of Titans: Next Gen,N64,2004.0,Sports,2K Games,0.03,0.01,0.0,0.01,0.05
4076,World of Legends,GB,2004.0,Puzzle,,0.01,0.02,0.01,0.01,0.05
4077,Shadows Glory Gold Edition,WiiU,2015.0,Role-Playing,Epic Games,0.03,0.0,0.02,0.0,0.05
4078,Tales of Empires II,SNES,1997.0,Role-Playing,Sega,0.01,0.01,0.03,0.0,0.05
4079,Shadows Valor: Origins,N64,1999.0,Role-Playing,Sony Computer Entertainment,0.02,0.01,0.02,0.0,0.05
4080,Champions Champions,GB,1999.0,Shooter,Ubisoft,0.03,0.02,0.0,0.0,0.05
4081,Empires Shadows,N64,2008.0,Role-Playing,Warner Bros. Interactive,0.02,0.01,0.02,0.0,0.05
4082,Chronicles of Conquest II,PS4,2016.0,Racing,2K Games,0.03,0.01,0.0,0.01,0.05
4083,Empire of Destiny: Revolution,N64,2000.0,Adventure,Microsoft Game Studios,0.03,0.01,0.0,0.01,0.05
4084,Odyssey Dragons: Revolution,PSP,2013.0,Action,CD Projekt,0.01,0.02,0.01,0.01,0.05
4085,Quest for Frontier 2,GC,2010.0,Adventure,CD Projekt,0.02,0.02,0.01,0.0,0.05
4086,World of Racing Stars Gold Edition,XB,2006.0,Adventure,Atari,0.02,0.02,0.0,0.01,0.05
4087,Kingdom of Shadows: Reborn,DS,2012.0,Sports,Electronic Arts,0.04,0.01,0.0,0.0,0.05
4088,Honor Arena Gold Edition,XOne,2015.0,Strategy,2K Games,0.01,0.02,0.01,0.01,0.05
4089,Shadows Frontier III,PSV,2011.0,Puzzle,Bethesda Softworks,0.03,0.02,0.0,0.0,0.05
4090,Fury Titans Gold Edition,GBA,2005.0,Simulation,2K Games,0.02,0.01,0.01,0.01,0.05
4091,Warriors Duty: Revolution,XB,2005.0,Action,Electronic Arts,0.03,0.01,0.0,0.01,0.05
4092,Call of Racing Stars III,PSV,,Role-Playing,Microsoft Game Studios,0.02,0.01,0.02,0.0,0.05
4093,Fury Honor,Switch,2017.0,Role-Playing,CD Projekt,0.02,0.01,0.01,0.01,0.05
4094,Realm of Glory: Reborn,Switch,2017.0,Fighting,Activision,0.01,0.02,0.01,0.01,0.05
4095,Shadow of Gridiron Gold Edition,PS3,2007.0,Adventure,Square Enix,0.03,0.01,0.01,0.0,0.05
4096,Shadows Legends,Wii,2007.0,Fighting,Capcom,0.03,0.02,0.0,0.0,0.05
4097,Tales of Glory: Reborn,Switch,2020.0,Misc,Namco Bandai Games,0.02,0.01,0.01,0.01,0.05
4098,Shadow of Gridiron 3,PS,1999.0,Role-Playing,Warner Bros. Interactive,0.02,0.01,0.02,0.0,0.05
4099,Shadows Storm 2,PSP,2011.0,Sports,Disney Interactive Studios,0.03,0.01,0.0,0.01,0.05
4100,Saga of Fury,PSV,2014.0,Platform,Capcom,0.01,0.02,0.01,0.01,0.05
4101,Kingdom of Destiny,GC,2007.0,Platform,2K Games,0.03,0.01,0.0,0.01,0.05
4102,Glory Titans: Remastered,XOne,2018.0,Strategy,Capcom,0.02,0.01,0.01,0.01,0.05
4103,Shadow of Warriors: Origins,PS3,2012.0,Shooter,Electronic Arts,0.02,0.01,0.01,0.01,0.05
4104,Fairways Shadows 3,GC,2012.0,Sports,Microsoft Game Studios,0.02,0.01,0.01,0.01,0.05
4105,Empire of Conquest II,X360,2005.0,Role-Playing,Sony Computer Entertainment,0.01,0.02,0.02,0.0,0.05
4106,Duty Fairways 3,PS,2007.0,Racing,Electronic Arts,0.02,0.03,0.0,0.0,0.05
4107,Age of Honor: Next Gen,GBA,2004.0,Misc,Sega,0.03,0.02,0.0,0.0,0.05
4108,Heroes Depths 3,3DS,2013.0,Misc,Microsoft Game Studios,0.01,0.01,0.01,0.02,0.05
4109,Racing Stars Odyssey: Next Gen,Wii,2010.0,Fighting,Capcom,0.03,0.01,0.01,0.0,0.05
4110,Conquest Fury: Reborn,3DS,2018.0,Action,Konami Digital Entertainment,0.01,0.02,0.01,0.01,0.05
4111,Storm Champions 2,GBA,2005.0,Sports,Activision,0.02,0.01,0.0,0.02,0.05
4112,Tales of Destiny III,GB,1998.0,Adventure,Square Enix,0.03,0.01,0.0,0.01,0.05
4113,Call of Fairways II,GBA,2004.0,Fighting,Namco Bandai Games,0.02,0.01,0.01,0.01,0.05
4114,Realm of Duty: Reborn,X360,2012.0,Adventure,Sega,0.02,0.02,0.01,0.0,0.05
4115,Quest for Nations: Origins,SNES,1999.0,Racing,Disney Interactive Studios,0.03,0.02,0.0,0.0,0.05
4116,Empire of Dragons,N64,1997.0,Role-Playing,Bethesda Softworks,0.02,0.01,0.02,0.0,0.05
4117,Duty Titans,Switch,2020.0,Sports,Take-Two Interactive,0.04,0.01,0.0,0.0,0.05
4118,Realm of Destiny,PSV,2013.0,Adventure,2K Games,0.02,0.01,0.01,0.01,0.05
4119,Rebellion Heroes 2,GBA,2001.0,Sports,Nintendo,0.02,0.02,0.0,0.01,0.05
4120,Fall of Shadows Gold Edition,GBA,2003.0,Puzzle,Bethesda Softworks,0.01,0.02,0.01,0.01,0.05
4121,Tales of Fairways,Switch,2020.0,Role-Playing,Square Enix,0.02,0.01,0.02,0.0,0.05
4122,Legend of Valor,GBA,2007.0,Shooter,Take-Two Interactive,0.03,0.01,0.0,0.01,0.05
4123,Fury Depths: Reborn,GC,2010.0,Fighting,THQ,0.02,0.01,0.01,0.01,0.05
4124,Fairways Racing Stars: Revolution,PS4,2019.0,Fighting,Sony Computer Entertainment,0.02,0.01,0.01,0.01,0.05
4125,Call of Fairways: Remastered,PS4,2013.0,Adventure,Capcom,0.02,0.02,0.0,0.01,0.05
4126,Quest for Glory,Switch,2019.0,Role-Playing,Sega,0.03,0.01,0.01,0.0,0.05
4127,Legend of Depths,PS3,2010.0,Fighting,Sony Computer Entertainment,0.02,0.02,0.01,0.0,0.05
4128,Tales of Heroes: Revolution,XB,2004.0,Strategy,THQ,0.03,0.01,0.0,0.01,0.05
4129,Legend of Nations: Origins,PSV,2019.0,Action,Konami Digital Entertainment,0.02,0.02,0.01,0.0,0.05
4130,Fury Titans 3,3DS,2019.0,Puzzle,Sony Computer Entertainment,0.02,0.01,0.01,0.01,0.05
4131,Fall of Titans II,PC,1997.0,Racing,Square Enix,0.03,0.02,0.0,0.0,0.05
4132,Rise of Destiny: Origins,Switch,2018.0,Adventure,Square Enix,0.01,0.02,0.01,0.01,0.05
4133,Quest for Racing Stars,X360,2009.0,Shooter,Warner Bros. Interactive,0.03,0.01,0.0,0.01,0.05
4134,Shadow of Conquest Gold Edition,GB,2000.0,Puzzle,Atari,0.02,0.01,0.01,0.01,0.05
4135,Heroes Arena,PS4,2019.0,Adventure,Capcom,0.03,0.01,0.01,0.0,0.05
4136,Realm of Rebellion Gold Edition,XB,2004.0,Action,Atari,0.03,0.01,0.01,0.0,0.05
4137,Gridiron Champions Gold Edition,WiiU,2020.0,Puzzle,Ubisoft,0.02,0.01,0.01,0.01,0.05
4138,Saga of Destiny,N64,1996.0,Strategy,Bethesda Softworks,0.03,0.0,0.01,0.01,0.05
4139,Heroes Legends: Revolution,Wii,2009.0,Adventure,Square Enix,0.04,0.01,0.0,0.0,0.05
4140,Gridiron Gridiron: Remastered,GB,2002.0,Sports,Disney Interactive Studios,0.03,0.01,0.01,0.0,0.05
4141,Tales of Legends 2,PSP,,Fighting,Epic Games,0.03,0.02,0.0,0.0,0.05
4142,Titans Shadows Gold Edition,Wii,2012.0,Role-Playing,Square Enix,0.01,0.01,0.02,0.01,0.05
4143,Kingdom of Racing Stars,3DS,2017.0,Puzzle,Activision,0.02,0.02,0.0,0.01,0.05
4144,Shadow of Storm: Origins,PS,2002.0,Action,Ubisoft,0.01,0.02,0.0,0.02,0.05
4145,Fall of Heroes: Reborn,PS4,2020.0,Action,Disney Interactive Studios,0.02,0.01,0.01,0.01,0.05
4146,Quest for Frontier,XB,2002.0,Puzzle,Namco Bandai Games,0.02,0.01,0.02,0.0,0.05
4147,Battle for Heroes,PS4,2018.0,Action,Bethesda Softworks,0.02,0.01,0.01,0.01,0.05
4148,Rebellion Valor,X360,2006.0,Puzzle,Atari,0.02,0.01,0.01,0.01,0.05
4149,Legends Duty 3,3DS,2020.0,Shooter,Epic Games,0.02,0.01,0.01,0.01,0.05
4150,Conquest Warriors: Reborn,PS,2005.0,Shooter,Sony Computer Entertainment,0.04,0.01,0.0,0.0,0.05
4151,Legends Shadows 2,GB,2004.0,Strategy,2K Games,0.02,0.01,0.01,0.01,0.05
4152,Saga of Empires,GBA,2002.0,Simulation,Namco Bandai Games,0.01,0.02,0.01,0.01,0.05
4153,Titans Racing Stars: Reborn,SNES,2004.0,Simulation,Sony Computer Entertainment,0.02,0.01,0.01,0.01,0.05
4154,Arena Titans,Wii,,Sports,Electronic Arts,0.03,0.02,0.0,0.0,0.05
4155,Duty Empires,PS4,2014.0,Adventure,Sony Computer Entertainment,0.02,0.02,0.0,0.01,0.05
4156,Kingdom of Depths 3,PS3,2011.0,Shooter,Warner Bros. Interactive,0.03,0.01,0.0,0.01,0.05
4157,Age of Rebellion,X360,2008.0,Role-Playing,CD Projekt,0.02,0.01,0.01,0.01,0.05
4158,Storm Storm: Remastered,PS4,2017.0,Sports,Microsoft Game Studios,0.02,0.02,0.0,0.01,0.05
4159,Saga of Glory III,SNES,2004.0,Adventure,Warner Bros. Interactive,0.01,0.02,0.01,0.01,0.05
4160,Realm of Gridiron: Origins,GBA,2006.0,Simulation,Ubisoft,0.03,0.02,0.0,0.0,0.05
4161,World of Skies,SNES,2000.0,Fighting,Atari,0.01,0.01,0.01,0.02,0.05
4162,Saga of Warriors: Revolution,PS3,2013.0,Action,Nintendo,0.03,0.02,0.0,0.0,0.05
4163,Fall of Glory: Revolution,PS4,2019.0,Racing,Atari,0.03,0.01,0.0,0.01,0.05
4164,Saga of Racing Stars: Remastered,XB,2003.0,Fighting,Atari,0.04,0.01,0.0,0.0,0.05
4165,Kingdom of Empires II,PS3,2006.0,Role-Playing,Sega,0.01,0.01,0.02,0.01,0.05
4166,Empire of Depths III,XB,2003.0,Adventure,THQ,0.02,0.01,0.01,0.01,0.05
4167,Empires Fairways III,GBA,2009.0,Role-Playing,Disney Interactive Studios,0.0,0.01,0.03,0.01,0.05
4168,Empires Odyssey: Remastered,GC,2005.0,Fighting,Activision,0.02,0.01,0.01,0.01,0.05
4169,Rebellion Arena,DS,2007.0,Platform,2K Games,0.02,0.01,0.01,0.01,0.05
4170,World of Depths 3,PS,1998.0,Shooter,Electronic Arts,0.02,0.02,0.0,0.01,0.05
4171,Skies Heroes II,Switch,2019.0,Adventure,Nintendo,0.02,0.02,0.01,0.0,0.05
4172,Shadow of Storm,PS,2002.0,Role-Playing,Square Enix,0.01,0.01,0.02,0.01,0.05
4173,Rise of Storm: Remastered,N64,2001.0,Racing,Epic Games,0.03,0.01,0.0,0.01,0.05
4174,World of Dragons,PC,1997.0,Platform,Nintendo,0.02,0.01,0.01,0.01,0.05
4175,Frontier Racing Stars,PSV,2011.0,Adventure,Sega,0.02,0.02,0.01,0.0,0.05
4176,Honor Duty 2,DS,2011.0,Fighting,THQ,0.03,0.01,0.01,0.0,0.05
4177,Nations Shadows Gold Edition,Wii,2012.0,Shooter,CD Projekt,0.02,0.01,0.01,0.01,0.05
4178,Fury Storm: Reborn,PSV,2017.0,Misc,Bethesda Softworks,0.01,0.01,0.01,0.02,0.05
4179,World of Gridiron 2,X360,2006.0,Role-Playing,Bethesda Softworks,0.01,0.01,0.03,0.0,0.05
4180,Chronicles of Champions,GB,2002.0,Role-Playing,2K Games,0.02,0.01,0.02,0.0,0.05
4181,Kingdom of Glory: Reborn,PSP,2011.0,Role-Playing,Electronic Arts,0.0,0.01,0.03,0.01,0.05
4182,Fairways Odyssey 3,N64,1998.0,Role-Playing,Bethesda Softworks,0.01,0.0,0.03,0.01,0.05
4183,Titans Depths: Next Gen,PSV,2013.0,Puzzle,Konami Digital Entertainment,0.03,0.01,0.01,0.0,0.05
4184,Legend of Empires,PS3,2017.0,Shooter,Electronic Arts,0.03,0.01,0.0,0.01,0.05
4185,Saga of Nations: Reborn,GC,2003.0,Action,Ubisoft,0.02,0.03,0.0,0.0,0.05
4186,Valor Fury: Revolution,GB,2003.0,Sports,Disney Interactive Studios,0.02,0.02,0.0,0.01,0.05
4187,Fairways Shadows II,PS4,2020.0,Misc,Namco Bandai Games,0.02,0.02,0.01,0.0,0.05
4188,Chronicles of Dragons: Reborn,WiiU,2012.0,Adventure,CD Projekt,0.02,0.02,0.0,0.01,0.05
4189,Nations Heroes Gold Edition,Switch,2019.0,Role-Playing,Sega,0.01,0.01,0.02,0.01,0.05
4190,Tales of Empires Gold Edition,PSP,2015.0,Simulation,Square Enix,0.02,0.02,0.0,0.01,0.05
4191,Heroes Depths,3DS,2012.0,Platform,Ubisoft,0.02,0.01,0.01,0.01,0.05
4192,Fury Gridiron: Revolution,SNES,2002.0,Puzzle,Namco Bandai Games,0.02,0.02,0.0,0.01,0.05
4193,Conquest Champions 3,N64,1998.0,Racing,CD Projekt,0.04,0.01,0.0,0.0,0.05
4194,Empire of Empires II,GC,2013.0,Puzzle,Activision,0.03,0.02,0.0,0.0,0.05
4195,Frontier Valor II,PS,1999.0,Fighting,Activision,0.02,0.02,0.01,0.0,0.05
4196,Legend of Rebellion 3,PS2,2007.0,Action,Activision,0.01,0.03,0.0,0.01,0.05
4197,Quest for Warriors: Next Gen,SNES,2006.0,Fighting,THQ,0.02,0.01,0.01,0.01,0.05
4198,Shadow of Warriors,XOne,2016.0,Sports,Namco Bandai Games,0.03,0.01,0.0,0.01,0.05
4199,Age of Honor: Revolution,PS,2008.0,Fighting,2K Games,0.02,0.02,0.0,0.01,0.05
4200,Titans Shadows: Origins,XB,2003.0,Action,Ubisoft,0.04,0.01,0.0,0.0,0.05
4201,World of Glory,GB,2002.0,Role-Playing,Ubisoft,0.0,0.01,0.03,0.01,0.05
4202,Nations Conquest: Origins,GC,2004.0,Role-Playing,Bethesda Softworks,0.0,0.02,0.02,0.01,0.05
4203,Shadows Skies II,PS2,2004.0,Strategy,Microsoft Game Studios,0.02,0.02,0.01,0.0,0.05
4204,Saga of Frontier,PC,,Action,Sega,0.02,0.01,0.01,0.01,0.05
4205,Shadows Dragons: Origins,Switch,2018.0,Role-Playing,Epic Games,0.03,0.01,0.01,0.0,0.05
4206,Age of Champions II,Switch,2019.0,Misc,Namco Bandai Games,0.01,0.02,0.01,0.01,0.05
4207,Shadow of Titans Gold Edition,N64,1997.0,Platform,Disney Interactive Studios,0.02,0.02,0.01,0.0,0.05
4208,Tales of Odyssey III,PC,1999.0,Sports,Electronic Arts,0.02,0.02,0.0,0.01,0.05
4209,Legend of Storm 2,PS,1999.0,Shooter,2K Games,0.04,0.01,0.0,0.0,0.05
4210,Destiny Heroes: Revolution,XB,2001.0,Sports,Microsoft Game Studios,0.04,0.01,0.0,0.0,0.05
4211,Empire of Titans: Revolution,Wii,2006.0,Platform,Bethesda Softworks,0.03,0.01,0.01,0.0,0.05
4212,Shadow of Conquest 3,SNES,2002.0,Action,Take-Two Interactive,0.03,0.01,0.01,0.0,0.05
4213,Conquest Odyssey,GC,2008.0,Fighting,Konami Digital Entertainment,0.01,0.02,0.01,0.01,0.05
4214,Frontier Warriors,GB,1997.0,Strategy,Epic Games,0.02,0.01,0.01,0.01,0.05
4215,Dragons Arena II,GB,2001.0,Platform,Atari,0.03,0.01,0.0,0.01,0.05
4216,Shadow of Racing Stars: Revolution,SNES,2002.0,Simulation,Sony Computer Entertainment,0.03,0.02,0.0,0.0,0.05
4217,Fall of Glory,PSV,2016.0,Sports,Sony Computer Entertainment,0.03,0.01,0.0,0.01,0.05
4218,Shadow of Fury: Revolution,PSV,2015.0,Role-Playing,Epic Games,0.03,0.01,0.01,0.0,0.05
4219,Frontier Racing Stars 3,Switch,2020.0,Sports,Microsoft Game Studios,0.03,0.01,0.01,0.0,0.05
4220,Skies Duty: Next Gen,PSV,2018.0,Racing,CD Projekt,0.03,0.01,0.0,0.01,0.05
4221,World of Honor: Revolution,PC,2003.0,Adventure,Namco Bandai Games,0.01,0.01,0.02,0.01,0.05
4222,Heroes Odyssey: Reborn,3DS,2020.0,Strategy,Namco Bandai Games,0.02,0.02,0.01,0.0,0.05
4223,Kingdom of Warriors 2,GB,2001.0,Action,Konami Digital Entertainment,0.02,0.01,0.01,0.01,0.05
4224,Duty Storm: Revolution,PS3,2012.0,Adventure,Namco Bandai Games,0.02,0.02,0.01,0.0,0.05
4225,Depths Glory 2,XOne,2017.0,Simulation,Electronic Arts,0.02,0.01,0.02,0.0,0.05
4226,Quest for Conquest Gold Edition,GB,2006.0,Puzzle,Sega,0.03,0.01,0.01,0.0,0.05
4227,Saga of Arena Gold Edition,PSP,2004.0,Role-Playing,Atari,0.01,0.01,0.02,0.01,0.05
4228,Nations Destiny II,SNES,1995.0,Shooter,Capcom,0.04,0.01,0.0,0.0,0.05
4229,Quest for Gridiron: Next Gen,Wii,2012.0,Adventure,Bethesda Softworks,0.01,0.01,0.02,0.01,0.05
4230,Shadows Frontier,XB,2009.0,Misc,Atari,0.02,0.02,0.01,0.0,0.05
4231,Realm of Valor III,PS3,2012.0,Strategy,Atari,0.02,0.01,0.01,0.01,0.05
4232,Age of Destiny,PS4,2016.0,Fighting,Konami Digital Entertainment,0.03,0.01,0.01,0.0,0.05
4233,Titans Duty II,PC,1999.0,Misc,Activision,0.02,0.01,0.01,0.01,0.05
4234,Duty Fairways: Reborn,GC,2008.0,Role-Playing,CD Projekt,0.01,0.01,0.03,0.0,0.05
4235,Conquest Warriors III,PS,2000.0,Platform,2K Games,0.02,0.02,0.01,0.0,0.05
4236,Storm Glory II,SNES,2002.0,Adventure,Square Enix,0.02,0.01,0.01,0.01,0.05
4237,Fall of Warriors: Next Gen,PC,1996.0,Misc,Atari,0.02,0.01,0.01,0.01,0.05
4238,Shadow of Odyssey Gold Edition,Switch,2020.0,Simulation,Atari,0.02,0.02,0.01,0.0,0.05
4239,Nations Warriors II,GB,1999.0,Adventure,Warner Bros. Interactive,0.03,0.01,0.0,0.01,0.05
4240,Shadows Dragons II,PSP,2013.0,Adventure,Square Enix,0.02,0.02,0.01,0.0,0.05
4241,Legends Glory: Revolution,GBA,2005.0,Fighting,Activision,0.02,0.01,0.01,0.01,0.05
4242,World of Empires: Remastered,GC,2011.0,Puzzle,Ubisoft,0.02,0.01,0.01,0.01,0.05
4243,Heroes Legends III,PSP,2014.0,Fighting,Epic Games,0.03,0.0,0.01,0.01,0.05
4244,Valor Titans II,Wii,2010.0,Fighting,Ubisoft,0.02,0.02,0.0,0.01,0.05
4245,Saga of Duty 3,PS,2006.0,Shooter,Sony Computer Entertainment,0.03,0.01,0.0,0.01,0.05
4246,Fall of Fairways Gold Edition,PS3,2013.0,Racing,Epic Games,0.03,0.01,0.0,0.01,0.05
4247,Battle for Empires III,3DS,2013.0,Platform,Epic Games,0.03,0.01,0.01,0.0,0.05
4248,Glory Frontier: Remastered,N64,2005.0,Misc,Namco Bandai Games,0.0,0.02,0.02,0.01,0.05
4249,Valor Arena 3,GBA,2009.0,Sports,2K Games,0.03,0.02,0.0,0.0,0.05
4250,Fury Duty Gold Edition,PSP,2005.0,Fighting,,0.02,0.02,0.01,0.0,0.05
4251,Valor Dragons,GB,1998.0,Simulation,2K Games,0.02,0.02,0.01,0.0,0.05
4252,Conquest Fairways,Wii,2008.0,Action,Nintendo,0.01,0.02,0.01,0.01,0.05
4253,Call of Legends: Next Gen,XB,2008.0,Role-Playing,Atari,0.01,0.01,0.02,0.01,0.05
4254,Racing Stars Conquest,DS,2008.0,Adventure,Take-Two Interactive,0.02,0.02,0.01,0.0,0.05
4255,Heroes Honor,Wii,2015.0,Sports,Disney Interactive Studios,0.03,0.01,0.0,0.01,0.05
4256,Realm of Frontier: Origins,PS4,2017.0,Platform,Sega,0.01,0.02,0.01,0.01,0.05
4257,Chronicles of Storm: Reborn,XB,2006.0,Shooter,Square Enix,0.04,0.01,0.0,0.0,0.05
4258,Valor Odyssey: Origins,N64,1999.0,Platform,Namco Bandai Games,0.03,0.01,0.01,0.0,0.05
4259,Empire of Heroes,PC,2003.0,Platform,Ubisoft,0.01,0.02,0.01,0.01,0.05
4260,Storm Empires,WiiU,2017.0,Role-Playing,Bethesda Softworks,0.03,0.01,0.01,0.0,0.05
4261,Saga of Legends II,XOne,2014.0,Strategy,Ubisoft,0.02,0.01,0.01,0.01,0.05
4262,Kingdom of Odyssey,Switch,2017.0,Adventure,CD Projekt,0.02,0.02,0.0,0.01,0.05
4263,Champions Destiny: Next Gen,PS,2008.0,Shooter,THQ,0.03,0.01,0.0,0.01,0.05
4264,Saga of Depths: Next Gen,PS3,2010.0,Racing,Epic Games,0.02,0.03,0.0,0.0,0.05
4265,Arena Fury 3,PS2,2007.0,Adventure,Bethesda Softworks,0.02,0.02,0.01,0.0,0.05
4266,Age of Glory: Reborn,GBA,2004.0,Sports,Electronic Arts,0.02,0.01,0.0,0.02,0.05
4267,Destiny Storm: Revolution,XOne,2013.0,Role-Playing,CD Projekt,0.01,0.01,0.02,0.01,0.05
4268,Heroes Arena: Remastered,PSP,2008.0,Platform,Epic Games,0.02,0.01,0.01,0.01,0.05
4269,Call of Heroes,Switch,2020.0,Shooter,Electronic Arts,0.02,0.02,0.01,0.0,0.05
4270,Fall of Depths: Origins,GBA,,Puzzle,CD Projekt,0.03,0.01,0.0,0.01,0.05
4271,Legend of Fairways III,3DS,2017.0,Role-Playing,Take-Two Interactive,0.01,0.01,0.02,0.01,0.05
4272,Tales of Skies III,SNES,2000.0,Adventure,Square Enix,0.04,0.01,0.0,0.0,0.05
4273,Duty Gridiron Gold Edition,X360,2005.0,Simulation,Atari,0.02,0.01,0.01,0.01,0.05
4274,Frontier Rebellion,PS2,2008.0,Misc,Capcom,0.02,0.01,0.01,0.01,0.05
4275,Arena Destiny: Remastered,DS,2010.0,Role-Playing,CD Projekt,0.03,0.0,0.02,0.0,0.05
4276,Rebellion Storm III,Wii,2006.0,Fighting,Nintendo,0.01,0.01,0.01,0.02,0.05
4277,Empires Warriors II,PSP,2009.0,Action,Ubisoft,0.03,0.01,0.01,0.0,0.05
4278,Empire of Titans: Remastered,Switch,2017.0,Shooter,Take-Two Interactive,0.02,0.02,0.0,0.01,0.05
4279,Fairways Shadows 2,GBA,2002.0,Simulation,THQ,0.02,0.02,0.0,0.01,0.05
4280,Conquest Conquest: Remastered,Switch,2018.0,Role-Playing,Bethesda Softworks,0.02,0.02,0.01,0.0,0.05
4281,Empires Racing Stars: Reborn,XB,2007.0,Fighting,Ubisoft,0.02,0.02,0.0,0.01,0.05
4282,Skies Frontier: Revolution,PS,2007.0,Role-Playing,Bethesda Softworks,0.01,0.02,0.02,0.0,0.05
4283,Saga of Warriors: Origins,PC,2001.0,Fighting,Microsoft Game Studios,0.03,0.02,0.0,0.0,0.05
4284,Conquest Skies II,SNES,2002.0,Fighting,Ubisoft,0.02,0.01,0.01,0.01,0.05
4285,Legend of Arena III,X360,2007.0,Adventure,Square Enix,0.02,0.01,0.01,0.01,0.05
4286,Rise of Rebellion 2,3DS,2011.0,Strategy,Capcom,0.02,0.01,0.01,0.01,0.05
4287,Age of Shadows: Next Gen,XOne,2015.0,Shooter,Warner Bros. Interactive,0.03,0.01,0.0,0.01,0.05
4288,Call of Duty 3,DS,2013.0,Racing,Capcom,0.03,0.01,0.0,0.01,0.05
4289,Titans Racing Stars: Remastered,XB,2006.0,Puzzle,Bethesda Softworks,0.02,0.01,0.01,0.01,0.05
4290,Valor Dragons,PS4,2017.0,Platform,Capcom,0.01,0.03,0.01,0.0,0.05
4291,Shadow of Legends,PS2,2003.0,Action,Konami Digital Entertainment,0.02,0.01,0.01,0.01,0.05
4292,Fury Fury Gold Edition,X360,2016.0,Simulation,2K Games,0.02,0.01,0.01,0.01,0.05
4293,Glory Rebellion II,GC,2005.0,Racing,Microsoft Game Studios,0.04,0.01,0.0,0.0,0.05
4294,Honor Storm II,Switch,2019.0,Racing,Electronic Arts,0.01,0.03,0.0,0.01,0.05
4295,Quest for Duty,PSP,2015.0,Strategy,Bethesda Softworks,0.02,0.01,0.01,0.01,0.05
4296,World of Conquest,PSP,2012.0,Platform,Epic Games,0.02,0.01,0.02,0.0,0.05
4297,Battle for Depths,Wii,2011.0,Puzzle,Sega,0.02,0.01,0.01,0.01,0.05
4298,Honor Rebellion 3,PC,2003.0,Shooter,Disney Interactive Studios,0.03,0.01,0.0,0.01,0.05
4299,Odyssey Duty: Reborn,PS3,2010.0,Racing,Electronic Arts,0.04,0.01,0.0,0.0,0.05
4300,Realm of Destiny: Remastered,WiiU,2014.0,Puzzle,Atari,0.02,0.01,0.01,0.01,0.05
4301,Chronicles of Warriors,PS4,2017.0,Shooter,CD Projekt,0.02,0.01,0.01,0.01,0.05
4302,Racing Stars Nations 2,PS3,2011.0,Puzzle,Epic Games,0.02,0.01,0.01,0.01,0.05
4303,World of Warriors: Reborn,PC,1998.0,Sports,Sony Computer Entertainment,0.03,0.01,0.0,0.01,0.05
4304,Battle for Fury: Origins,3DS,2014.0,Shooter,Ubisoft,0.04,0.01,0.0,0.0,0.05
4305,Saga of Destiny,Switch,2017.0,Puzzle,Nintendo,0.02,0.02,0.01,0.0,0.05
4306,Gridiron Destiny 3,3DS,2017.0,Shooter,Warner Bros. Interactive,0.03,0.01,0.0,0.01,0.05
4307,Glory Nations: Origins,PS4,2014.0,Action,Take-Two Interactive,0.02,0.01,0.01,0.01,0.05
4308,Valor Nations: Reborn,PS4,2013.0,Sports,Sega,0.02,0.02,0.0,0.01,0.05
4309,Legend of Nations: Remastered,DS,2011.0,Racing,Electronic Arts,0.03,0.01,0.0,0.01,0.05
4310,Shadow of Fairways: Reborn,Switch,2018.0,Shooter,Microsoft Game Studios,0.04,0.01,0.0,0.0,0.05
4311,Skies Empires: Revolution,SNES,2004.0,Misc,Sega,0.02,0.01,0.01,0.01,0.05
4312,Tales of Racing Stars: Remastered,PSP,2007.0,Fighting,Microsoft Game Studios,0.02,0.02,0.01,0.0,0.05
4313,World of Skies: Next Gen,N64,2008.0,Shooter,Disney Interactive Studios,0.02,0.02,0.0,0.01,0.05
4314,Valor Odyssey,WiiU,2014.0,Simulation,Square Enix,0.03,0.01,0.01,0.0,0.05
4315,Warriors Frontier: Next Gen,PS,2000.0,Strategy,Namco Bandai Games,0.02,0.01,0.02,0.0,0.05
4316,Age of Rebellion,DS,2006.0,Racing,Electronic Arts,0.03,0.02,0.0,0.0,0.05
4317,World of Glory: Reborn,GBA,2005.0,Puzzle,2K Games,0.03,0.01,0.0,0.01,0.05
4318,Odyssey Duty: Next Gen,PS2,2000.0,Simulation,2K Games,0.02,0.02,0.01,0.0,0.05
4319,Call of Fairways,XB,2003.0,Puzzle,Atari,0.02,0.02,0.0,0.01,0.05
4320,Chronicles of Empires,PS2,2007.0,Sports,Nintendo,0.03,0.01,0.0,0.01,0.05
4321,Rebellion Fairways II,PS,2000.0,Sports,Konami Digital Entertainment,0.02,0.02,0.0,0.01,0.05
4322,Battle for Destiny,DS,2008.0,Adventure,Epic Games,0.03,0.01,0.0,0.01,0.05
4323,Destiny Racing Stars: Next Gen,WiiU,2016.0,Fighting,Epic Games,0.03,0.01,0.01,0.0,0.05
4324,Fury Conquest: Next Gen,GBA,2006.0,Sports,Namco Bandai Games,0.03,0.01,0.0,0.01,0.05
4325,Saga of Gridiron,Wii,2013.0,Racing,Electronic Arts,0.03,0.01,0.0,0.01,0.05
4326,Glory Frontier: Origins,GC,2001.0,Action,Atari,0.02,0.02,0.01,0.0,0.05
4327,Storm Odyssey: Origins,WiiU,2015.0,Fighting,Atari,0.02,0.01,0.01,0.01,0.05
4328,Heroes Rebellion: Next Gen,3DS,2015.0,Role-Playing,Bethesda Softworks,0.01,0.02,0.01,0.01,0.05
4329,Call of Nations,PS,2004.0,Puzzle,Disney Interactive Studios,0.03,0.02,0.0,0.0,0.05
4330,Champions Storm,PC,1995.0,Adventure,Epic Games,0.01,0.02,0.01,0.01,0.05
4331,Honor Gridiron II,PSV,2015.0,Fighting,Sony Computer Entertainment,0.02,0.01,0.01,0.01,0.05
4332,Call of Empires: Remastered,PSP,2013.0,Adventure,Bethesda Softworks,0.02,0.01,0.01,0.01,0.05
4333,Saga of Rebellion,Wii,2016.0,Puzzle,Disney Interactive Studios,0.02,0.02,0.01,0.0,0.05
4334,Depths Fury: Next Gen,GB,2005.0,Simulation,Take-Two Interactive,0.03,0.01,0.0,0.01,0.05
4335,Kingdom of Odyssey 2,PS,2004.0,Shooter,THQ,0.02,0.02,0.0,0.01,0.05
4336,Nations Frontier 2,XB,2004.0,Racing,Epic Games,0.03,0.01,0.0,0.01,0.05
4337,Call of Glory 2,XB,2009.0,Adventure,Square Enix,0.03,0.01,0.0,0.01,0.05
4338,Glory Racing Stars 3,XB,2002.0,Adventure,Atari,0.02,0.01,0.01,0.01,0.05
4339,Shadow of Empires II,Switch,2018.0,Sports,Sony Computer Entertainment,0.03,0.01,0.0,0.01,0.05
4340,Quest for Fury,Wii,2007.0,Strategy,Microsoft Game Studios,0.03,0.01,0.01,0.0,0.05
4341,Empires Glory: Next Gen,GB,1998.0,Role-Playing,THQ,0.01,0.01,0.02,0.01,0.05
4342,Glory Arena III,GC,2003.0,Fighting,Activision,0.02,0.02,0.0,0.01,0.05
4343,Honor Duty,XOne,2020.0,Racing,THQ,0.02,0.02,0.0,0.01,0.05
4344,Honor Frontier III,PS3,2007.0,Action,2K Games,0.02,0.01,0.01,0.01,0.05
4345,Dragons Frontier: Remastered,GC,2007.0,Adventure,CD Projekt,0.01,0.02,0.01,0.01,0.05
4346,Conquest Frontier II,3DS,2016.0,Racing,Nintendo,0.04,0.01,0.0,0.0,0.05
4347,Rise of Conquest,PSV,2018.0,Fighting,Microsoft Game Studios,0.02,0.02,0.01,0.0,0.05
4348,Fall of Shadows 3,PC,2001.0,Simulation,Bethesda Softworks,0.02,0.01,0.01,0.01,0.05
4349,Battle for Storm: Origins,SNES,2006.0,Simulation,Electronic Arts,0.02,0.01,0.02,0.0,0.05
4350,Heroes Destiny,GC,2006.0,Fighting,Konami Digital Entertainment,0.01,0.02,0.02,0.0,0.05
4351,Arena Empires 3,GB,1997.0,Action,Nintendo,0.02,0.01,0.01,0.01,0.05
4352,Warriors Fury,WiiU,2020.0,Sports,Epic Games,0.02,0.02,0.0,0.01,0.05
4353,Age of Heroes: Next Gen,Wii,2014.0,Action,Konami Digital Entertainment,0.03,0.01,0.01,0.0,0.05
4354,Heroes Legends: Next Gen,GC,2003.0,Platform,Microsoft Game Studios,0.03,0.01,0.01,0.0,0.05
4355,Kingdom of Depths II,XB,2010.0,Role-Playing,Sega,0.02,0.01,0.02,0.0,0.05
4356,Fall of Frontier 3,PS2,2002.0,Action,Microsoft Game Studios,0.02,0.01,0.0,0.02,0.05
4357,Destiny Titans: Revolution,PS4,2013.0,Action,Bethesda Softworks,0.02,0.01,0.01,0.01,0.05
4358,Depths Valor,PS,2003.0,Fighting,Atari,0.03,0.01,0.01,0.0,0.05
4359,Nations Destiny III,GB,1996.0,Platform,Take-Two Interactive,0.02,0.01,0.01,0.01,0.05
4360,Glory Honor,GB,,Sports,2K Games,0.02,0.02,0.0,0.01,0.05
4361,Shadows Warriors II,GBA,2003.0,Role-Playing,Sega,0.02,0.01,0.02,0.0,0.05
4362,Realm of Destiny: Remastered,XOne,2016.0,Sports,Microsoft Game Studios,0.03,0.01,0.0,0.01,0.05
4363,Fall of Destiny,XB,2004.0,Adventure,Capcom,0.03,0.02,0.0,0.0,0.05
4364,Depths Legends,GBA,2009.0,Simulation,Take-Two Interactive,0.02,0.01,0.01,0.01,0.05
4365,Champions Frontier: Remastered,PSV,2020.0,Fighting,Disney Interactive Studios,0.01,0.02,0.01,0.01,0.05
4366,Empire of Conquest: Revolution,PS4,2014.0,Sports,Nintendo,0.03,0.01,0.0,0.01,0.05
4367,Call of Fury,X360,2013.0,Role-Playing,Square Enix,0.01,0.01,0.02,0.01,0.05
4368,Tales of Arena III,N64,2006.0,Simulation,Capcom,0.03,0.01,0.01,0.0,0.05
4369,Age of Arena: Remastered,WiiU,2018.0,Strategy,Activision,0.01,0.01,0.01,0.02,0.05
4370,Quest for Duty,XOne,2015.0,Racing,Capcom,0.04,0.01,0.0,0.0,0.05
4371,Duty Skies III,WiiU,2013.0,Misc,Namco Bandai Games,0.03,0.01,0.0,0.01,0.05
4372,Storm Odyssey Gold Edition,X360,2011.0,Role-Playing,2K Games,0.02,0.0,0.02,0.01,0.05
4373,Titans Odyssey: Next Gen,3DS,2014.0,Puzzle,Sega,0.04,0.01,0.0,0.0,0.05
4374,Battle for Odyssey: Next Gen,X360,2006.0,Racing,2K Games,0.03,0.01,0.0,0.01,0.05
4375,Chronicles of Warriors,PC,1996.0,Platform,2K Games,0.01,0.02,0.01,0.01,0.05
4376,Nations Nations: Reborn,X360,2016.0,Strategy,Microsoft Game Studios,0.02,0.01,0.01,0.01,0.05
4377,Nations Racing Stars Gold Edition,X360,2008.0,Fighting,2K Games,0.03,0.01,0.0,0.01,0.05
4378,Shadow of Conquest 3,XB,2006.0,Fighting,Activision,0.02,0.02,0.01,0.0,0.05
4379,Empire of Depths II,3DS,2016.0,Action,Namco Bandai Games,0.03,0.01,0.0,0.01,0.05
4380,Gridiron Gridiron 3,SNES,2000.0,Fighting,Ubisoft,0.03,0.01,0.01,0.0,0.05
4381,Legends Skies: Next Gen,XOne,2014.0,Puzzle,Warner Bros. Interactive,0.03,0.02,0.0,0.0,0.05
4382,Shadows Fury,GBA,2002.0,Adventure,Sony Computer Entertainment,0.02,0.02,0.0,0.01,0.05
4383,Fury Shadows III,PC,2002.0,Strategy,Capcom,0.02,0.02,0.01,0.0,0.05
4384,Empires Rebellion,GC,2010.0,Fighting,Microsoft Game Studios,0.02,0.02,0.01,0.0,0.05
4385,Conquest Nations,XB,2009.0,Shooter,Capcom,0.02,0.02,0.0,0.01,0.05
4386,Saga of Valor: Origins,SNES,2005.0,Racing,Ubisoft,0.02,0.02,0.01,0.0,0.05
4387,Frontier Titans,DS,2007.0,Adventure,Bethesda Softworks,0.02,0.02,0.0,0.01,0.05
4388,Fury Destiny: Reborn,DS,2007.0,Shooter,Electronic Arts,0.02,0.02,0.0,0.01,0.05
4389,Quest for Legends: Revolution,PC,1995.0,Fighting,Square Enix,0.02,0.01,0.01,0.01,0.05
4390,Saga of Heroes Gold Edition,PC,2000.0,Strategy,Take-Two Interactive,0.02,0.02,0.01,0.0,0.05
4391,Depths Glory: Next Gen,GBA,2007.0,Adventure,Square Enix,0.02,0.02,0.01,0.0,0.05
4392,Conquest Legends: Revolution,Switch,2018.0,Puzzle,Sony Computer Entertainment,0.02,0.01,0.01,0.01,0.05
4393,Realm of Titans: Reborn,Switch,2017.0,Adventure,Namco Bandai Games,0.02,0.02,0.01,0.0,0.05
4394,Empire of Rebellion III,DS,2008.0,Action,Warner Bros. Interactive,0.02,0.01,0.01,0.01,0.05
4395,Titans Arena: Reborn,X360,2011.0,Action,Activision,0.02,0.02,0.01,0.0,0.05
4396,Saga of Racing Stars Gold Edition,3DS,2019.0,Racing,Warner Bros. Interactive,0.02,0.02,0.0,0.01,0.05
4397,Rise of Storm: Origins,GC,2004.0,Role-Playing,Disney Interactive Studios,0.02,0.01,0.02,0.0,0.05
4398,Racing Stars Gridiron: Origins,PS3,2010.0,Action,Take-Two Interactive,0.02,0.02,0.0,0.01,0.05
4399,Empire of Rebellion: Origins,N64,1998.0,Puzzle,Take-Two Interactive,0.02,0.01,0.01,0.01,0.05
4400,Rebellion Duty,PS4,2020.0,Strategy,Sega,0.01,0.02,0.01,0.01,0.05
4401,Legends Glory III,N64,1998.0,Racing,Atari,0.03,0.01,0.0,0.01,0.05
4402,Call of Destiny: Reborn,Wii,2008.0,Puzzle,Nintendo,0.03,0.02,0.0,0.0,0.05
4403,Kingdom of Valor,PS4,2020.0,Shooter,Konami Digital Entertainment,0.02,0.02,0.0,0.01,0.05
4404,Nations Duty: Revolution,3DS,2012.0,Shooter,Activision,0.02,0.02,0.0,0.01,0.05
4405,Odyssey Depths III,SNES,2004.0,Adventure,Sony Computer Entertainment,0.04,0.01,0.0,0.0,0.05
4406,Storm Heroes: Revolution,XB,2008.0,Action,Capcom,0.05,0.0,0.0,0.0,0.05
4407,Conquest Arena,3DS,2019.0,Role-Playing,Namco Bandai Games,0.0,0.03,0.01,0.01,0.05
4408,Rise of Gridiron: Remastered,Switch,2020.0,Adventure,CD Projekt,0.03,0.01,0.0,0.01,0.05
4409,Tales of Champions,GBA,2002.0,Simulation,Activision,0.03,0.01,0.01,0.0,0.05
4410,Titans Empires: Origins,PS3,2006.0,Shooter,Microsoft Game Studios,0.03,0.01,0.0,0.01,0.05
4411,Heroes Warriors: Next Gen,PS3,2015.0,Racing,2K Games,0.03,0.01,0.0,0.01,0.05
4412,Fairways Nations Gold Edition,PS,2003.0,Racing,,0.02,0.03,0.0,0.0,0.05
4413,Gridiron Legends Gold Edition,GBA,2001.0,Sports,Electronic Arts,0.04,0.01,0.0,0.0,0.05
4414,Legends Warriors: Reborn,GB,2005.0,Fighting,Konami Digital Entertainment,0.03,0.01,0.01,0.0,0.05
4415,Fall of Empires: Revolution,PSP,2005.0,Misc,Namco Bandai Games,0.03,0.02,0.0,0.0,0.05
4416,Titans Dragons Gold Edition,SNES,1994.0,Fighting,Konami Digital Entertainment,0.02,0.02,0.01,0.0,0.05
4417,Warriors Empires: Remastered,Switch,2018.0,Adventure,Bethesda Softworks,0.02,0.02,0.01,0.0,0.05
4418,Fall of Shadows 2,WiiU,2017.0,Fighting,Disney Interactive Studios,0.02,0.02,0.0,0.01,0.05
4419,Glory Fury III,XB,2006.0,Racing,Disney Interactive Studios,0.02,0.02,0.0,0.01,0.05
4420,Empire of Rebellion,N64,2007.0,Adventure,Sega,0.02,0.02,0.01,0.0,0.05
4421,Quest for Arena Gold Edition,PS,2006.0,Shooter,Sony Computer Entertainment,0.03,0.01,0.0,0.01,0.05
4422,World of Legends,PS3,2011.0,Role-Playing,2K Games,0.01,0.01,0.02,0.01,0.05
4423,Fairways Dragons 2,PS3,2012.0,Strategy,Warner Bros. Interactive,0.02,0.01,0.01,0.01,0.05
4424,Arena Skies,SNES,2003.0,Sports,THQ,0.01,0.03,0.0,0.01,0.05
4425,Saga of Champions 3,PC,1996.0,Role-Playing,CD Projekt,0.02,0.0,0.02,0.0,0.04
4426,Glory Gridiron 3,WiiU,2018.0,Shooter,Activision,0.02,0.01,0.0,0.01,0.04
4427,Arena Champions: Reborn,GBA,2006.0,Simulation,Bethesda Softworks,0.02,0.01,0.01,0.0,0.04
4428,Shadows Legends: Next Gen,Switch,2019.0,Puzzle,Namco Bandai Games,0.02,0.01,0.01,0.0,0.04
4429,Saga of Titans,PSV,2012.0,Simulation,Atari,0.03,0.01,0.0,0.0,0.04
4430,Realm of Legends III,PSP,2013.0,Simulation,Electronic Arts,0.01,0.01,0.01,0.01,0.04
4431,Duty Titans: Remastered,PS4,2018.0,Simulation,THQ,0.03,0.01,0.0,0.0,0.04
4432,Honor Dragons: Revolution,XB,2010.0,Role-Playing,Microsoft Game Studios,0.01,0.02,0.01,0.0,0.04
4433,Quest for Destiny III,X360,2012.0,Sports,Konami Digital Entertainment,0.01,0.02,0.01,0.0,0.04
4434,Realm of Duty,PS2,2008.0,Shooter,Activision,0.03,0.01,0.0,0.0,0.04
4435,Gridiron Empires 2,PC,1999.0,Puzzle,Capcom,0.01,0.02,0.01,0.0,0.04
4436,Realm of Rebellion II,PS2,2004.0,Misc,Epic Games,0.01,0.01,0.01,0.01,0.04
4437,Call of Warriors III,SNES,2002.0,Sports,Activision,0.03,0.01,0.0,0.0,0.04
4438,Tales of Fury: Origins,DS,2014.0,Fighting,Activision,0.02,0.01,0.0,0.01,0.04
4439,Call of Titans: Origins,N64,1998.0,Role-Playing,Square Enix,0.01,0.01,0.02,0.0,0.04
4440,Destiny Gridiron,PSP,2011.0,Sports,Take-Two Interactive,0.01,0.01,0.01,0.01,0.04
4441,Empires Honor Gold Edition,GC,2009.0,Shooter,Take-Two Interactive,0.03,0.01,0.0,0.0,0.04
4442,Shadow of Glory: Next Gen,PSV,2011.0,Strategy,Nintendo,0.02,0.01,0.0,0.01,0.04
4443,Empire of Arena,PSV,2018.0,Racing,Namco Bandai Games,0.03,0.01,0.0,0.0,0.04
4444,Honor Dragons 2,PS,2007.0,Misc,Konami Digital Entertainment,0.02,0.01,0.01,0.0,0.04
4445,Fall of Heroes: Next Gen,N64,1996.0,Misc,Sega,0.01,0.02,0.01,0.0,0.04
4446,Chronicles of Frontier 2,Switch,2020.0,Puzzle,Take-Two Interactive,0.02,0.01,0.01,0.0,0.04
4447,Tales of Conquest: Remastered,GBA,2007.0,Puzzle,Nintendo,0.02,0.01,0.0,0.01,0.04
4448,Titans Destiny: Next Gen,Switch,2020.0,Misc,Epic Games,0.03,0.01,0.0,0.0,0.04
4449,Age of Fury: Next Gen,PC,2001.0,Platform,Nintendo,0.01,0.01,0.01,0.01,0.04
4450,Honor Fury III,X360,2005.0,Action,Activision,0.02,0.01,0.01,0.0,0.04
4451,Skies Fury 2,PC,1999.0,Role-Playing,CD Projekt,0.02,0.01,0.01,0.0,0.04
4452,Empire of Valor 2,GBA,2002.0,Misc,Warner Bros. Interactive,0.02,0.01,0.01,0.0,0.04
4453,Duty Gridiron II,SNES,2005.0,Adventure,Epic Games,0.02,0.01,0.0,0.01,0.04
4454,Honor Fury: Next Gen,DS,2005.0,Racing,Disney Interactive Studios,0.02,0.02,0.0,0.0,0.04
4455,Skies Titans,PS4,2013.0,Platform,Nintendo,0.02,0.02,0.0,0.0,0.04
4456,Shadow of Champions Gold Edition,PS4,2014.0,Adventure,Capcom,0.02,0.01,0.0,0.01,0.04
4457,Saga of Destiny: Origins,XOne,2013.0,Puzzle,Microsoft Game Studios,0.02,0.01,0.01,0.0,0.04
4458,Fury Champions II,X360,2014.0,Platform,Sega,0.01,0.01,0.0,0.02,0.04
4459,Depths Warriors,PSP,2014.0,Misc,Disney Interactive Studios,0.02,0.01,0.0,0.01,0.04
4460,Call of Duty: Reborn,PSV,2014.0,Adventure,Square Enix,0.03,0.01,0.0,0.0,0.04
4461,Gridiron Duty: Origins,XOne,2018.0,Fighting,Sega,0.03,0.01,0.0,0.0,0.04
4462,Tales of Fairways: Origins,PS4,2014.0,Role-Playing,Atari,0.02,0.0,0.02,0.0,0.04
4463,Shadow of Odyssey: Origins,GC,2002.0,Adventure,Sega,0.02,0.02,0.0,0.0,0.04
4464,Legends Valor,SNES,2006.0,Sports,Atari,0.02,0.01,0.0,0.01,0.04
4465,Racing Stars Storm 2,PS,2006.0,Action,Bethesda Softworks,0.02,0.01,0.01,0.0,0.04
4466,Empire of Arena 3,DS,2010.0,Role-Playing,Sony Computer Entertainment,0.01,0.01,0.02,0.0,0.04
4467,Empire of Arena: Revolution,PS3,2017.0,Simulation,Capcom,0.03,0.01,0.0,0.0,0.04
4468,Destiny Warriors III,PC,1998.0,Simulation,Square Enix,0.03,0.01,0.0,0.0,0.04
4469,Chronicles of Titans Gold Edition,GB,2001.0,Role-Playing,Atari,0.0,0.02,0.02,0.0,0.04
4470,Heroes Heroes 3,PSP,2008.0,Sports,Disney Interactive Studios,0.02,0.01,0.01,0.0,0.04
4471,Tales of Racing Stars 2,PS4,2015.0,Shooter,Namco Bandai Games,0.02,0.02,0.0,0.0,0.04
4472,Battle for Empires,PS2,2006.0,Simulation,Take-Two Interactive,0.02,0.01,0.0,0.01,0.04
4473,Honor Empires II,3DS,2015.0,Strategy,Electronic Arts,0.01,0.01,0.01,0.01,0.04
4474,Gridiron Champions,PS2,2007.0,Role-Playing,Square Enix,0.01,0.01,0.01,0.01,0.04
4475,Shadows Valor: Origins,GBA,2002.0,Role-Playing,CD Projekt,0.01,0.0,0.03,0.0,0.04
4476,Tales of Fairways: Reborn,PS3,2016.0,Fighting,Activision,0.02,0.02,0.0,0.0,0.04
4477,Glory Odyssey,GB,2001.0,Adventure,Capcom,0.02,0.01,0.01,0.0,0.04
4478,Rise of Empires,PS4,2020.0,Role-Playing,Bethesda Softworks,0.02,0.0,0.02,0.0,0.04
4479,Empires Depths: Revolution,XB,2005.0,Shooter,Electronic Arts,0.02,0.01,0.0,0.01,0.04
4480,Kingdom of Destiny: Remastered,XB,2005.0,Simulation,Ubisoft,0.02,0.01,0.0,0.01,0.04
4481,Racing Stars Gridiron: Origins,X360,2005.0,Role-Playing,Square Enix,0.01,0.01,0.01,0.01,0.04
4482,Depths Dragons 3,PSP,2006.0,Sports,Warner Bros. Interactive,0.03,0.01,0.0,0.0,0.04
4483,Shadow of Rebellion Gold Edition,GBA,2001.0,Role-Playing,Bethesda Softworks,0.0,0.01,0.03,0.0,0.04
4484,Champions Heroes Gold Edition,XB,2008.0,Simulation,Take-Two Interactive,0.02,0.01,0.01,0.0,0.04
4485,Fall of Champions II,Wii,2013.0,Racing,Warner Bros. Interactive,0.02,0.02,0.0,0.0,0.04
4486,Chronicles of Destiny 3,Wii,2007.0,Sports,Konami Digital Entertainment,0.03,0.01,0.0,0.0,0.04
4487,Saga of Racing Stars: Origins,XOne,2016.0,Adventure,Konami Digital Entertainment,0.02,0.01,0.01,0.0,0.04
4488,Call of Racing Stars,GC,2003.0,Adventure,Square Enix,0.01,0.02,0.0,0.01,0.04
4489,Saga of Empires II,GBA,2007.0,Action,Warner Bros. Interactive,0.01,0.01,0.01,0.01,0.04
4490,Tales of Titans,GC,2007.0,Action,Square Enix,0.01,0.02,0.01,0.0,0.04
4491,Shadow of Legends: Origins,PSP,2007.0,Role-Playing,Take-Two Interactive,0.02,0.01,0.01,0.0,0.04
4492,Call of Skies: Remastered,Switch,2018.0,Strategy,2K Games,0.01,0.02,0.0,0.01,0.04
4493,Tales of Depths: Origins,Wii,2016.0,Fighting,Microsoft Game Studios,0.01,0.01,0.02,0.0,0.04
4494,Chronicles of Odyssey III,PSV,2018.0,Sports,Disney Interactive Studios,0.02,0.01,0.0,0.01,0.04
4495,Chronicles of Arena,3DS,2016.0,Puzzle,CD Projekt,0.01,0.02,0.0,0.01,0.04
4496,Warriors Racing Stars: Revolution,XOne,,Misc,Epic Games,0.02,0.01,0.0,0.01,0.04
4497,Racing Stars Nations,GBA,2002.0,Adventure,Namco Bandai Games,0.03,0.01,0.0,0.0,0.04
4498,Odyssey Empires,SNES,2001.0,Platform,Ubisoft,0.03,0.01,0.0,0.0,0.04
4499,Champions Depths: Remastered,GB,2001.0,Adventure,Namco Bandai Games,0.02,0.01,0.01,0.0,0.04
4500,Empire of Arena: Remastered,PS3,2011.0,Adventure,THQ,0.0,0.01,0.01,0.02,0.04
4501,Champions Odyssey 3,GB,2004.0,Platform,Capcom,0.02,0.02,0.0,0.0,0.04
4502,Shadow of Depths: Origins,DS,2006.0,Fighting,Disney Interactive Studios,0.02,0.01,0.01,0.0,0.04
4503,Nations Odyssey 2,PS,2004.0,Misc,Atari,0.03,0.01,0.0,0.0,0.04
4504,Saga of Racing Stars 3,WiiU,2019.0,Platform,Microsoft Game Studios,0.02,0.01,0.01,0.0,0.04
4505,Glory Racing Stars: Remastered,PS4,2017.0,Puzzle,Sony Computer Entertainment,0.01,0.02,0.0,0.01,0.04
4506,Fairways Gridiron II,PSV,2020.0,Role-Playing,CD Projekt,0.01,0.01,0.01,0.01,0.04
4507,Frontier Valor 2,PS,2004.0,Shooter,Activision,0.02,0.01,0.0,0.01,0.04
4508,Legends Skies: Origins,3DS,2013.0,Platform,Namco Bandai Games,0.02,0.02,0.0,0.0,0.04
4509,Shadows Titans: Origins,Switch,2020.0,Adventure,Microsoft Game Studios,0.02,0.02,0.0,0.0,0.04
4510,World of Heroes 2,PS,2002.0,Role-Playing,Sega,0.0,0.01,0.02,0.01,0.04
4511,Call of Glory II,XB,2003.0,Platform,Warner Bros. Interactive,0.01,0.02,0.0,0.01,0.04
4512,Age of Rebellion,SNES,2000.0,Adventure,Ubisoft,0.03,0.01,0.0,0.0,0.04
4513,Odyssey Destiny: Origins,PSV,2013.0,Platform,Namco Bandai Games,0.01,0.01,0.01,0.01,0.04
4514,Shadow of Odyssey 2,XOne,2016.0,Action,Capcom,0.02,0.01,0.0,0.01,0.04
4515,Empires Odyssey 2,WiiU,2015.0,Strategy,Disney Interactive Studios,0.02,0.01,0.01,0.0,0.04
4516,Chronicles of Glory: Origins,GB,2006.0,Simulation,2K Games,0.01,0.02,0.01,0.0,0.04
4517,Honor Destiny II,GB,2004.0,Shooter,Ubisoft,0.03,0.01,0.0,0.0,0.04
4518,Legend of Arena,X360,2009.0,Strategy,Ubisoft,0.03,0.01,0.0,0.0,0.04
4519,Warriors Conquest,GC,2010.0,Racing,Activision,0.02,0.02,0.0,0.0,0.04
4520,Saga of Destiny Gold Edition,PC,1999.0,Platform,Electronic Arts,0.03,0.01,0.0,0.0,0.04
4521,Call of Depths III,Switch,2020.0,Adventure,Disney Interactive Studios,0.03,0.0,0.01,0.0,0.04
4522,Fury Racing Stars,XB,2005.0,Strategy,Sega,0.01,0.01,0.01,0.01,0.04
4523,Destiny Odyssey: Reborn,WiiU,2018.0,Platform,Sony Computer Entertainment,0.01,0.01,0.01,0.01,0.04
4524,Valor Skies: Reborn,GBA,2005.0,Fighting,Namco Bandai Games,0.02,0.01,0.01,0.0,0.04
4525,Rise of Champions 3,3DS,2011.0,Role-Playing,CD Projekt,0.01,0.01,0.02,0.0,0.04
4526,Glory Rebellion: Next Gen,PSV,2011.0,Adventure,Bethesda Softworks,0.01,0.01,0.01,0.01,0.04
4527,Fall of Rebellion Gold Edition,GB,2005.0,Misc,Namco Bandai Games,0.02,0.01,0.0,0.01,0.04
4528,Skies Storm,GBA,2006.0,Strategy,THQ,0.01,0.01,0.01,0.01,0.04
4529,Titans Odyssey: Next Gen,PC,2000.0,Action,Epic Games,0.02,0.01,0.0,0.01,0.04
4530,Legends Storm: Revolution,PSV,2011.0,Role-Playing,Microsoft Game Studios,0.01,0.01,0.02,0.0,0.04
4531,Kingdom of Champions,PS4,2017.0,Shooter,Activision,0.03,0.01,0.0,0.0,0.04
4532,Rebellion Honor: Next Gen,PS3,2010.0,Sports,Disney Interactive Studios,0.03,0.01,0.0,0.0,0.04
4533,Quest for Storm III,PSV,2013.0,Sports,Epic Games,0.02,0.01,0.0,0.01,0.04
4534,Shadow of Honor III,3DS,2018.0,Action,Warner Bros. Interactive,0.03,0.01,0.0,0.0,0.04
4535,Depths Odyssey: Origins,Switch,2018.0,Action,THQ,0.03,0.01,0.0,0.0,0.04
4536,Fury Rebellion 3,PC,2002.0,Misc,Nintendo,0.02,0.01,0.0,0.01,0.04
4537,Rise of Titans 3,DS,2007.0,Puzzle,Activision,0.02,0.01,0.0,0.01,0.04
4538,Quest for Arena: Remastered,GC,2001.0,Role-Playing,Square Enix,0.02,0.01,0.01,0.0,0.04
4539,Rise of Warriors II,PSP,2011.0,Adventure,Warner Bros. Interactive,0.01,0.01,0.01,0.01,0.04
4540,Honor Destiny III,GBA,2003.0,Role-Playing,Square Enix,0.01,0.01,0.01,0.01,0.04
4541,Tales of Shadows: Revolution,XOne,2014.0,Shooter,Disney Interactive Studios,0.02,0.01,0.0,0.01,0.04
4542,Saga of Glory: Remastered,PC,2000.0,Puzzle,,0.02,0.01,0.0,0.01,0.04
4543,Shadow of Champions: Origins,XOne,2017.0,Racing,Electronic Arts,0.02,0.01,0.0,0.01,0.04
4544,Frontier Depths III,WiiU,2020.0,Role-Playing,THQ,0.01,0.01,0.02,0.0,0.04
4545,Call of Warriors 2,X360,2008.0,Platform,Nintendo,0.01,0.01,0.01,0.01,0.04
4546,Shadows Champions,N64,2008.0,Fighting,Atari,0.03,0.01,0.0,0.0,0.04
4547,Legend of Heroes: Next Gen,PS,2000.0,Shooter,Konami Digital Entertainment,0.02,0.01,0.01,0.0,0.04
4548,Gridiron Honor II,GB,2002.0,Fighting,Square Enix,0.03,0.01,0.0,0.0,0.04
4549,Shadow of Rebellion II,GBA,2008.0,Puzzle,2K Games,0.01,0.02,0.01,0.0,0.04
4550,Storm Skies Gold Edition,PS,2006.0,Racing,Atari,0.02,0.01,0.0,0.01,0.04
4551,Racing Stars Dragons 3,XOne,2013.0,Misc,Sega,0.02,0.01,0.0,0.01,0.04
4552,Kingdom of Shadows: Remastered,3DS,2016.0,Shooter,2K Games,0.02,0.01,0.0,0.01,0.04
4553,Odyssey Valor 2,XOne,2020.0,Puzzle,2K Games,0.03,0.01,0.0,0.0,0.04
4554,Legend of Valor 2,SNES,2002.0,Role-Playing,Take-Two Interactive,0.0,0.01,0.02,0.01,0.04
4555,Shadows Heroes III,XOne,2016.0,Action,Bethesda Softworks,0.02,0.02,0.0,0.0,0.04
4556,Warriors Dragons: Remastered,GC,2002.0,Racing,Electronic Arts,0.01,0.02,0.0,0.01,0.04
4557,Call of Storm: Revolution,PS3,2007.0,Strategy,Square Enix,0.02,0.01,0.01,0.0,0.04
4558,Chronicles of Heroes III,DS,2006.0,Fighting,Namco Bandai Games,0.02,0.01,0.01,0.0,0.04
4559,Call of Destiny: Revolution,Switch,2017.0,Action,Capcom,0.02,0.01,0.01,0.0,0.04
4560,Frontier Champions: Origins,Switch,2019.0,Strategy,Electronic Arts,0.02,0.01,0.01,0.0,0.04
4561,Warriors Storm 3,N64,2002.0,Strategy,Microsoft Game Studios,0.02,0.01,0.01,0.0,0.04
4562,Legend of Odyssey: Remastered,GB,2004.0,Adventure,Square Enix,0.03,0.01,0.0,0.0,0.04
4563,Age of Destiny: Revolution,X360,2010.0,Strategy,Warner Bros. Interactive,0.03,0.01,0.0,0.0,0.04
4564,Rise of Heroes: Reborn,Wii,2008.0,Adventure,Sega,0.01,0.01,0.01,0.01,0.04
4565,Empire of Frontier: Reborn,PC,1995.0,Fighting,THQ,0.02,0.01,0.0,0.01,0.04
4566,Battle for Odyssey II,DS,2013.0,Adventure,Bethesda Softworks,0.02,0.01,0.01,0.0,0.04
4567,Shadow of Fury III,PSV,2017.0,Fighting,Namco Bandai Games,0.02,0.01,0.0,0.01,0.04
4568,Frontier Nations 3,PS3,2006.0,Role-Playing,Bethesda Softworks,0.02,0.01,0.01,0.0,0.04
4569,Conquest Destiny: Reborn,GC,2011.0,Racing,2K Games,0.02,0.01,0.0,0.01,0.04
4570,Odyssey Arena,GB,1997.0,Fighting,Activision,0.01,0.01,0.01,0.01,0.04
4571,Nations Racing Stars II,N64,1996.0,Fighting,,0.02,0.01,0.01,0.0,0.04
4572,World of Valor,DS,2011.0,Strategy,Sony Computer Entertainment,0.03,0.01,0.0,0.0,0.04
4573,Rise of Nations: Next Gen,PS2,2005.0,Puzzle,Epic Games,0.02,0.02,0.0,0.0,0.04
4574,Realm of Storm III,Switch,2018.0,Strategy,2K Games,0.01,0.01,0.01,0.01,0.04
4575,Empires Destiny,GBA,2008.0,Platform,2K Games,0.01,0.01,0.0,0.02,0.04
4576,Chronicles of Warriors II,N64,2006.0,Shooter,Electronic Arts,0.02,0.01,0.0,0.01,0.04
4577,Empires Dragons: Origins,WiiU,2018.0,Racing,Namco Bandai Games,0.03,0.0,0.0,0.01,0.04
4578,Saga of Warriors: Remastered,GC,2001.0,Misc,Sony Computer Entertainment,0.01,0.02,0.01,0.0,0.04
4579,Saga of Rebellion III,PS2,2001.0,Role-Playing,2K Games,0.01,0.01,0.02,0.0,0.04
4580,Battle for Champions: Next Gen,PC,2001.0,Action,Ubisoft,0.01,0.01,0.01,0.01,0.04
4581,Fury Frontier: Reborn,SNES,1995.0,Adventure,Bethesda Softworks,0.01,0.02,0.0,0.01,0.04
4582,Battle for Skies 2,PS,2001.0,Adventure,Konami Digital Entertainment,0.0,0.01,0.02,0.01,0.04
4583,Saga of Odyssey,N64,2002.0,Puzzle,Warner Bros. Interactive,0.02,0.01,0.01,0.0,0.04
4584,Quest for Legends: Next Gen,Switch,2019.0,Action,Nintendo,0.02,0.01,0.01,0.0,0.04
4585,Fall of Champions,GB,2000.0,Action,Warner Bros. Interactive,0.02,0.01,0.0,0.01,0.04
4586,Tales of Dragons,Switch,2018.0,Racing,Warner Bros. Interactive,0.02,0.01,0.0,0.01,0.04
4587,Rise of Odyssey: Next Gen,GB,2001.0,Shooter,Sega,0.01,0.01,0.01,0.01,0.04
4588,Battle for Gridiron: Origins,PC,1995.0,Sports,Nintendo,0.02,0.01,0.0,0.01,0.04
4589,Call of Champions: Remastered,XOne,2018.0,Puzzle,Namco Bandai Games,0.02,0.0,0.01,0.01,0.04
4590,Skies Heroes,X360,2012.0,Adventure,Epic Games,0.01,0.01,0.01,0.01,0.04
4591,Saga of Warriors III,GC,2001.0,Platform,Microsoft Game Studios,0.01,0.01,0.01,0.01,0.04
4592,Nations Glory: Origins,N64,2003.0,Simulation,Sony Computer Entertainment,0.01,0.01,0.01,0.01,0.04
4593,Battle for Honor II,XOne,2013.0,Adventure,Sega,0.01,0.01,0.01,0.01,0.04
4594,Shadows Honor: Reborn,Switch,2018.0,Platform,Sega,0.02,0.01,0.0,0.01,0.04
4595,Racing Stars Legends 2,N64,2006.0,Adventure,Sega,0.02,0.01,0.0,0.01,0.04
4596,Nations Frontier,X360,2013.0,Simulation,Electronic Arts,0.01,0.01,0.01,0.01,0.04
4597,Gridiron Skies II,WiiU,2020.0,Platform,Disney Interactive Studios,0.02,0.01,0.01,0.0,0.04
4598,Champions Gridiron: Remastered,X360,2014.0,Fighting,Namco Bandai Games,0.02,0.01,0.0,0.01,0.04
4599,Warriors Warriors 3,WiiU,2018.0,Fighting,Activision,0.01,0.01,0.01,0.01,0.04
4600,Rebellion Empires,Wii,2012.0,Misc,Sega,0.01,0.02,0.01,0.0,0.04
4601,Battle for Gridiron 3,XOne,2015.0,Sports,Namco Bandai Games,0.02,0.01,0.0,0.01,0.04
4602,Empire of Skies: Remastered,3DS,2018.0,Simulation,Warner Bros. Interactive,0.02,0.01,0.01,0.0,0.04
4603,Titans Fairways: Remastered,DS,2009.0,Fighting,Epic Games,0.01,0.01,0.01,0.01,0.04
4604,Champions Fury 2,XOne,2017.0,Sports,Activision,0.02,0.01,0.0,0.01,0.04
4605,Chronicles of Rebellion: Origins,3DS,2015.0,Role-Playing,Microsoft Game Studios,0.03,0.0,0.01,0.0,0.04
4606,Kingdom of Duty,PSV,2019.0,Action,CD Projekt,0.01,0.01,0.01,0.01,0.04
4607,Age of Titans: Next Gen,PS,1999.0,Fighting,Sony Computer Entertainment,0.02,0.01,0.01,0.0,0.04
4608,Rise of Champions,X360,2015.0,Platform,Nintendo,0.0,0.01,0.01,0.02,0.04
4609,Odyssey Racing Stars II,GB,2000.0,Action,,0.02,0.01,0.0,0.01,0.04
4610,Racing Stars Depths II,PSP,2007.0,Strategy,Atari,0.03,0.01,0.0,0.0,0.04
4611,Battle for Duty: Next Gen,SNES,2006.0,Platform,Epic Games,0.01,0.02,0.0,0.01,0.04
4612,Nations Nations: Revolution,PS3,2007.0,Sports,Electronic Arts,0.02,0.02,0.0,0.0,0.04
4613,Realm of Legends II,X360,2009.0,Simulation,Take-Two Interactive,0.02,0.01,0.0,0.01,0.04
4614,Shadow of Arena: Origins,SNES,1999.0,Sports,Warner Bros. Interactive,0.03,0.01,0.0,0.0,0.04
4615,Realm of Odyssey 2,PSV,2011.0,Puzzle,Capcom,0.01,0.01,0.01,0.01,0.04
4616,Frontier Empires,GB,2001.0,Fighting,Microsoft Game Studios,0.02,0.01,0.01,0.0,0.04
4617,Conquest Empires 2,PSV,2013.0,Action,Nintendo,0.01,0.02,0.0,0.01,0.04
4618,Call of Skies,SNES,2003.0,Adventure,Sony Computer Entertainment,0.02,0.01,0.01,0.0,0.04
4619,Gridiron Destiny,PS2,2004.0,Racing,Konami Digital Entertainment,0.02,0.01,0.0,0.01,0.04
4620,Legends Rebellion: Revolution,Switch,2018.0,Puzzle,Disney Interactive Studios,0.02,0.01,0.01,0.0,0.04
4621,Saga of Odyssey: Origins,PS3,2017.0,Simulation,Electronic Arts,0.01,0.01,0.01,0.01,0.04
4622,Legend of Skies 2,GB,1999.0,Fighting,Konami Digital Entertainment,0.01,0.01,0.01,0.01,0.04
4623,Saga of Racing Stars,PS2,2007.0,Fighting,Epic Games,0.02,0.01,0.0,0.01,0.04
4624,Fury Warriors,3DS,2019.0,Strategy,THQ,0.02,0.01,0.0,0.01,0.04
4625,Quest for Frontier: Next Gen,PS2,2003.0,Action,Konami Digital Entertainment,0.03,0.01,0.0,0.0,0.04
4626,Shadow of Gridiron 3,GC,2011.0,Strategy,Capcom,0.03,0.01,0.0,0.0,0.04
4627,Destiny Honor,PSP,2016.0,Adventure,Namco Bandai Games,0.02,0.0,0.01,0.01,0.04
4628,Quest for Skies,Switch,2019.0,Shooter,THQ,0.02,0.01,0.0,0.01,0.04
4629,Skies Glory,GBA,2009.0,Puzzle,Nintendo,0.02,0.01,0.0,0.01,0.04
4630,Honor Empires 3,GC,2010.0,Fighting,Take-Two Interactive,0.01,0.02,0.01,0.0,0.04
4631,Quest for Shadows III,XOne,2013.0,Shooter,Warner Bros. Interactive,0.02,0.01,0.0,0.01,0.04
4632,Warriors Titans 2,PC,1998.0,Adventure,Bethesda Softworks,0.02,0.01,0.0,0.01,0.04
4633,Nations Shadows III,PS3,2012.0,Adventure,Square Enix,0.02,0.01,0.0,0.01,0.04
4634,Legend of Nations 2,GBA,2007.0,Role-Playing,Bethesda Softworks,0.01,0.0,0.02,0.01,0.04
4635,Saga of Warriors,DS,2009.0,Fighting,2K Games,0.02,0.01,0.01,0.0,0.04
4636,Realm of Destiny: Reborn,GB,2000.0,Platform,Warner Bros. Interactive,0.02,0.01,0.01,0.0,0.04
4637,Titans Destiny II,PC,2001.0,Sports,Konami Digital Entertainment,0.03,0.01,0.0,0.0,0.04
4638,World of Racing Stars: Reborn,PS4,2013.0,Simulation,Capcom,0.01,0.02,0.01,0.0,0.04
4639,Saga of Honor: Reborn,XB,2004.0,Fighting,Capcom,0.01,0.01,0.01,0.01,0.04
4640,Destiny Storm III,PS2,2008.0,Simulation,Ubisoft,0.03,0.01,0.0,0.0,0.04
4641,Kingdom of Frontier: Revolution,GC,2012.0,Shooter,Namco Bandai Games,0.02,0.01,0.0,0.01,0.04
4642,Quest for Duty: Reborn,XOne,2017.0,Role-Playing,Nintendo,0.02,0.01,0.01,0.0,0.04
4643,Legend of Depths Gold Edition,PSP,2014.0,Fighting,Activision,0.01,0.01,0.01,0.01,0.04
4644,Quest for Glory: Origins,GBA,2005.0,Racing,Namco Bandai Games,0.03,0.01,0.0,0.0,0.04
4645,Shadow of Storm 2,WiiU,2018.0,Action,Electronic Arts,0.01,0.02,0.0,0.01,0.04
4646,Battle for Champions 2,PSV,2019.0,Role-Playing,Square Enix,0.01,0.01,0.01,0.01,0.04
4647,Fairways Storm: Next Gen,WiiU,2012.0,Action,Activision,0.03,0.01,0.0,0.0,0.04
4648,Tales of Skies: Reborn,Wii,2006.0,Platform,2K Games,0.01,0.01,0.01,0.01,0.04
4649,Legend of Destiny II,X360,2008.0,Action,Warner Bros. Interactive,0.02,0.02,0.0,0.0,0.04
4650,Empire of Fairways: Remastered,Switch,2019.0,Simulation,Electronic Arts,0.03,0.01,0.0,0.0,0.04
4651,Rebellion Legends: Remastered,Switch,2018.0,Sports,Nintendo,0.02,0.01,0.0,0.01,0.04
4652,Odyssey Storm: Remastered,PC,2001.0,Action,Ubisoft,0.02,0.02,0.0,0.0,0.04
4653,Legends Glory: Remastered,XB,2009.0,Role-Playing,Nintendo,0.01,0.01,0.01,0.01,0.04
4654,Glory Empires: Next Gen,3DS,2012.0,Fighting,Microsoft Game Studios,0.03,0.01,0.0,0.0,0.04
4655,Racing Stars Odyssey,SNES,1999.0,Role-Playing,Konami Digital Entertainment,0.01,0.0,0.02,0.01,0.04
4656,World of Conquest 3,N64,2008.0,Fighting,Capcom,0.02,0.01,0.01,0.0,0.04
4657,Fall of Empires: Reborn,GBA,2004.0,Shooter,Capcom,0.03,0.01,0.0,0.0,0.04
4658,Fairways Arena: Reborn,N64,2008.0,Shooter,Microsoft Game Studios,0.02,0.02,0.0,0.0,0.04
4659,Kingdom of Empires: Next Gen,PC,1996.0,Role-Playing,Capcom,0.02,0.01,0.01,0.0,0.04
4660,Legends Nations,DS,2011.0,Platform,Capcom,0.01,0.01,0.01,0.01,0.04
4661,Duty Depths 2,XB,2010.0,Platform,Nintendo,0.01,0.01,0.01,0.01,0.04
4662,World of Fairways,PS4,2013.0,Shooter,Activision,0.02,0.01,0.0,0.01,0.04
4663,Shadow of Frontier: Revolution,GBA,2009.0,Fighting,Square Enix,0.03,0.01,0.0,0.0,0.04
4664,Tales of Glory,WiiU,2012.0,Simulation,Atari,0.02,0.01,0.0,0.01,0.04
4665,Age of Duty: Origins,Switch,2017.0,Fighting,Activision,0.02,0.0,0.01,0.01,0.04
4666,Fairways Champions,X360,2014.0,Puzzle,Warner Bros. Interactive,0.03,0.01,0.0,0.0,0.04
4667,Legend of Fury: Origins,Wii,2012.0,Puzzle,Namco Bandai Games,0.02,0.01,0.01,0.0,0.04
4668,Frontier Skies III,PSP,2016.0,Fighting,THQ,0.01,0.01,0.01,0.01,0.04
4669,Fairways Depths 2,XB,2005.0,Sports,Nintendo,0.03,0.01,0.0,0.0,0.04
4670,Racing Stars Warriors: Remastered,PS2,2003.0,Role-Playing,Square Enix,0.01,0.0,0.02,0.01,0.04
4671,Glory Skies: Remastered,PS,2007.0,Racing,Bethesda Softworks,0.01,0.01,0.01,0.01,0.04
4672,Duty Storm: Remastered,X360,2017.0,Strategy,Sega,0.01,0.01,0.01,0.01,0.04
4673,Call of Heroes: Reborn,XB,2001.0,Strategy,THQ,0.03,0.01,0.0,0.0,0.04
4674,Realm of Odyssey: Origins,XB,2006.0,Fighting,2K Games,0.02,0.01,0.01,0.0,0.04
4675,Empire of Dragons,WiiU,2013.0,Sports,Capcom,0.02,0.01,0.0,0.01,0.04
4676,Rise of Shadows Gold Edition,Switch,,Role-Playing,Ubisoft,0.0,0.01,0.02,0.01,0.04
4677,Fall of Rebellion III,XB,2005.0,Adventure,Bethesda Softworks,0.02,0.01,0.01,0.0,0.04
4678,Gridiron Nations: Reborn,PSP,2010.0,Fighting,Activision,0.02,0.01,0.01,0.0,0.04
4679,Legend of Dragons: Remastered,XB,2004.0,Fighting,Microsoft Game Studios,0.02,0.02,0.0,0.0,0.04
4680,Fall of Shadows Gold Edition,PS,1996.0,Adventure,Bethesda Softworks,0.01,0.01,0.01,0.01,0.04
4681,Tales of Nations II,GC,2009.0,Adventure,CD Projekt,0.03,0.01,0.0,0.0,0.04
4682,Battle for Champions,N64,1996.0,Simulation,Epic Games,0.02,0.01,0.01,0.0,0.04
4683,Tales of Conquest Gold Edition,PSP,2005.0,Strategy,Sony Computer Entertainment,0.02,0.01,0.01,0.0,0.04
4684,Kingdom of Depths,SNES,2003.0,Shooter,Capcom,0.02,0.01,0.0,0.01,0.04
4685,Kingdom of Gridiron: Revolution,PS4,2018.0,Shooter,Sony Computer Entertainment,0.03,0.01,0.0,0.0,0.04
4686,Kingdom of Depths: Revolution,XB,2003.0,Sports,Sony Computer Entertainment,0.01,0.02,0.0,0.01,0.04
4687,Rebellion Frontier,PS4,2020.0,Platform,Epic Games,0.03,0.01,0.0,0.0,0.04
4688,Chronicles of Warriors: Remastered,PSP,2015.0,Misc,Warner Bros. Interactive,0.02,0.02,0.0,0.0,0.04
4689,Fairways Honor: Reborn,GB,2005.0,Action,THQ,0.02,0.01,0.01,0.0,0.04
4690,Legend of Arena,XB,2001.0,Platform,Atari,0.02,0.01,0.0,0.01,0.04
4691,Shadows Fairways III,SNES,1999.0,Role-Playing,Sony Computer Entertainment,0.01,0.01,0.01,0.01,0.04
4692,Chronicles of Titans Gold Edition,GB,2002.0,Platform,Take-Two Interactive,0.02,0.01,0.0,0.01,0.04
4693,Storm Gridiron: Revolution,PS,1999.0,Adventure,Square Enix,0.01,0.01,0.01,0.01,0.04
4694,Saga of Titans,X360,2015.0,Platform,Sega,0.01,0.01,0.01,0.01,0.04
4695,Battle for Racing Stars III,PC,2001.0,Racing,Activision,0.02,0.01,0.0,0.01,0.04
4696,Storm Shadows: Revolution,WiiU,2019.0,Action,,0.02,0.01,0.0,0.01,0.04
4697,Odyssey Frontier: Revolution,Wii,2010.0,Racing,Epic Games,0.01,0.01,0.01,0.01,0.04
4698,Legend of Valor Gold Edition,XB,2004.0,Action,Activision,0.01,0.02,0.0,0.01,0.04
4699,Age of Heroes III,X360,2014.0,Sports,Konami Digital Entertainment,0.03,0.01,0.0,0.0,0.04
4700,World of Skies: Remastered,XB,2001.0,Racing,2K Games,0.02,0.02,0.0,0.0,0.04
4701,Rise of Champions II,SNES,1995.0,Role-Playing,Nintendo,0.02,0.01,0.01,0.0,0.04
4702,Champions Titans: Reborn,PS,1999.0,Puzzle,Microsoft Game Studios,0.01,0.01,0.01,0.01,0.04
4703,Duty Heroes II,PS,1997.0,Fighting,Activision,0.01,0.01,0.01,0.01,0.04
4704,Call of Odyssey: Next Gen,WiiU,2020.0,Action,Warner Bros. Interactive,0.01,0.01,0.01,0.01,0.04
4705,Fall of Heroes,PS4,2015.0,Racing,Take-Two Interactive,0.02,0.01,0.0,0.01,0.04
4706,Destiny Valor,PS3,2017.0,Puzzle,Take-Two Interactive,0.01,0.01,0.01,0.01,0.04
4707,Realm of Shadows,SNES,2005.0,Fighting,Warner Bros. Interactive,0.01,0.01,0.01,0.01,0.04
4708,Skies Racing Stars II,N64,2003.0,Sports,Nintendo,0.03,0.01,0.0,0.0,0.04
4709,Fall of Shadows Gold Edition,PS4,2014.0,Misc,Sony Computer Entertainment,0.02,0.01,0.01,0.0,0.04
4710,Rebellion Honor: Origins,WiiU,2016.0,Action,Warner Bros. Interactive,0.01,0.02,0.01,0.0,0.04
4711,Arena Odyssey Gold Edition,SNES,1996.0,Racing,Atari,0.02,0.01,0.0,0.01,0.04
4712,Storm Glory: Next Gen,XOne,2016.0,Action,Sony Computer Entertainment,0.02,0.01,0.0,0.01,0.04
4713,Warriors Champions: Remastered,WiiU,2018.0,Shooter,Capcom,0.02,0.01,0.0,0.01,0.04
4714,Storm Honor: Origins,N64,1997.0,Adventure,CD Projekt,0.03,0.01,0.0,0.0,0.04
4715,Shadow of Racing Stars: Revolution,PSP,,Fighting,Konami Digital Entertainment,0.02,0.01,0.0,0.01,0.04
4716,Fall of Storm: Next Gen,PS4,2014.0,Fighting,Bethesda Softworks,0.01,0.01,0.01,0.01,0.04
4717,Fall of Storm 2,Switch,2017.0,Action,Konami Digital Entertainment,0.01,0.01,0.01,0.01,0.04
4718,Saga of Fury: Origins,PC,1999.0,Fighting,Bethesda Softworks,0.01,0.02,0.01,0.0,0.04
4719,Dragons Nations: Revolution,PS3,2012.0,Puzzle,Konami Digital Entertainment,0.01,0.01,0.01,0.01,0.04
4720,Kingdom of Arena 2,GBA,2003.0,Simulation,Epic Games,0.01,0.01,0.01,0.01,0.04
4721,Saga of Odyssey 2,X360,2013.0,Strategy,Electronic Arts,0.03,0.01,0.0,0.0,0.04
4722,Depths Rebellion III,PS3,2006.0,Fighting,Activision,0.01,0.02,0.0,0.01,0.04
4723,Battle for Rebellion Gold Edition,XOne,2020.0,Puzzle,Activision,0.02,0.01,0.0,0.01,0.04
4724,Call of Valor II,PS4,2015.0,Misc,Sega,0.02,0.01,0.0,0.01,0.04
4725,Valor Duty: Remastered,PSP,2016.0,Puzzle,Namco Bandai Games,0.02,0.01,0.01,0.0,0.04
4726,Legend of Odyssey: Remastered,3DS,2017.0,Fighting,Take-Two Interactive,0.02,0.01,0.01,0.0,0.04
4727,Fall of Frontier II,XOne,2016.0,Shooter,Sega,0.02,0.01,0.0,0.01,0.04
4728,World of Heroes Gold Edition,X360,,Sports,THQ,0.02,0.01,0.0,0.01,0.04
4729,Realm of Heroes: Origins,WiiU,2012.0,Simulation,Ubisoft,0.02,0.01,0.01,0.0,0.04
4730,Heroes Heroes 2,PS2,2003.0,Fighting,Microsoft Game Studios,0.02,0.01,0.01,0.0,0.04
4731,Age of Skies II,PSV,,Action,2K Games,0.02,0.01,0.01,0.0,0.04
4732,Warriors Odyssey: Revolution,Switch,,Puzzle,Nintendo,0.01,0.02,0.01,0.0,0.04
4733,Rise of Shadows: Reborn,3DS,2013.0,Action,2K Games,0.01,0.01,0.01,0.01,0.04
4734,Gridiron Valor: Remastered,SNES,2004.0,Fighting,Ubisoft,0.02,0.0,0.01,0.01,0.04
4735,Age of Honor: Next Gen,WiiU,2013.0,Racing,THQ,0.01,0.02,0.0,0.01,0.04
4736,Tales of Odyssey III,PSP,2008.0,Fighting,Konami Digital Entertainment,0.03,0.01,0.0,0.0,0.04
4737,Frontier Arena III,PC,2000.0,Action,Konami Digital Entertainment,0.01,0.01,0.01,0.01,0.04
4738,Rise of Depths III,GB,1997.0,Shooter,Atari,0.02,0.02,0.0,0.0,0.04
4739,Fall of Heroes: Origins,PSP,2008.0,Action,Ubisoft,0.02,0.01,0.01,0.0,0.04
4740,Odyssey Shadows Gold Edition,SNES,1997.0,Adventure,Electronic Arts,0.0,0.02,0.01,0.01,0.04
4741,Shadow of Empires: Origins,PS,2003.0,Adventure,Sega,0.01,0.02,0.01,0.0,0.04
4742,Dragons Honor: Next Gen,Wii,2013.0,Action,Capcom,0.01,0.02,0.01,0.0,0.04
4743,Valor Honor,Switch,2019.0,Strategy,Epic Games,0.02,0.01,0.01,0.0,0.04
4744,Tales of Fairways III,WiiU,2015.0,Shooter,Nintendo,0.02,0.01,0.0,0.01,0.04
4745,Glory Fairways: Revolution,XB,2002.0,Misc,Epic Games,0.02,0.01,0.0,0.01,0.04
4746,World of Arena: Next Gen,PSV,2013.0,Sports,Atari,0.02,0.01,0.0,0.01,0.04
4747,Call of Frontier: Reborn,PS2,2008.0,Fighting,Namco Bandai Games,0.01,0.01,0.01,0.01,0.04
4748,Shadow of Conquest Gold Edition,PSP,2016.0,Misc,Epic Games,0.01,0.01,0.01,0.01,0.04
4749,Saga of Storm: Remastered,GB,2003.0,Role-Playing,THQ,0.0,0.01,0.02,0.01,0.04
4750,World of Empires 2,PSP,2013.0,Simulation,Sony Computer Entertainment,0.02,0.01,0.0,0.01,0.04
4751,Honor Arena 3,N64,2008.0,Shooter,Capcom,0.02,0.01,0.0,0.01,0.04
4752,Battle for Titans: Revolution,GC,2006.0,Puzzle,Warner Bros. Interactive,0.02,0.02,0.0,0.0,0.04
4753,Fall of Duty: Reborn,XB,2009.0,Racing,Epic Games,0.02,0.01,0.0,0.01,0.04
4754,Quest for Nations II,Switch,2019.0,Fighting,2K Games,0.01,0.01,0.01,0.01,0.04
4755,Call of Dragons,X360,2013.0,Sports,Electronic Arts,0.02,0.01,0.0,0.01,0.04
4756,Titans Empires: Origins,GC,2010.0,Adventure,Sony Computer Entertainment,0.03,0.01,0.0,0.0,0.04
4757,Chronicles of Nations Gold Edition,GB,1997.0,Simulation,Ubisoft,0.02,0.01,0.0,0.01,0.04
4758,Age of Honor: Revolution,N64,2000.0,Shooter,Electronic Arts,0.01,0.02,0.0,0.01,0.04
4759,Conquest Champions: Revolution,GC,2004.0,Role-Playing,THQ,0.01,0.01,0.01,0.01,0.04
4760,Kingdom of Champions III,PSV,2017.0,Sports,Electronic Arts,0.03,0.01,0.0,0.0,0.04
4761,Titans Conquest,Switch,2018.0,Simulation,Sega,0.01,0.01,0.01,0.01,0.04
4762,Rebellion Frontier: Origins,X360,2012.0,Racing,Warner Bros. Interactive,0.02,0.02,0.0,0.0,0.04
4763,Legend of Titans II,PS4,2016.0,Role-Playing,Sony Computer Entertainment,0.01,0.01,0.02,0.0,0.04
4764,Dragons Heroes 2,PS4,2017.0,Fighting,Microsoft Game Studios,0.02,0.01,0.01,0.0,0.04
4765,Chronicles of Champions: Next Gen,N64,2006.0,Puzzle,Atari,0.02,0.01,0.01,0.0,0.04
4766,Rebellion Fury: Remastered,GBA,2002.0,Fighting,Konami Digital Entertainment,0.0,0.02,0.01,0.01,0.04
4767,Warriors Arena: Revolution,GB,1998.0,Action,Capcom,0.02,0.01,0.01,0.0,0.04
4768,Glory Nations: Next Gen,PSP,2015.0,Role-Playing,Bethesda Softworks,0.01,0.01,0.02,0.0,0.04
4769,Battle for Depths Gold Edition,XOne,,Simulation,Sega,0.02,0.01,0.01,0.0,0.04
4770,Storm Legends 3,GB,1996.0,Strategy,Atari,0.03,0.01,0.0,0.0,0.04
4771,World of Depths: Reborn,PC,1997.0,Simulation,Konami Digital Entertainment,0.02,0.02,0.0,0.0,0.04
4772,Shadow of Shadows,Switch,2017.0,Role-Playing,Take-Two Interactive,0.01,0.02,0.01,0.0,0.04
4773,Empire of Heroes 2,3DS,2017.0,Fighting,Microsoft Game Studios,0.01,0.02,0.01,0.0,0.04
4774,Shadow of Glory,PS2,2005.0,Shooter,Namco Bandai Games,0.02,0.01,0.0,0.01,0.04
4775,Tales of Gridiron: Next Gen,3DS,2017.0,Action,Konami Digital Entertainment,0.03,0.01,0.0,0.0,0.04
4776,Chronicles of Shadows: Origins,Switch,2017.0,Platform,Atari,0.02,0.01,0.0,0.01,0.04
4777,World of Racing Stars,Wii,2014.0,Role-Playing,Square Enix,0.02,0.01,0.01,0.0,0.04
4778,Rise of Titans,PS,2007.0,Simulation,Take-Two Interactive,0.03,0.0,0.01,0.0,0.04
4779,Skies Champions: Origins,PS3,2008.0,Simulation,Warner Bros. Interactive,0.01,0.02,0.01,0.0,0.04
4780,Fall of Rebellion: Remastered,PC,1997.0,Role-Playing,THQ,0.01,0.02,0.01,0.0,0.04
4781,Legends Heroes II,Wii,2013.0,Adventure,Bethesda Softworks,0.01,0.01,0.02,0.0,0.04
4782,Shadows Warriors II,PSP,2012.0,Misc,Ubisoft,0.01,0.01,0.01,0.01,0.04
4783,Arena Storm,GB,2000.0,Fighting,Activision,0.02,0.01,0.01,0.0,0.04
4784,Realm of Honor 2,SNES,2005.0,Sports,Electronic Arts,0.02,0.01,0.0,0.01,0.04
4785,Frontier Heroes: Remastered,SNES,2003.0,Action,Microsoft Game Studios,0.01,0.01,0.01,0.01,0.04
4786,Fairways Champions: Reborn,PSV,2018.0,Action,Epic Games,0.0,0.03,0.01,0.0,0.04
4787,Chronicles of Champions 2,DS,2008.0,Action,Electronic Arts,0.03,0.01,0.0,0.0,0.04
4788,Battle for Valor: Reborn,XB,2005.0,Action,Disney Interactive Studios,0.03,0.01,0.0,0.0,0.04
4789,Depths Champions: Origins,XB,2001.0,Puzzle,Nintendo,0.03,0.01,0.0,0.0,0.04
4790,Fall of Fury: Next Gen,GBA,2009.0,Racing,Sega,0.02,0.01,0.0,0.01,0.04
4791,Tales of Titans,GC,2013.0,Role-Playing,Nintendo,0.01,0.01,0.02,0.0,0.04
4792,Conquest Empires,XOne,2013.0,Adventure,Atari,0.02,0.01,0.01,0.0,0.04
4793,Champions Nations,WiiU,2012.0,Adventure,Bethesda Softworks,0.02,0.01,0.0,0.01,0.04
4794,Odyssey Heroes: Origins,SNES,1996.0,Misc,Konami Digital Entertainment,0.03,0.0,0.0,0.01,0.04
4795,Fairways Frontier,GB,1998.0,Simulation,THQ,0.01,0.02,0.0,0.01,0.04
4796,Rebellion Empires,GBA,2004.0,Action,Atari,0.01,0.02,0.01,0.0,0.04
4797,Storm Warriors: Reborn,PS4,2018.0,Racing,Electronic Arts,0.01,0.02,0.0,0.01,0.04
4798,Saga of Fairways 2,GBA,2002.0,Sports,Warner Bros. Interactive,0.02,0.01,0.0,0.01,0.04
4799,Age of Heroes III,PC,2000.0,Adventure,CD Projekt,0.01,0.01,0.0,0.02,0.04
4800,Battle for Titans,PSP,2007.0,Racing,Ubisoft,0.01,0.02,0.0,0.01,0.04
4801,Battle for Fairways: Next Gen,GBA,2004.0,Misc,Capcom,0.02,0.01,0.01,0.0,0.04
4802,Quest for Shadows: Next Gen,Wii,2010.0,Adventure,Square Enix,0.02,0.02,0.0,0.0,0.04
4803,Realm of Destiny III,PS4,2016.0,Adventure,Sega,0.02,0.01,0.0,0.01,0.04
4804,Depths Shadows III,XB,2010.0,Fighting,Electronic Arts,0.01,0.01,0.01,0.01,0.04
4805,Fall of Empires,X360,2009.0,Shooter,Electronic Arts,0.01,0.02,0.0,0.01,0.04
4806,Call of Frontier III,PC,1995.0,Adventure,Microsoft Game Studios,0.02,0.01,0.0,0.01,0.04
4807,Arena Depths: Revolution,SNES,1997.0,Platform,Sony Computer Entertainment,0.01,0.02,0.01,0.0,0.04
4808,Titans Glory 3,GBA,2004.0,Shooter,2K Games,0.03,0.01,0.0,0.0,0.04
4809,Fall of Depths,XOne,2017.0,Shooter,2K Games,0.02,0.01,0.0,0.01,0.04
4810,Heroes Odyssey: Origins,PS4,2017.0,Action,Capcom,0.02,0.01,0.0,0.01,0.04
4811,Gridiron Champions: Next Gen,PSP,2004.0,Sports,Activision,0.02,0.01,0.0,0.01,0.04
4812,Conquest Dragons III,N64,1998.0,Platform,Capcom,0.02,0.02,0.0,0.0,0.04
4813,Champions Fury 2,X360,2007.0,Platform,CD Projekt,0.02,0.01,0.01,0.0,0.04
4814,Champions Storm: Revolution,GC,2013.0,Adventure,Warner Bros. Interactive,0.01,0.01,0.01,0.01,0.04
4815,Empires Racing Stars III,XOne,2014.0,Sports,THQ,0.02,0.02,0.0,0.0,0.04
4816,Age of Valor: Revolution,GBA,2004.0,Role-Playing,Square Enix,0.01,0.01,0.02,0.0,0.04
4817,Shadow of Frontier II,Switch,2017.0,Strategy,Microsoft Game Studios,0.01,0.01,0.01,0.01,0.04
4818,Dragons Heroes 3,PS,1998.0,Racing,Atari,0.02,0.01,0.01,0.0,0.04
4819,Conquest Heroes: Origins,GBA,2004.0,Fighting,Epic Games,0.01,0.01,0.01,0.01,0.04
4820,Battle for Destiny,N64,1996.0,Fighting,THQ,0.01,0.02,0.0,0.01,0.04
4821,Call of Nations: Reborn,XOne,2016.0,Platform,,0.02,0.01,0.0,0.01,0.04
4822,Battle for Duty 2,WiiU,2014.0,Misc,Capcom,0.01,0.01,0.01,0.01,0.04
4823,Depths Shadows: Next Gen,GBA,2002.0,Shooter,Electronic Arts,0.01,0.01,0.01,0.01,0.04
4824,Empire of Rebellion: Origins,N64,1997.0,Role-Playing,Konami Digital Entertainment,0.01,0.01,0.02,0.0,0.04
4825,Conquest Racing Stars: Revolution,GB,1998.0,Adventure,Electronic Arts,0.02,0.01,0.01,0.0,0.04
4826,Tales of Gridiron III,PSP,2010.0,Role-Playing,Epic Games,0.01,0.01,0.02,0.0,0.04
4827,Heroes Destiny: Revolution,DS,2006.0,Action,Konami Digital Entertainment,0.01,0.02,0.0,0.01,0.04
4828,World of Duty,X360,2014.0,Shooter,Namco Bandai Games,0.01,0.01,0.0,0.02,0.04
4829,Chronicles of Honor 3,WiiU,2020.0,Puzzle,Nintendo,0.01,0.02,0.01,0.0,0.04
4830,Champions Honor,X360,2013.0,Role-Playing,CD Projekt,0.01,0.01,0.02,0.0,0.04
4831,Call of Heroes III,PS4,2019.0,Role-Playing,Disney Interactive Studios,0.01,0.01,0.02,0.0,0.04
4832,Shadow of Empires,Wii,2009.0,Role-Playing,Capcom,0.02,0.01,0.01,0.0,0.04
4833,Saga of Duty: Next Gen,PSV,2014.0,Misc,Nintendo,0.02,0.01,0.0,0.01,0.04
4834,Chronicles of Depths: Revolution,X360,2012.0,Platform,Electronic Arts,0.02,0.01,0.0,0.01,0.04
4835,Nations Destiny Gold Edition,PC,1996.0,Role-Playing,CD Projekt,0.01,0.01,0.02,0.0,0.04
4836,Warriors Glory: Next Gen,PS4,2019.0,Racing,Microsoft Game Studios,0.02,0.01,0.0,0.01,0.04
4837,Tales of Duty Gold Edition,XOne,2020.0,Shooter,Disney Interactive Studios,0.03,0.0,0.0,0.01,0.04
4838,Kingdom of Shadows III,GC,2002.0,Misc,Bethesda Softworks,0.01,0.01,0.01,0.01,0.04
4839,Skies Odyssey: Reborn,GBA,2004.0,Racing,Sega,0.02,0.01,0.0,0.01,0.04
4840,Depths Skies: Reborn,3DS,2019.0,Fighting,Ubisoft,0.02,0.01,0.0,0.01,0.04
4841,Saga of Heroes: Next Gen,PSP,2016.0,Sports,Disney Interactive Studios,0.03,0.01,0.0,0.0,0.04
4842,Frontier Destiny II,3DS,2012.0,Fighting,Konami Digital Entertainment,0.02,0.01,0.0,0.01,0.04
4843,Battle for Destiny: Revolution,WiiU,2020.0,Strategy,Activision,0.02,0.01,0.0,0.01,0.04
4844,Nations Glory: Remastered,GB,2000.0,Sports,Microsoft Game Studios,0.02,0.01,0.0,0.01,0.04
4845,Honor Warriors III,XOne,2014.0,Action,Activision,0.02,0.02,0.0,0.0,0.04
4846,Heroes Dragons,Switch,2019.0,Adventure,Ubisoft,0.02,0.01,0.01,0.0,0.04
4847,Fall of Arena III,3DS,2019.0,Puzzle,Nintendo,0.01,0.02,0.01,0.0,0.04
4848,Fairways Fury: Reborn,PS2,2007.0,Adventure,Bethesda Softworks,0.01,0.01,0.01,0.01,0.04
4849,World of Titans,GB,2003.0,Adventure,Square Enix,0.02,0.01,0.01,0.0,0.04
4850,Call of Duty,GBA,2002.0,Shooter,Disney Interactive Studios,0.03,0.01,0.0,0.0,0.04
4851,Empire of Glory II,WiiU,2019.0,Puzzle,Take-Two Interactive,0.01,0.02,0.01,0.0,0.04
4852,Age of Nations: Reborn,XB,2010.0,Action,Bethesda Softworks,0.02,0.01,0.01,0.0,0.04
4853,Chronicles of Frontier 2,GC,2004.0,Strategy,THQ,0.03,0.0,0.0,0.01,0.04
4854,Battle for Heroes: Remastered,PS,1998.0,Shooter,Sega,0.03,0.01,0.0,0.0,0.04
4855,Racing Stars Duty 3,SNES,2000.0,Platform,Namco Bandai Games,0.02,0.01,0.01,0.0,0.04
4856,Empires Legends: Reborn,XB,2010.0,Sports,Nintendo,0.02,0.01,0.0,0.01,0.04
4857,Empires Fairways: Next Gen,XOne,2019.0,Misc,THQ,0.03,0.01,0.0,0.0,0.04
4858,Empire of Titans 2,Wii,,Action,Epic Games,0.01,0.02,0.01,0.0,0.04
4859,Dragons Fairways Gold Edition,XB,2004.0,Puzzle,CD Projekt,0.03,0.01,0.0,0.0,0.04
4860,Call of Rebellion: Origins,WiiU,2018.0,Platform,Nintendo,0.01,0.02,0.0,0.01,0.04
4861,Warriors Skies 2,Switch,2018.0,Strategy,Capcom,0.01,0.02,0.01,0.0,0.04
4862,Age of Legends Gold Edition,GC,2009.0,Role-Playing,2K Games,0.02,0.0,0.02,0.0,0.04
4863,Saga of Warriors III,Wii,2014.0,Fighting,Konami Digital Entertainment,0.02,0.01,0.0,0.01,0.04
4864,Kingdom of Skies 2,PC,1996.0,Simulation,Bethesda Softworks,0.01,0.01,0.01,0.01,0.04
4865,Honor Storm,GBA,2004.0,Action,Capcom,0.01,0.01,0.01,0.01,0.04
4866,Odyssey Empires II,SNES,2005.0,Strategy,Capcom,0.03,0.01,0.0,0.0,0.04
4867,Legends Titans 2,N64,2003.0,Role-Playing,Square Enix,0.01,0.0,0.02,0.01,0.04
4868,Honor Legends,3DS,2013.0,Platform,Sony Computer Entertainment,0.02,0.01,0.01,0.0,0.04
4869,Storm Honor: Revolution,GC,2009.0,Adventure,CD Projekt,0.01,0.01,0.01,0.01,0.04
4870,Duty Heroes 3,PSP,2008.0,Puzzle,Nintendo,0.02,0.01,0.01,0.0,0.04
4871,Call of Empires: Next Gen,PS2,2000.0,Role-Playing,2K Games,0.0,0.02,0.01,0.01,0.04
4872,Honor Shadows 2,DS,2007.0,Action,Konami Digital Entertainment,0.02,0.01,0.01,0.0,0.04
4873,Realm of Honor 3,XB,2005.0,Shooter,Sega,0.03,0.01,0.0,0.0,0.04
4874,Frontier Empires Gold Edition,Switch,2017.0,Action,Sony Computer Entertainment,0.01,0.01,0.01,0.01,0.04
4875,Saga of Legends: Next Gen,PS3,2012.0,Role-Playing,CD Projekt,0.01,0.01,0.01,0.01,0.04
4876,Warriors Titans,GB,2006.0,Simulation,Electronic Arts,0.02,0.01,0.01,0.0,0.04
4877,Storm Frontier: Next Gen,N64,2001.0,Role-Playing,Square Enix,0.01,0.01,0.01,0.01,0.04
4878,Shadow of Arena II,PC,1999.0,Adventure,CD Projekt,0.03,0.01,0.0,0.0,0.04
4879,Valor Fury Gold Edition,PS3,2013.0,Misc,Square Enix,0.02,0.01,0.0,0.01,0.04
4880,Empire of Odyssey: Next Gen,Switch,2017.0,Fighting,Bethesda Softworks,0.03,0.01,0.0,0.0,0.04
4881,Shadow of Depths: Remastered,XB,2010.0,Simulation,Konami Digital Entertainment,0.01,0.02,0.0,0.01,0.04
4882,Fall of Rebellion,SNES,2004.0,Sports,Electronic Arts,0.03,0.01,0.0,0.0,0.04
4883,Duty Duty 2,PS2,2000.0,Role-Playing,CD Projekt,0.01,0.01,0.02,0.0,0.04
4884,Quest for Arena: Next Gen,GB,2003.0,Action,Nintendo,0.0,0.03,0.01,0.0,0.04
4885,Dragons Racing Stars: Origins,GBA,2008.0,Sports,2K Games,0.02,0.01,0.0,0.01,0.04
4886,Depths Shadows II,Switch,2017.0,Fighting,THQ,0.03,0.01,0.0,0.0,0.04
4887,Tales of Fury,3DS,2019.0,Action,Activision,0.01,0.01,0.0,0.02,0.04
4888,Heroes Duty: Reborn,X360,2009.0,Role-Playing,2K Games,0.01,0.01,0.02,0.0,0.04
4889,Empires Fury 2,N64,2007.0,Action,Activision,0.02,0.02,0.0,0.0,0.04
4890,Call of Racing Stars: Next Gen,SNES,1998.0,Sports,Activision,0.02,0.01,0.0,0.01,0.04
4891,Kingdom of Duty III,PS,2008.0,Misc,Bethesda Softworks,0.01,0.01,0.01,0.01,0.04
4892,Kingdom of Storm: Origins,XB,2007.0,Simulation,Bethesda Softworks,0.01,0.01,0.01,0.01,0.04
4893,Dragons Champions: Origins,N64,,Misc,Atari,0.03,0.01,0.0,0.0,0.04
4894,Realm of Depths 3,WiiU,2013.0,Racing,2K Games,0.02,0.01,0.0,0.01,0.04
4895,Age of Warriors: Remastered,XOne,2017.0,Simulation,Sony Computer Entertainment,0.01,0.01,0.01,0.01,0.04
4896,Rise of Skies,PS2,2007.0,Racing,2K Games,0.03,0.01,0.0,0.0,0.04
4897,Fall of Rebellion 2,GC,2011.0,Role-Playing,Sony Computer Entertainment,0.02,0.01,0.01,0.0,0.04
4898,Honor Shadows,GC,2011.0,Fighting,Sony Computer Entertainment,0.02,0.02,0.0,0.0,0.04
4899,World of Warriors: Origins,Switch,2018.0,Platform,Atari,0.02,0.01,0.01,0.0,0.04
4900,Quest for Odyssey: Reborn,X360,2007.0,Role-Playing,Warner Bros. Interactive,0.01,0.0,0.02,0.01,0.04
4901,Legends Warriors: Next Gen,GC,2011.0,Platform,Namco Bandai Games,0.01,0.01,0.01,0.01,0.04
4902,Fall of Titans: Revolution,XOne,2018.0,Action,Warner Bros. Interactive,0.02,0.01,0.0,0.01,0.04
4903,Shadow of Racing Stars,WiiU,2019.0,Platform,Warner Bros. Interactive,0.02,0.01,0.01,0.0,0.04
4904,Honor Arena,PS4,2019.0,Platform,Capcom,0.02,0.01,0.01,0.0,0.04
4905,Honor Dragons,3DS,2013.0,Racing,THQ,0.02,0.01,0.0,0.01,0.04
4906,Call of Arena,PC,1996.0,Adventure,Nintendo,0.01,0.02,0.01,0.0,0.04
4907,Depths Champions,N64,2004.0,Puzzle,Capcom,0.01,0.01,0.01,0.01,0.04
4908,Fairways Valor: Next Gen,XOne,2014.0,Action,Sony Computer Entertainment,0.02,0.01,0.0,0.0,0.03
4909,Chronicles of Duty,GC,2010.0,Racing,Capcom,0.02,0.01,0.0,0.0,0.03
4910,Fury Gridiron III,PSP,2015.0,Simulation,Microsoft Game Studios,0.01,0.01,0.0,0.01,0.03
4911,Legend of Fairways: Remastered,PC,1997.0,Sports,Electronic Arts,0.01,0.01,0.01,0.0,0.03
4912,Shadow of Glory,PSV,2014.0,Strategy,THQ,0.02,0.01,0.0,0.0,0.03
4913,Quest for Depths,PS,1997.0,Platform,Disney Interactive Studios,0.01,0.01,0.0,0.01,0.03
4914,Quest for Skies III,PSV,2012.0,Strategy,Sega,0.02,0.0,0.01,0.0,0.03
4915,Call of Honor: Revolution,PS2,2008.0,Sports,Electronic Arts,0.02,0.0,0.0,0.01,0.03
4916,Saga of Dragons III,PSV,2014.0,Action,2K Games,0.01,0.02,0.0,0.0,0.03
4917,Quest for Fury 2,PS4,2020.0,Puzzle,Atari,0.01,0.01,0.01,0.0,0.03
4918,Legends Depths,PS2,2008.0,Role-Playing,Sony Computer Entertainment,0.02,0.0,0.01,0.0,0.03
4919,Chronicles of Destiny 2,PSV,2020.0,Racing,Ubisoft,0.02,0.01,0.0,0.0,0.03
4920,Fall of Destiny,PC,1995.0,Adventure,Sony Computer Entertainment,0.02,0.01,0.0,0.0,0.03
4921,Battle for Conquest,PSV,2013.0,Fighting,Bethesda Softworks,0.01,0.01,0.0,0.01,0.03
4922,Racing Stars Valor III,3DS,2011.0,Role-Playing,Bethesda Softworks,0.01,0.0,0.02,0.0,0.03
4923,Shadow of Gridiron 2,PSP,2015.0,Adventure,Nintendo,0.0,0.01,0.01,0.01,0.03
4924,Racing Stars Arena II,PC,2001.0,Sports,Konami Digital Entertainment,0.01,0.01,0.0,0.01,0.03
4925,Shadows Gridiron Gold Edition,WiiU,2017.0,Puzzle,Nintendo,0.01,0.01,0.01,0.0,0.03
4926,Call of Legends: Remastered,X360,2007.0,Shooter,THQ,0.01,0.01,0.0,0.01,0.03
4927,Rise of Storm: Next Gen,PSP,2012.0,Racing,Electronic Arts,0.01,0.01,0.0,0.01,0.03
4928,Quest for Rebellion: Revolution,GC,2004.0,Shooter,Activision,0.02,0.01,0.0,0.0,0.03
4929,Tales of Gridiron II,X360,2009.0,Platform,Take-Two Interactive,0.02,0.01,0.0,0.0,0.03
4930,Saga of Fairways,Wii,2014.0,Fighting,Activision,0.0,0.01,0.01,0.01,0.03
4931,Age of Empires 2,XB,2010.0,Role-Playing,CD Projekt,0.01,0.01,0.01,0.0,0.03
4932,Shadow of Racing Stars 3,GC,2011.0,Sports,Namco Bandai Games,0.02,0.01,0.0,0.0,0.03
4933,Empires Nations: Next Gen,GC,2008.0,Adventure,Bethesda Softworks,0.01,0.01,0.01,0.0,0.03
4934,Legends Conquest: Remastered,GBA,2008.0,Strategy,Sony Computer Entertainment,0.01,0.01,0.0,0.01,0.03
4935,Racing Stars Champions: Reborn,GC,2011.0,Racing,Electronic Arts,0.01,0.01,0.0,0.01,0.03
4936,Chronicles of Storm: Next Gen,GB,2002.0,Racing,2K Games,0.02,0.01,0.0,0.0,0.03
4937,Frontier Dragons III,PS,2003.0,Sports,Activision,0.02,0.01,0.0,0.0,0.03
4938,Empire of Fury 3,3DS,2018.0,Puzzle,Warner Bros. Interactive,0.01,0.02,0.0,0.0,0.03
4939,Frontier Dragons,GB,1999.0,Racing,Ubisoft,0.02,0.01,0.0,0.0,0.03
4940,Saga of Honor,XOne,2019.0,Adventure,Sony Computer Entertainment,0.01,0.01,0.0,0.01,0.03
4941,Chronicles of Dragons 2,XB,2003.0,Fighting,Disney Interactive Studios,0.01,0.01,0.01,0.0,0.03
4942,Titans Honor: Reborn,XB,2001.0,Fighting,Epic Games,0.02,0.01,0.0,0.0,0.03
4943,Dragons Odyssey,DS,2006.0,Puzzle,Disney Interactive Studios,0.01,0.01,0.01,0.0,0.03
4944,World of Racing Stars 3,GBA,2008.0,Shooter,Konami Digital Entertainment,0.03,0.0,0.0,0.0,0.03
4945,Tales of Storm: Reborn,PSP,2013.0,Action,Bethesda Softworks,0.01,0.01,0.0,0.01,0.03
4946,Storm Skies Gold Edition,PSP,2007.0,Racing,Microsoft Game Studios,0.01,0.01,0.0,0.01,0.03
4947,Legends Racing Stars: Origins,Wii,2015.0,Action,Capcom,0.01,0.01,0.01,0.0,0.03
4948,Tales of Empires 2,GB,2005.0,Strategy,Epic Games,0.0,0.01,0.01,0.01,0.03
4949,Glory Gridiron: Remastered,SNES,2001.0,Role-Playing,Sony Computer Entertainment,0.0,0.01,0.01,0.01,0.03
4950,Kingdom of Fury: Revolution,3DS,2011.0,Strategy,Capcom,0.02,0.01,0.0,0.0,0.03
4951,Heroes Legends: Next Gen,3DS,2014.0,Racing,Konami Digital Entertainment,0.01,0.01,0.0,0.01,0.03
4952,Call of Valor 3,3DS,2015.0,Adventure,Square Enix,0.01,0.01,0.01,0.0,0.03
4953,Empire of Heroes,WiiU,2018.0,Platform,2K Games,0.01,0.01,0.0,0.01,0.03
4954,Rise of Racing Stars III,PC,1997.0,Shooter,Konami Digital Entertainment,0.02,0.01,0.0,0.0,0.03
4955,Champions Fairways 3,PS,1998.0,Puzzle,Namco Bandai Games,0.01,0.01,0.0,0.01,0.03
4956,Age of Storm II,XOne,2015.0,Action,Take-Two Interactive,0.01,0.01,0.01,0.0,0.03
4957,Age of Legends,XB,2001.0,Strategy,Electronic Arts,0.02,0.01,0.0,0.0,0.03
4958,Dragons Racing Stars III,GB,2001.0,Misc,Disney Interactive Studios,0.01,0.01,0.0,0.01,0.03
4959,Legend of Rebellion,PC,1997.0,Fighting,Atari,0.01,0.01,0.0,0.01,0.03
4960,Frontier Honor,GC,2012.0,Simulation,Microsoft Game Studios,0.02,0.01,0.0,0.0,0.03
4961,Conquest Duty: Origins,X360,2008.0,Fighting,THQ,0.01,0.01,0.0,0.01,0.03
4962,Legend of Glory,GBA,2009.0,Role-Playing,Nintendo,0.0,0.01,0.01,0.01,0.03
4963,Honor Skies 3,XB,2003.0,Platform,Take-Two Interactive,0.01,0.01,0.0,0.01,0.03
4964,Quest for Honor II,PS,2009.0,Shooter,Nintendo,0.02,0.01,0.0,0.0,0.03
4965,Titans Fairways Gold Edition,PS,2006.0,Puzzle,Nintendo,0.01,0.01,0.01,0.0,0.03
4966,Tales of Duty: Next Gen,GBA,2007.0,Racing,Electronic Arts,0.02,0.01,0.0,0.0,0.03
4967,World of Legends Gold Edition,3DS,2020.0,Puzzle,Namco Bandai Games,0.01,0.01,0.0,0.01,0.03
4968,Fury Fairways: Revolution,N64,1996.0,Action,Microsoft Game Studios,0.02,0.0,0.0,0.01,0.03
4969,Realm of Conquest,GB,2006.0,Puzzle,2K Games,0.02,0.01,0.0,0.0,0.03
4970,Dragons Fury: Next Gen,GC,2001.0,Adventure,CD Projekt,0.02,0.01,0.0,0.0,0.03
4971,Quest for Skies Gold Edition,3DS,2013.0,Strategy,Take-Two Interactive,0.01,0.01,0.0,0.01,0.03
4972,Chronicles of Heroes: Reborn,PS2,2008.0,Sports,Nintendo,0.01,0.01,0.0,0.01,0.03
4973,Warriors Nations: Reborn,PSP,2011.0,Action,Disney Interactive Studios,0.01,0.01,0.01,0.0,0.03
4974,Honor Odyssey,X360,2016.0,Platform,CD Projekt,0.01,0.01,0.0,0.01,0.03
4975,Honor Glory: Reborn,GB,1997.0,Shooter,Sony Computer Entertainment,0.02,0.01,0.0,0.0,0.03
4976,Realm of Nations II,N64,1996.0,Fighting,Activision,0.02,0.01,0.0,0.0,0.03
4977,Champions Skies 2,XOne,2019.0,Fighting,Activision,0.01,0.01,0.0,0.01,0.03
4978,Battle for Fury 3,N64,2006.0,Action,Sega,0.01,0.01,0.01,0.0,0.03
4979,Saga of Duty 2,WiiU,2020.0,Action,Bethesda Softworks,0.01,0.01,0.01,0.0,0.03
4980,Legend of Dragons,X360,2007.0,Role-Playing,Square Enix,0.01,0.0,0.02,0.0,0.03
4981,World of Fairways III,XOne,2014.0,Fighting,THQ,0.01,0.01,0.0,0.01,0.03
4982,Age of Warriors Gold Edition,PS,1998.0,Adventure,CD Projekt,0.02,0.01,0.0,0.0,0.03
4983,Titans Fury,GB,2003.0,Shooter,Namco Bandai Games,0.01,0.01,0.0,0.01,0.03
4984,Empire of Storm 3,PS4,2014.0,Sports,Sony Computer Entertainment,0.01,0.01,0.0,0.01,0.03
4985,Fairways Heroes: Revolution,PS4,2015.0,Fighting,Konami Digital Entertainment,0.02,0.01,0.0,0.0,0.03
4986,Chronicles of Champions Gold Edition,GC,2013.0,Sports,Nintendo,0.01,0.01,0.0,0.01,0.03
4987,Depths Legends: Next Gen,GB,2003.0,Simulation,Microsoft Game Studios,0.01,0.02,0.0,0.0,0.03
4988,Gridiron Storm III,XB,2003.0,Sports,Ubisoft,0.02,0.01,0.0,0.0,0.03
4989,Arena Storm III,X360,2012.0,Action,Disney Interactive Studios,0.02,0.0,0.01,0.0,0.03
4990,Heroes Rebellion,GBA,2002.0,Sports,Electronic Arts,0.02,0.01,0.0,0.0,0.03
4991,Fairways Skies II,Wii,2014.0,Sports,Konami Digital Entertainment,0.01,0.01,0.0,0.01,0.03
4992,Kingdom of Fairways 2,XB,2004.0,Misc,Capcom,0.02,0.01,0.0,0.0,0.03
4993,Honor Rebellion: Revolution,GC,2004.0,Sports,Electronic Arts,0.01,0.01,0.0,0.01,0.03
4994,Heroes Depths: Origins,XOne,2017.0,Role-Playing,Epic Games,0.01,0.01,0.01,0.0,0.03
4995,Heroes Empires III,PS3,2017.0,Puzzle,Activision,0.0,0.02,0.01,0.0,0.03
4996,Conquest Legends,GB,2003.0,Platform,Nintendo,0.01,0.01,0.01,0.0,0.03
4997,Rise of Nations: Revolution,Switch,2017.0,Action,Sega,0.01,0.01,0.0,0.01,0.03
4998,Racing Stars Valor 2,WiiU,2017.0,Sports,2K Games,0.02,0.01,0.0,0.0,0.03
4999,Realm of Empires: Remastered,PC,2000.0,Puzzle,Nintendo,0.02,0.01,0.0,0.0,0.03
5000,Legend of Legends,PS,2005.0,Platform,Namco Bandai Games,0.01,0.01,0.01,0.0,0.03
5001,Fairways Fury: Origins,PS2,2006.0,Fighting,Capcom,0.01,0.0,0.01,0.01,0.03
5002,Gridiron Destiny: Next Gen,3DS,2015.0,Simulation,Sega,0.02,0.01,0.0,0.0,0.03
5003,Age of Frontier: Reborn,PS,1997.0,Strategy,Ubisoft,0.01,0.01,0.01,0.0,0.03
5004,Legends Destiny III,PSV,2012.0,Shooter,Epic Games,0.02,0.01,0.0,0.0,0.03
5005,Glory Gridiron: Next Gen,PS4,2013.0,Role-Playing,Atari,0.01,0.01,0.01,0.0,0.03
5006,Empires Glory 2,GC,2007.0,Role-Playing,Nintendo,0.02,0.0,0.01,0.0,0.03
5007,Battle for Odyssey: Next Gen,Switch,2017.0,Misc,Capcom,0.02,0.01,0.0,0.0,0.03
5008,Empire of Glory: Reborn,SNES,1995.0,Adventure,Bethesda Softworks,0.01,0.01,0.0,0.01,0.03
5009,Glory Fury: Revolution,PSP,2015.0,Simulation,Ubisoft,0.02,0.01,0.0,0.0,0.03
5010,Rise of Gridiron: Origins,GC,2006.0,Action,Konami Digital Entertainment,0.01,0.0,0.01,0.01,0.03
5011,Empire of Frontier Gold Edition,Switch,2017.0,Puzzle,Epic Games,0.01,0.01,0.01,0.0,0.03
5012,Frontier Conquest,DS,2012.0,Shooter,Atari,0.02,0.01,0.0,0.0,0.03
5013,Skies Fairways Gold Edition,XB,2006.0,Role-Playing,Square Enix,0.02,0.0,0.01,0.0,0.03
5014,Empire of Skies Gold Edition,Wii,2013.0,Adventure,Bethesda Softworks,0.01,0.01,0.0,0.01,0.03
5015,Frontier Fury 2,3DS,2012.0,Adventure,Square Enix,0.02,0.0,0.01,0.0,0.03
5016,Saga of Fairways,XB,2003.0,Adventure,Epic Games,0.02,0.01,0.0,0.0,0.03
5017,Rise of Dragons II,PS4,2015.0,Role-Playing,Disney Interactive Studios,0.01,0.01,0.01,0.0,0.03
5018,Odyssey Honor Gold Edition,GBA,2002.0,Adventure,Square Enix,0.02,0.01,0.0,0.0,0.03
5019,Empire of Rebellion: Revolution,PS3,2014.0,Action,Bethesda Softworks,0.0,0.01,0.01,0.01,0.03
5020,Age of Valor: Origins,PS4,2017.0,Misc,Nintendo,0.01,0.01,0.01,0.0,0.03
5021,Shadows Titans,GB,2005.0,Misc,2K Games,0.01,0.01,0.0,0.01,0.03
5022,Rise of Shadows Gold Edition,PSP,2006.0,Racing,Microsoft Game Studios,0.02,0.01,0.0,0.0,0.03
5023,Glory Arena 3,PS4,2014.0,Misc,Ubisoft,0.02,0.01,0.0,0.0,0.03
5024,Realm of Conquest II,XOne,2020.0,Fighting,Konami Digital Entertainment,0.02,0.01,0.0,0.0,0.03
5025,Conquest Rebellion 3,PS,2005.0,Strategy,Namco Bandai Games,0.02,0.01,0.0,0.0,0.03
5026,Realm of Frontier: Remastered,DS,2010.0,Platform,Ubisoft,0.02,0.01,0.0,0.0,0.03
5027,Fairways Duty: Revolution,XOne,2019.0,Strategy,Sega,0.02,0.0,0.0,0.01,0.03
5028,Quest for Rebellion III,GBA,2002.0,Fighting,Epic Games,0.01,0.01,0.01,0.0,0.03
5029,Saga of Skies: Next Gen,PSP,2010.0,Platform,THQ,0.02,0.01,0.0,0.0,0.03
5030,Racing Stars Odyssey: Remastered,Wii,2015.0,Action,Nintendo,0.02,0.01,0.0,0.0,0.03
5031,Racing Stars Odyssey 2,X360,2007.0,Adventure,Bethesda Softworks,0.02,0.01,0.0,0.0,0.03
5032,Fury Duty: Origins,SNES,2002.0,Role-Playing,Electronic Arts,0.0,0.01,0.01,0.01,0.03
5033,Heroes Fairways,DS,2004.0,Sports,Konami Digital Entertainment,0.02,0.01,0.0,0.0,0.03
5034,Chronicles of Champions: Revolution,WiiU,2017.0,Puzzle,Ubisoft,0.01,0.01,0.01,0.0,0.03
5035,Valor Titans: Revolution,Wii,2014.0,Simulation,Sony Computer Entertainment,0.03,0.0,0.0,0.0,0.03
5036,Empires Arena,3DS,2016.0,Shooter,Epic Games,0.02,0.01,0.0,0.0,0.03
5037,Champions Depths: Next Gen,3DS,2019.0,Role-Playing,Square Enix,0.01,0.01,0.01,0.0,0.03
5038,Realm of Dragons: Next Gen,3DS,2015.0,Fighting,Konami Digital Entertainment,0.02,0.01,0.0,0.0,0.03
5039,Fall of Rebellion: Revolution,PS4,2017.0,Shooter,Take-Two Interactive,0.01,0.01,0.0,0.01,0.03
5040,Legend of Destiny: Reborn,DS,2010.0,Simulation,Sega,0.01,0.01,0.01,0.0,0.03
5041,Saga of Nations: Origins,SNES,2002.0,Adventure,CD Projekt,0.01,0.01,0.0,0.01,0.03
5042,Depths Glory 2,Switch,2017.0,Puzzle,Atari,0.01,0.01,0.01,0.0,0.03
5043,Frontier Honor II,PSP,2015.0,Action,,0.01,0.01,0.01,0.0,0.03
5044,Quest for Fairways 3,N64,2002.0,Puzzle,Atari,0.01,0.02,0.0,0.0,0.03
5045,Dragons Glory Gold Edition,XB,2009.0,Role-Playing,Warner Bros. Interactive,0.0,0.01,0.02,0.0,0.03
5046,Depths Nations: Remastered,3DS,2014.0,Shooter,Activision,0.02,0.01,0.0,0.0,0.03
5047,Fall of Gridiron,Wii,2013.0,Puzzle,Epic Games,0.01,0.01,0.0,0.01,0.03
5048,Legend of Heroes,GB,2000.0,Action,Microsoft Game Studios,0.02,0.01,0.0,0.0,0.03
5049,Quest for Titans 3,PS,2005.0,Action,Electronic Arts,0.02,0.01,0.0,0.0,0.03
5050,Warriors Valor II,Switch,2019.0,Action,Ubisoft,0.01,0.01,0.0,0.01,0.03
5051,Call of Racing Stars,PS4,2016.0,Shooter,THQ,0.02,0.01,0.0,0.0,0.03
5052,Kingdom of Racing Stars: Next Gen,DS,2014.0,Sports,Square Enix,0.02,0.01,0.0,0.0,0.03
5053,Conquest Odyssey 3,PSV,2011.0,Puzzle,2K Games,0.01,0.0,0.01,0.01,0.03
5054,Arena Honor II,PS3,2017.0,Role-Playing,THQ,0.01,0.0,0.02,0.0,0.03
5055,Rise of Champions: Revolution,GB,2002.0,Action,2K Games,0.01,0.01,0.0,0.01,0.03
5056,Empire of Warriors: Reborn,Wii,2012.0,Misc,2K Games,0.01,0.01,0.01,0.0,0.03
5057,Quest for Fury: Next Gen,N64,1996.0,Shooter,THQ,0.02,0.01,0.0,0.0,0.03
5058,Dragons Rebellion 2,3DS,2020.0,Racing,Electronic Arts,0.02,0.01,0.0,0.0,0.03
5059,Dragons Valor: Origins,GC,2004.0,Adventure,THQ,0.02,0.01,0.0,0.0,0.03
5060,Heroes Empires II,X360,2013.0,Shooter,Take-Two Interactive,0.01,0.01,0.0,0.01,0.03
5061,Shadow of Empires Gold Edition,3DS,2013.0,Racing,Take-Two Interactive,0.01,0.01,0.0,0.01,0.03
5062,Glory Champions 2,WiiU,2015.0,Action,Epic Games,0.02,0.01,0.0,0.0,0.03
5063,Call of Warriors: Next Gen,PSP,2007.0,Strategy,2K Games,0.01,0.01,0.01,0.0,0.03
5064,Tales of Depths: Remastered,PSP,2010.0,Platform,Activision,0.02,0.01,0.0,0.0,0.03
5065,Age of Depths 2,WiiU,2019.0,Sports,,0.01,0.01,0.0,0.01,0.03
5066,Quest for Warriors 3,PS,2009.0,Action,Activision,0.02,0.01,0.0,0.0,0.03
5067,Racing Stars Destiny: Remastered,N64,2005.0,Racing,CD Projekt,0.01,0.01,0.0,0.01,0.03
5068,Rebellion Empires II,X360,2008.0,Role-Playing,THQ,0.0,0.01,0.02,0.0,0.03
5069,Quest for Rebellion,GB,2004.0,Fighting,Take-Two Interactive,0.01,0.01,0.01,0.0,0.03
5070,Battle for Duty: Remastered,PSP,2004.0,Misc,Namco Bandai Games,0.01,0.02,0.0,0.0,0.03
5071,Rise of Dragons: Reborn,X360,2009.0,Fighting,Epic Games,0.01,0.01,0.01,0.0,0.03
5072,Valor Frontier: Revolution,PSV,2019.0,Platform,Epic Games,0.01,0.01,0.0,0.01,0.03
5073,Legend of Racing Stars: Origins,SNES,1997.0,Sports,Konami Digital Entertainment,0.02,0.01,0.0,0.0,0.03
5074,Shadow of Empires,PS2,2004.0,Misc,Square Enix,0.0,0.01,0.01,0.01,0.03
5075,Quest for Duty 3,Switch,2018.0,Action,Activision,0.01,0.01,0.01,0.0,0.03
5076,Legend of Legends: Reborn,PSV,2016.0,Racing,Atari,0.02,0.01,0.0,0.0,0.03
5077,Empires Skies,X360,2006.0,Role-Playing,Sony Computer Entertainment,0.0,0.01,0.01,0.01,0.03
5078,Rise of Nations,PSV,2014.0,Adventure,Square Enix,0.03,0.0,0.0,0.0,0.03
5079,Rise of Legends 2,PSV,2013.0,Adventure,Namco Bandai Games,0.01,0.01,0.0,0.01,0.03
5080,Duty Storm: Revolution,PS3,2016.0,Racing,Activision,0.02,0.01,0.0,0.0,0.03
5081,Age of Odyssey: Next Gen,SNES,2006.0,Platform,Disney Interactive Studios,0.0,0.01,0.01,0.01,0.03
5082,Depths Racing Stars 3,XOne,2013.0,Adventure,Atari,0.02,0.01,0.0,0.0,0.03
5083,Fall of Racing Stars: Next Gen,GB,1998.0,Sports,Atari,0.02,0.01,0.0,0.0,0.03
5084,Arena Honor: Remastered,XB,2009.0,Shooter,2K Games,0.02,0.01,0.0,0.0,0.03
5085,Battle for Heroes 3,N64,,Misc,Warner Bros. Interactive,0.02,0.0,0.0,0.01,0.03
5086,Battle for Racing Stars III,PS4,2018.0,Shooter,Capcom,0.02,0.01,0.0,0.0,0.03
5087,Odyssey Frontier: Revolution,GC,2006.0,Role-Playing,CD Projekt,0.01,0.01,0.01,0.0,0.03
5088,Fall of Nations 3,PS,1996.0,Sports,Konami Digital Entertainment,0.02,0.01,0.0,0.0,0.03
5089,Legends Heroes 3,WiiU,2015.0,Platform,Ubisoft,0.02,0.01,0.0,0.0,0.03
5090,Gridiron Dragons II,PC,2000.0,Sports,Sega,0.01,0.02,0.0,0.0,0.03
5091,Glory Odyssey,PS3,2013.0,Strategy,Capcom,0.02,0.01,0.0,0.0,0.03
5092,Tales of Shadows: Origins,Switch,2019.0,Fighting,2K Games,0.01,0.01,0.01,0.0,0.03
5093,Duty Odyssey Gold Edition,GB,1997.0,Shooter,Namco Bandai Games,0.02,0.01,0.0,0.0,0.03
5094,Odyssey Depths,PSP,2005.0,Platform,Capcom,0.02,0.01,0.0,0.0,0.03
5095,Glory Skies: Origins,PS2,2002.0,Simulation,THQ,0.01,0.01,0.01,0.0,0.03
5096,Glory Glory,PSV,2014.0,Misc,2K Games,0.01,0.01,0.01,0.0,0.03
5097,Shadows Fairways 3,GBA,2004.0,Puzzle,Epic Games,0.01,0.01,0.01,0.0,0.03
5098,Age of Racing Stars 2,Wii,2014.0,Fighting,THQ,0.01,0.01,0.0,0.01,0.03
5099,Racing Stars Shadows: Revolution,GB,1998.0,Misc,Activision,0.02,0.01,0.0,0.0,0.03
5100,Warriors Odyssey 2,GBA,2005.0,Shooter,CD Projekt,0.02,0.01,0.0,0.0,0.03
5101,Empire of Depths,GB,1999.0,Sports,Sega,0.01,0.01,0.0,0.01,0.03
5102,Warriors Champions: Revolution,X360,2005.0,Sports,Konami Digital Entertainment,0.02,0.01,0.0,0.0,0.03
5103,Chronicles of Storm Gold Edition,SNES,2001.0,Fighting,Sega,0.0,0.01,0.01,0.01,0.03
5104,Shadows Gridiron,GBA,2009.0,Misc,Warner Bros. Interactive,0.01,0.0,0.01,0.01,0.03
5105,Call of Depths: Revolution,Wii,2013.0,Puzzle,THQ,0.01,0.0,0.01,0.01,0.03
5106,Heroes Dragons: Revolution,PC,2003.0,Fighting,Activision,0.02,0.01,0.0,0.0,0.03
5107,Dragons Storm: Next Gen,WiiU,2013.0,Racing,Epic Games,0.03,0.0,0.0,0.0,0.03
5108,Skies Rebellion Gold Edition,N64,1998.0,Shooter,Sony Computer Entertainment,0.02,0.0,0.0,0.01,0.03
5109,Destiny Fury,XOne,2013.0,Role-Playing,Nintendo,0.01,0.01,0.01,0.0,0.03
5110,Gridiron Titans III,PSV,2014.0,Misc,CD Projekt,0.02,0.01,0.0,0.0,0.03
5111,Racing Stars Titans: Next Gen,DS,2010.0,Adventure,Square Enix,0.01,0.01,0.01,0.0,0.03
5112,World of Frontier,PC,1996.0,Strategy,Microsoft Game Studios,0.01,0.01,0.01,0.0,0.03
5113,Destiny Warriors III,X360,2010.0,Shooter,Epic Games,0.01,0.01,0.0,0.01,0.03
5114,Battle for Fury 2,SNES,1998.0,Adventure,Bethesda Softworks,0.02,0.01,0.0,0.0,0.03
5115,Destiny Warriors: Origins,Switch,2017.0,Shooter,Electronic Arts,0.02,0.01,0.0,0.0,0.03
5116,Nations Duty III,GB,2002.0,Shooter,2K Games,0.02,0.01,0.0,0.0,0.03
5117,Realm of Empires: Reborn,Wii,2014.0,Fighting,Bethesda Softworks,0.01,0.01,0.01,0.0,0.03
5118,Legend of Valor: Next Gen,GC,2009.0,Action,Warner Bros. Interactive,0.01,0.01,0.01,0.0,0.03
5119,Skies Dragons II,PS3,2007.0,Action,Sega,0.01,0.01,0.01,0.0,0.03
5120,Arena Honor: Origins,PSV,2013.0,Action,Sega,0.01,0.01,0.01,0.0,0.03
5121,Nations Depths 2,WiiU,2016.0,Shooter,CD Projekt,0.02,0.01,0.0,0.0,0.03
5122,Battle for Depths: Origins,XB,2006.0,Adventure,Square Enix,0.02,0.01,0.0,0.0,0.03
5123,Conquest Valor: Origins,PS2,2002.0,Platform,Take-Two Interactive,0.01,0.01,0.0,0.01,0.03
5124,Glory Conquest,GBA,2009.0,Adventure,Square Enix,0.02,0.01,0.0,0.0,0.03
5125,Rise of Valor II,Switch,2019.0,Fighting,2K Games,0.02,0.01,0.0,0.0,0.03
5126,Call of Warriors Gold Edition,Wii,2014.0,Adventure,CD Projekt,0.01,0.01,0.0,0.01,0.03
5127,Titans Conquest: Reborn,3DS,2015.0,Fighting,Microsoft Game Studios,0.02,0.01,0.0,0.0,0.03
5128,Kingdom of Depths: Reborn,DS,2010.0,Action,Take-Two Interactive,0.01,0.01,0.0,0.01,0.03
5129,Frontier Valor: Origins,PS,2000.0,Action,Activision,0.01,0.01,0.0,0.01,0.03
5130,Glory Rebellion II,XOne,2013.0,Fighting,Capcom,0.02,0.01,0.0,0.0,0.03
5131,Legend of Odyssey 2,Switch,2017.0,Adventure,CD Projekt,0.02,0.01,0.0,0.0,0.03
5132,Quest for Destiny 2,PS4,2015.0,Fighting,2K Games,0.02,0.01,0.0,0.0,0.03
5133,Fury Depths II,PC,1998.0,Adventure,Atari,0.03,0.0,0.0,0.0,0.03
5134,Warriors Odyssey: Next Gen,PS3,2007.0,Platform,Nintendo,0.01,0.01,0.01,0.0,0.03
5135,Realm of Honor: Revolution,GBA,2007.0,Sports,Namco Bandai Games,0.02,0.0,0.0,0.01,0.03
5136,Shadows Heroes 2,3DS,2012.0,Action,THQ,0.01,0.01,0.01,0.0,0.03
5137,Rebellion Destiny,GB,2005.0,Shooter,Bethesda Softworks,0.02,0.01,0.0,0.0,0.03
5138,Age of Duty Gold Edition,PS2,2007.0,Simulation,Namco Bandai Games,0.01,0.01,0.01,0.0,0.03
5139,World of Titans: Revolution,3DS,2018.0,Strategy,Atari,0.02,0.01,0.0,0.0,0.03
5140,Odyssey Warriors 3,PSP,2010.0,Role-Playing,Square Enix,0.02,0.0,0.01,0.0,0.03
5141,World of Dragons 3,XOne,2014.0,Action,Disney Interactive Studios,0.02,0.01,0.0,0.0,0.03
5142,Racing Stars Gridiron: Next Gen,X360,2014.0,Adventure,2K Games,0.01,0.0,0.01,0.01,0.03
5143,Rise of Conquest: Next Gen,PS3,2012.0,Racing,Square Enix,0.02,0.01,0.0,0.0,0.03
5144,Gridiron Depths: Origins,GBA,2008.0,Sports,Warner Bros. Interactive,0.02,0.01,0.0,0.0,0.03
5145,Tales of Honor II,N64,2005.0,Action,Electronic Arts,0.01,0.01,0.0,0.01,0.03
5146,Champions Heroes: Next Gen,Wii,2010.0,Adventure,2K Games,0.01,0.01,0.0,0.01,0.03
5147,Call of Champions: Origins,PS,2009.0,Strategy,Epic Games,0.01,0.01,0.0,0.01,0.03
5148,Saga of Valor: Next Gen,PC,1998.0,Action,Microsoft Game Studios,0.02,0.01,0.0,0.0,0.03
5149,Shadow of Frontier III,Wii,2009.0,Shooter,Ubisoft,0.03,0.0,0.0,0.0,0.03
5150,Empire of Destiny: Revolution,PS,2009.0,Misc,Microsoft Game Studios,0.02,0.01,0.0,0.0,0.03
5151,Empire of Rebellion,Wii,2009.0,Simulation,Disney Interactive Studios,0.01,0.01,0.01,0.0,0.03
5152,Call of Titans Gold Edition,GC,2006.0,Fighting,Disney Interactive Studios,0.02,0.01,0.0,0.0,0.03
5153,Kingdom of Legends: Next Gen,PSP,,Adventure,Bethesda Softworks,0.02,0.01,0.0,0.0,0.03
5154,Tales of Frontier II,GB,1997.0,Sports,Capcom,0.01,0.01,0.0,0.01,0.03
5155,Legend of Titans,PSV,2013.0,Fighting,Activision,0.02,0.01,0.0,0.0,0.03
5156,Fall of Rebellion,XB,2010.0,Simulation,Namco Bandai Games,0.02,0.01,0.0,0.0,0.03
5157,Battle for Odyssey: Reborn,GBA,2004.0,Action,Nintendo,0.01,0.0,0.01,0.01,0.03
5158,Rise of Skies Gold Edition,WiiU,2018.0,Simulation,Electronic Arts,0.01,0.01,0.0,0.01,0.03
5159,Quest for Storm II,GBA,2009.0,Sports,Square Enix,0.02,0.0,0.0,0.01,0.03
5160,Tales of Rebellion: Origins,3DS,2018.0,Platform,Konami Digital Entertainment,0.0,0.01,0.01,0.01,0.03
5161,Empire of Frontier: Next Gen,PC,1997.0,Sports,2K Games,0.02,0.01,0.0,0.0,0.03
5162,Legend of Arena II,3DS,2020.0,Puzzle,Take-Two Interactive,0.03,0.0,0.0,0.0,0.03
5163,Chronicles of Rebellion,GB,2002.0,Role-Playing,Bethesda Softworks,0.01,0.01,0.0,0.01,0.03
5164,World of Storm Gold Edition,SNES,1998.0,Platform,Epic Games,0.01,0.01,0.01,0.0,0.03
5165,Chronicles of Titans: Remastered,Wii,2007.0,Action,Bethesda Softworks,0.01,0.01,0.01,0.0,0.03
5166,Rise of Shadows: Revolution,PC,2000.0,Platform,Capcom,0.01,0.01,0.0,0.01,0.03
5167,Call of Heroes: Remastered,X360,2010.0,Sports,Nintendo,0.03,0.0,0.0,0.0,0.03
5168,Glory Frontier,X360,2009.0,Adventure,THQ,0.01,0.01,0.01,0.0,0.03
5169,Conquest Legends: Origins,GC,2002.0,Sports,Nintendo,0.02,0.01,0.0,0.0,0.03
5170,Fall of Honor: Reborn,GBA,2001.0,Racing,Warner Bros. Interactive,0.02,0.01,0.0,0.0,0.03
5171,Quest for Heroes,GBA,2005.0,Puzzle,Nintendo,0.02,0.01,0.0,0.0,0.03
5172,Kingdom of Racing Stars II,3DS,2015.0,Simulation,2K Games,0.01,0.01,0.01,0.0,0.03
5173,Empires Champions Gold Edition,SNES,2006.0,Misc,Microsoft Game Studios,0.01,0.01,0.01,0.0,0.03
5174,Odyssey Storm: Reborn,PC,1996.0,Puzzle,Square Enix,0.01,0.01,0.01,0.0,0.03
5175,Fall of Storm: Origins,PS4,2018.0,Puzzle,Nintendo,0.02,0.01,0.0,0.0,0.03
5176,Fall of Frontier,PS,2001.0,Adventure,Disney Interactive Studios,0.02,0.01,0.0,0.0,0.03
5177,Realm of Depths III,GBA,2004.0,Action,Bethesda Softworks,0.02,0.01,0.0,0.0,0.03
5178,Valor Destiny: Reborn,N64,2004.0,Puzzle,Disney Interactive Studios,0.02,0.01,0.0,0.0,0.03
5179,Conquest Honor: Revolution,N64,2007.0,Simulation,Disney Interactive Studios,0.01,0.02,0.0,0.0,0.03
5180,Shadows Titans III,GBA,2003.0,Sports,Konami Digital Entertainment,0.02,0.01,0.0,0.0,0.03
5181,Rise of Legends,GBA,2005.0,Role-Playing,THQ,0.0,0.01,0.01,0.01,0.03
5182,Battle for Valor,PC,2001.0,Racing,Nintendo,0.01,0.01,0.0,0.01,0.03
5183,Shadows Valor III,Switch,2020.0,Action,Namco Bandai Games,0.01,0.01,0.01,0.0,0.03
5184,Destiny Champions III,GC,2012.0,Puzzle,Capcom,0.02,0.01,0.0,0.0,0.03
5185,Call of Titans: Reborn,PC,2002.0,Fighting,Namco Bandai Games,0.01,0.01,0.0,0.01,0.03
5186,Gridiron Racing Stars,PSV,2019.0,Sports,2K Games,0.01,0.01,0.0,0.01,0.03
5187,Call of Duty,XOne,2020.0,Role-Playing,Square Enix,0.02,0.0,0.01,0.0,0.03
5188,Legends Destiny II,PSV,2017.0,Shooter,Epic Games,0.02,0.01,0.0,0.0,0.03
5189,Arena Dragons II,Switch,2019.0,Sports,Sony Computer Entertainment,0.01,0.01,0.0,0.01,0.03
5190,Storm Valor: Reborn,GBA,2001.0,Strategy,Bethesda Softworks,0.02,0.01,0.0,0.0,0.03
5191,Realm of Empires Gold Edition,GBA,2005.0,Shooter,Ubisoft,0.02,0.01,0.0,0.0,0.03
5192,Fairways Legends III,XOne,2013.0,Adventure,Bethesda Softworks,0.01,0.01,0.01,0.0,0.03
5193,Titans Fairways: Remastered,3DS,2011.0,Racing,2K Games,0.02,0.01,0.0,0.0,0.03
5194,Dragons Fairways: Reborn,WiiU,2020.0,Strategy,Activision,0.02,0.01,0.0,0.0,0.03
5195,Nations Fairways 2,PSP,2014.0,Shooter,Warner Bros. Interactive,0.02,0.01,0.0,0.0,0.03
5196,Fall of Gridiron,GBA,2001.0,Strategy,Activision,0.01,0.01,0.0,0.01,0.03
5197,Legend of Conquest: Remastered,PS4,2020.0,Platform,Disney Interactive Studios,0.01,0.01,0.01,0.0,0.03
5198,Rebellion Arena II,X360,2017.0,Fighting,Activision,0.02,0.01,0.0,0.0,0.03
5199,Call of Arena,N64,2004.0,Role-Playing,Bethesda Softworks,0.01,0.01,0.01,0.0,0.03
5200,Gridiron Valor Gold Edition,SNES,1998.0,Fighting,Ubisoft,0.01,0.01,0.01,0.0,0.03
5201,Chronicles of Titans II,N64,1996.0,Sports,2K Games,0.02,0.01,0.0,0.0,0.03
5202,Saga of Depths,PS2,2006.0,Strategy,Bethesda Softworks,0.02,0.01,0.0,0.0,0.03
5203,Legend of Duty,GB,2002.0,Adventure,Square Enix,0.02,0.01,0.0,0.0,0.03
5204,Destiny Frontier: Next Gen,Wii,2010.0,Simulation,Sony Computer Entertainment,0.01,0.01,0.0,0.01,0.03
5205,Quest for Honor 3,SNES,1995.0,Shooter,Disney Interactive Studios,0.01,0.01,0.0,0.01,0.03
5206,Rise of Fairways: Next Gen,WiiU,2014.0,Shooter,Sony Computer Entertainment,0.02,0.01,0.0,0.0,0.03
5207,Legends Legends III,XOne,2014.0,Misc,THQ,0.0,0.01,0.01,0.01,0.03
5208,Shadows Titans II,PS,2009.0,Role-Playing,Sony Computer Entertainment,0.0,0.01,0.02,0.0,0.03
5209,Rise of Champions: Revolution,GC,2010.0,Misc,Square Enix,0.02,0.0,0.01,0.0,0.03
5210,Warriors Rebellion,XB,2007.0,Strategy,Atari,0.0,0.01,0.01,0.01,0.03
5211,Age of Rebellion 2,GB,2000.0,Action,Warner Bros. Interactive,0.01,0.01,0.0,0.01,0.03
5212,Nations Honor: Revolution,3DS,2014.0,Role-Playing,CD Projekt,0.01,0.0,0.01,0.01,0.03
5213,Legends Storm II,PSV,2019.0,Simulation,Ubisoft,0.01,0.01,0.01,0.0,0.03
5214,Legends Dragons,WiiU,2016.0,Strategy,Ubisoft,0.02,0.0,0.01,0.0,0.03
5215,Odyssey Depths,PSV,2012.0,Adventure,Take-Two Interactive,0.01,0.02,0.0,0.0,0.03
5216,Rise of Legends: Remastered,GB,2001.0,Fighting,Atari,0.02,0.01,0.0,0.0,0.03
5217,Legends Legends: Next Gen,PS4,2019.0,Sports,Konami Digital Entertainment,0.01,0.01,0.0,0.01,0.03
5218,Battle for Frontier Gold Edition,PS,2005.0,Simulation,Warner Bros. Interactive,0.01,0.01,0.0,0.01,0.03
5219,Racing Stars Frontier: Next Gen,WiiU,2017.0,Platform,THQ,0.02,0.01,0.0,0.0,0.03
5220,Racing Stars Legends,PS4,2016.0,Adventure,Bethesda Softworks,0.02,0.01,0.0,0.0,0.03
5221,Heroes Frontier 2,PSP,2012.0,Sports,Disney Interactive Studios,0.02,0.01,0.0,0.0,0.03
5222,Empires Fury Gold Edition,SNES,1999.0,Action,Warner Bros. Interactive,0.03,0.0,0.0,0.0,0.03
5223,Valor Titans 2,GBA,2004.0,Simulation,Disney Interactive Studios,0.01,0.01,0.01,0.0,0.03
5224,Call of Duty: Reborn,PC,2001.0,Platform,THQ,0.01,0.01,0.0,0.01,0.03
5225,Gridiron Glory: Reborn,X360,2011.0,Shooter,Epic Games,0.01,0.01,0.0,0.01,0.03
5226,World of Legends: Origins,XOne,2014.0,Action,Konami Digital Entertainment,0.01,0.02,0.0,0.0,0.03
5227,Realm of Frontier: Remastered,WiiU,2019.0,Role-Playing,Warner Bros. Interactive,0.01,0.0,0.01,0.01,0.03
5228,Gridiron Legends II,3DS,2018.0,Role-Playing,Sega,0.01,0.01,0.01,0.0,0.03
5229,Arena Glory: Revolution,GB,1997.0,Role-Playing,Epic Games,0.02,0.0,0.01,0.0,0.03
5230,Frontier Depths: Reborn,GC,2011.0,Strategy,Sega,0.02,0.0,0.01,0.0,0.03
5231,Saga of Duty 2,N64,,Simulation,CD Projekt,0.01,0.01,0.01,0.0,0.03
5232,World of Odyssey,PS,2009.0,Role-Playing,Activision,0.01,0.01,0.01,0.0,0.03
5233,Battle for Skies II,SNES,2001.0,Role-Playing,Square Enix,0.02,0.0,0.01,0.0,0.03
5234,Fall of Rebellion: Reborn,PC,1999.0,Adventure,CD Projekt,0.0,0.01,0.01,0.01,0.03
5235,Destiny Skies: Reborn,PS3,2016.0,Strategy,Sega,0.01,0.01,0.01,0.0,0.03
5236,Legends Frontier Gold Edition,GBA,2002.0,Sports,Nintendo,0.01,0.01,0.0,0.01,0.03
5237,Empire of Conquest: Origins,3DS,2017.0,Adventure,Epic Games,0.02,0.01,0.0,0.0,0.03
5238,Kingdom of Rebellion: Revolution,WiiU,2020.0,Sports,Nintendo,0.01,0.01,0.0,0.01,0.03
5239,Battle for Odyssey,XB,2003.0,Role-Playing,THQ,0.01,0.0,0.01,0.01,0.03
5240,Fairways Warriors,GB,2002.0,Adventure,Bethesda Softworks,0.01,0.01,0.01,0.0,0.03
5241,World of Empires,PS,2005.0,Adventure,Bethesda Softworks,0.02,0.01,0.0,0.0,0.03
5242,Empire of Rebellion II,Wii,2010.0,Puzzle,Sega,0.02,0.01,0.0,0.0,0.03
5243,Chronicles of Titans 2,PC,1998.0,Sports,Take-Two Interactive,0.01,0.01,0.0,0.01,0.03
5244,Quest for Frontier II,Switch,2017.0,Role-Playing,CD Projekt,0.01,0.01,0.01,0.0,0.03
5245,Fall of Glory,Wii,2016.0,Simulation,Capcom,0.01,0.01,0.0,0.01,0.03
5246,Call of Empires 3,N64,2000.0,Action,Activision,0.02,0.01,0.0,0.0,0.03
5247,Call of Shadows 2,GBA,2005.0,Misc,Capcom,0.01,0.01,0.01,0.0,0.03
5248,Titans Fury 2,GB,2000.0,Fighting,Epic Games,0.0,0.01,0.01,0.01,0.03
5249,Gridiron Odyssey,GC,2005.0,Role-Playing,THQ,0.01,0.01,0.01,0.0,0.03
5250,Quest for Shadows Gold Edition,Switch,2017.0,Fighting,Ubisoft,0.01,0.01,0.0,0.01,0.03
5251,Saga of Warriors 2,GB,1998.0,Fighting,Konami Digital Entertainment,0.02,0.01,0.0,0.0,0.03
5252,Warriors Gridiron III,PS,2000.0,Strategy,Bethesda Softworks,0.02,0.01,0.0,0.0,0.03
5253,Conquest Frontier 3,GB,2002.0,Role-Playing,Disney Interactive Studios,0.01,0.01,0.01,0.0,0.03
5254,Chronicles of Racing Stars,SNES,2000.0,Fighting,Capcom,0.02,0.01,0.0,0.0,0.03
5255,Heroes Duty,WiiU,2013.0,Shooter,Disney Interactive Studios,0.03,0.0,0.0,0.0,0.03
5256,Odyssey Gridiron: Next Gen,PSP,2016.0,Fighting,Sega,0.02,0.01,0.0,0.0,0.03
5257,Arena Champions II,XB,2005.0,Sports,Namco Bandai Games,0.01,0.01,0.0,0.01,0.03
5258,Legends Destiny: Next Gen,Wii,2015.0,Sports,Namco Bandai Games,0.02,0.01,0.0,0.0,0.03
5259,Honor Rebellion,GB,1996.0,Platform,Capcom,0.01,0.01,0.0,0.01,0.03
5260,Realm of Arena,XB,2006.0,Misc,2K Games,0.02,0.01,0.0,0.0,0.03
5261,Realm of Warriors: Next Gen,SNES,2003.0,Sports,Electronic Arts,0.01,0.01,0.0,0.01,0.03
5262,Glory Titans 2,SNES,,Puzzle,Epic Games,0.02,0.01,0.0,0.0,0.03
5263,Honor Rebellion: Remastered,GC,2008.0,Strategy,Konami Digital Entertainment,0.02,0.01,0.0,0.0,0.03
5264,Fall of Glory 2,Wii,2015.0,Simulation,THQ,0.02,0.0,0.01,0.0,0.03
5265,World of Rebellion: Remastered,GBA,2009.0,Action,Bethesda Softworks,0.01,0.01,0.01,0.0,0.03
5266,Realm of Fairways II,PS3,2008.0,Fighting,Bethesda Softworks,0.01,0.0,0.01,0.01,0.03
5267,Call of Destiny,SNES,1997.0,Action,Microsoft Game Studios,0.01,0.01,0.0,0.01,0.03
5268,Saga of Valor II,PC,1995.0,Adventure,CD Projekt,0.02,0.01,0.0,0.0,0.03
5269,Empire of Shadows: Remastered,XB,2008.0,Shooter,Electronic Arts,0.01,0.01,0.0,0.01,0.03
5270,Fall of Heroes III,PS,1999.0,Fighting,Activision,0.01,0.01,0.0,0.01,0.03
5271,Conquest Skies III,XOne,2020.0,Sports,Activision,0.02,0.01,0.0,0.0,0.03
5272,Shadow of Empires: Reborn,PS,2007.0,Sports,Konami Digital Entertainment,0.02,0.01,0.0,0.0,0.03
5273,Skies Frontier: Revolution,WiiU,2019.0,Puzzle,Nintendo,0.02,0.01,0.0,0.0,0.03
5274,Battle for Rebellion II,DS,2014.0,Action,Bethesda Softworks,0.01,0.01,0.01,0.0,0.03
5275,Kingdom of Odyssey: Origins,XB,2006.0,Shooter,Electronic Arts,0.03,0.0,0.0,0.0,0.03
5276,Fall of Frontier Gold Edition,GB,2004.0,Role-Playing,Bethesda Softworks,0.0,0.0,0.02,0.01,0.03
5277,Conquest Honor: Origins,N64,2001.0,Adventure,THQ,0.02,0.01,0.0,0.0,0.03
5278,Destiny Arena: Next Gen,GB,2003.0,Puzzle,Capcom,0.03,0.0,0.0,0.0,0.03
5279,Battle for Dragons 2,GB,2005.0,Action,Ubisoft,0.01,0.01,0.0,0.01,0.03
5280,Saga of Honor 3,XB,2007.0,Strategy,Warner Bros. Interactive,0.01,0.0,0.01,0.01,0.03
5281,Gridiron Valor: Origins,X360,2008.0,Role-Playing,Sega,0.0,0.01,0.01,0.01,0.03
5282,Destiny Duty Gold Edition,PSV,2012.0,Simulation,Epic Games,0.01,0.01,0.0,0.01,0.03
5283,Chronicles of Champions,PS3,2014.0,Shooter,Take-Two Interactive,0.01,0.02,0.0,0.0,0.03
5284,Titans Dragons II,N64,2005.0,Sports,Electronic Arts,0.01,0.01,0.0,0.01,0.03
5285,Empire of Empires,XOne,2015.0,Adventure,Square Enix,0.01,0.01,0.01,0.0,0.03
5286,Legend of Arena: Origins,PS3,2011.0,Racing,Microsoft Game Studios,0.02,0.01,0.0,0.0,0.03
5287,Odyssey Honor 2,GC,2003.0,Simulation,Sega,0.02,0.0,0.01,0.0,0.03
5288,Skies Destiny,PS3,2010.0,Role-Playing,Ubisoft,0.01,0.01,0.01,0.0,0.03
5289,Rebellion Depths 3,DS,2007.0,Puzzle,Atari,0.01,0.01,0.0,0.01,0.03
5290,Shadow of Rebellion Gold Edition,X360,2009.0,Adventure,CD Projekt,0.01,0.01,0.0,0.01,0.03
5291,Champions Empires,PS4,2020.0,Strategy,Capcom,0.01,0.01,0.0,0.01,0.03
5292,Fury Gridiron,XB,2003.0,Adventure,CD Projekt,0.01,0.01,0.01,0.0,0.03
5293,Nations Honor II,Wii,2010.0,Simulation,Namco Bandai Games,0.02,0.0,0.0,0.01,0.03
5294,Battle for Fairways: Next Gen,XB,2001.0,Adventure,Activision,0.01,0.01,0.01,0.0,0.03
5295,Duty Racing Stars: Remastered,PS2,2006.0,Action,Konami Digital Entertainment,0.01,0.01,0.01,0.0,0.03
5296,World of Titans: Remastered,Wii,2006.0,Sports,Capcom,0.02,0.01,0.0,0.0,0.03
5297,Nations Duty: Remastered,PS2,2000.0,Adventure,Bethesda Softworks,0.02,0.01,0.0,0.0,0.03
5298,Kingdom of Empires,XOne,2013.0,Shooter,Epic Games,0.02,0.01,0.0,0.0,0.03
5299,Legend of Fairways Gold Edition,3DS,2015.0,Role-Playing,Nintendo,0.01,0.01,0.01,0.0,0.03
5300,Shadows Legends,N64,1999.0,Platform,Sony Computer Entertainment,0.02,0.0,0.01,0.0,0.03
5301,Conquest Titans: Origins,GC,2001.0,Racing,CD Projekt,0.02,0.01,0.0,0.0,0.03
5302,Arena Titans III,PS,1998.0,Role-Playing,Square Enix,0.0,0.01,0.01,0.01,0.03
5303,Dragons Storm III,Wii,2013.0,Platform,Namco Bandai Games,0.01,0.01,0.01,0.0,0.03
5304,Legend of Arena II,3DS,2017.0,Simulation,THQ,0.02,0.01,0.0,0.0,0.03
5305,Legend of Titans: Next Gen,DS,2012.0,Misc,Sega,0.02,0.01,0.0,0.0,0.03
5306,Age of Warriors,PS4,2016.0,Adventure,CD Projekt,0.02,0.01,0.0,0.0,0.03
5307,Fall of Odyssey: Remastered,Wii,2012.0,Action,Bethesda Softworks,0.0,0.01,0.01,0.01,0.03
5308,Tales of Valor,GB,1998.0,Fighting,Activision,0.02,0.01,0.0,0.0,0.03
5309,Empire of Champions,XB,2002.0,Fighting,Activision,0.01,0.01,0.01,0.0,0.03
5310,Legends Shadows: Remastered,XB,2007.0,Role-Playing,Disney Interactive Studios,0.01,0.01,0.01,0.0,0.03
5311,Dragons Rebellion Gold Edition,PS4,2015.0,Sports,Namco Bandai Games,0.03,0.0,0.0,0.0,0.03
5312,Shadow of Shadows: Remastered,GC,2009.0,Adventure,Capcom,0.02,0.01,0.0,0.0,0.03
5313,Realm of Skies 2,PC,2002.0,Simulation,Electronic Arts,0.02,0.01,0.0,0.0,0.03
5314,Odyssey Rebellion: Next Gen,PS3,2010.0,Misc,CD Projekt,0.02,0.01,0.0,0.0,0.03
5315,Quest for Legends: Origins,PSV,2019.0,Simulation,THQ,0.02,0.01,0.0,0.0,0.03
5316,Warriors Warriors: Remastered,SNES,2001.0,Simulation,Disney Interactive Studios,0.02,0.01,0.0,0.0,0.03
5317,Conquest Glory: Next Gen,XB,2009.0,Simulation,Microsoft Game Studios,0.02,0.01,0.0,0.0,0.03
5318,World of Storm II,XOne,2018.0,Action,Atari,0.01,0.01,0.01,0.0,0.03
5319,Skies Racing Stars: Revolution,PS,2007.0,Role-Playing,Square Enix,0.02,0.0,0.01,0.0,0.03
5320,Quest for Legends: Reborn,XB,2002.0,Platform,Epic Games,0.02,0.01,0.0,0.0,0.03
5321,Titans Gridiron Gold Edition,XB,2002.0,Platform,Epic Games,0.01,0.01,0.01,0.0,0.03
5322,Battle for Honor,WiiU,2019.0,Adventure,Atari,0.02,0.01,0.0,0.0,0.03
5323,Nations Gridiron,PSP,2015.0,Sports,Atari,0.01,0.01,0.0,0.01,0.03
5324,Storm Odyssey: Next Gen,X360,2005.0,Sports,Disney Interactive Studios,0.01,0.01,0.0,0.01,0.03
5325,World of Rebellion: Next Gen,GBA,2009.0,Adventure,Square Enix,0.01,0.01,0.0,0.01,0.03
5326,Empire of Valor III,N64,2006.0,Role-Playing,Square Enix,0.01,0.01,0.01,0.0,0.03
5327,Nations Duty III,PSP,2010.0,Puzzle,2K Games,0.02,0.01,0.0,0.0,0.03
5328,Racing Stars Shadows 2,XOne,2015.0,Role-Playing,Take-Two Interactive,0.01,0.01,0.01,0.0,0.03
5329,Conquest Valor: Remastered,PSP,2011.0,Action,Konami Digital Entertainment,0.01,0.01,0.01,0.0,0.03
5330,Realm of Shadows,XB,2005.0,Simulation,Ubisoft,0.01,0.01,0.0,0.01,0.03
5331,Odyssey Glory 2,GB,1997.0,Action,Activision,0.01,0.01,0.0,0.01,0.03
5332,Call of Valor: Next Gen,PS4,2015.0,Adventure,Square Enix,0.01,0.01,0.01,0.0,0.03
5333,Shadows Rebellion,XB,2005.0,Racing,Konami Digital Entertainment,0.01,0.01,0.0,0.01,0.03
5334,Call of Odyssey: Remastered,PSP,2016.0,Strategy,Warner Bros. Interactive,0.02,0.01,0.0,0.0,0.03
5335,Fury Warriors: Remastered,XB,2006.0,Misc,Microsoft Game Studios,0.01,0.01,0.01,0.0,0.03
5336,Odyssey Shadows: Remastered,PC,1998.0,Role-Playing,Atari,0.01,0.01,0.01,0.0,0.03
5337,Legend of Fury: Origins,GC,2005.0,Simulation,Konami Digital Entertainment,0.02,0.01,0.0,0.0,0.03
5338,Legend of Legends Gold Edition,PSP,2016.0,Fighting,Konami Digital Entertainment,0.01,0.02,0.0,0.0,0.03
5339,Call of Skies: Reborn,PSP,2010.0,Simulation,Disney Interactive Studios,0.01,0.02,0.0,0.0,0.03
5340,Racing Stars Storm Gold Edition,DS,2012.0,Simulation,Namco Bandai Games,0.01,0.01,0.01,0.0,0.03
5341,Depths Destiny: Next Gen,SNES,1996.0,Misc,2K Games,0.01,0.01,0.0,0.01,0.03
5342,Shadow of Fairways: Remastered,PC,1995.0,Strategy,Microsoft Game Studios,0.02,0.0,0.01,0.0,0.03
5343,Fall of Destiny,GB,2005.0,Action,Nintendo,0.01,0.01,0.01,0.0,0.03
5344,Shadows Rebellion 2,PS4,2013.0,Sports,Electronic Arts,0.02,0.01,0.0,0.0,0.03
5345,Legends Honor: Revolution,3DS,2012.0,Sports,Konami Digital Entertainment,0.01,0.01,0.0,0.01,0.03
5346,Valor Racing Stars,PS2,2002.0,Simulation,Konami Digital Entertainment,0.0,0.01,0.01,0.01,0.03
5347,Glory Valor,PS2,2006.0,Role-Playing,Sony Computer Entertainment,0.01,0.0,0.01,0.01,0.03
5348,Battle for Titans II,N64,2001.0,Sports,Sony Computer Entertainment,0.02,0.0,0.0,0.01,0.03
5349,Realm of Honor,XB,2002.0,Platform,Activision,0.02,0.01,0.0,0.0,0.03
5350,Kingdom of Heroes Gold Edition,XOne,2020.0,Sports,Nintendo,0.02,0.01,0.0,0.0,0.03
5351,Legends Odyssey: Origins,PS,1999.0,Misc,Disney Interactive Studios,0.02,0.01,0.0,0.0,0.03
5352,Nations Titans 3,XB,2008.0,Adventure,Square Enix,0.02,0.01,0.0,0.0,0.03
5353,Fury Legends: Next Gen,Wii,2014.0,Puzzle,Bethesda Softworks,0.02,0.0,0.0,0.01,0.03
5354,Quest for Nations 3,PC,1996.0,Fighting,Konami Digital Entertainment,0.01,0.01,0.01,0.0,0.03
5355,Storm Depths,3DS,2018.0,Shooter,Take-Two Interactive,0.01,0.01,0.0,0.01,0.03
5356,Odyssey Glory: Remastered,GB,1996.0,Puzzle,CD Projekt,0.02,0.0,0.01,0.0,0.03
5357,Honor Odyssey 2,XB,2005.0,Adventure,Capcom,0.01,0.01,0.0,0.01,0.03
5358,Age of Frontier III,WiiU,2015.0,Platform,2K Games,0.02,0.01,0.0,0.0,0.03
5359,Glory Odyssey: Origins,GB,2002.0,Sports,Capcom,0.01,0.01,0.0,0.01,0.03
5360,Duty Warriors: Next Gen,GBA,2007.0,Strategy,Warner Bros. Interactive,0.02,0.01,0.0,0.0,0.03
5361,Call of Gridiron: Revolution,GBA,2008.0,Shooter,Electronic Arts,0.01,0.01,0.0,0.01,0.03
5362,Kingdom of Heroes III,XOne,2017.0,Racing,Epic Games,0.01,0.0,0.01,0.01,0.03
5363,Arena Honor: Reborn,XOne,2019.0,Platform,Ubisoft,0.01,0.01,0.0,0.01,0.03
5364,Tales of Odyssey,PSP,2010.0,Strategy,Sega,0.01,0.01,0.0,0.01,0.03
5365,Fury Dragons: Origins,PS,2006.0,Sports,Ubisoft,0.02,0.01,0.0,0.0,0.03
5366,Honor Titans,3DS,2016.0,Adventure,Disney Interactive Studios,0.01,0.01,0.01,0.0,0.03
5367,Champions Duty: Revolution,3DS,2016.0,Simulation,2K Games,0.02,0.01,0.0,0.0,0.03
5368,Shadows Shadows: Remastered,PSP,2005.0,Puzzle,Warner Bros. Interactive,0.0,0.01,0.01,0.01,0.03
5369,Fury Destiny 2,WiiU,2014.0,Simulation,Take-Two Interactive,0.01,0.01,0.01,0.0,0.03
5370,World of Destiny,XOne,2016.0,Fighting,Electronic Arts,0.02,0.01,0.0,0.0,0.03
5371,Fall of Rebellion,PSV,2018.0,Role-Playing,Bethesda Softworks,0.01,0.01,0.01,0.0,0.03
5372,Fairways Legends Gold Edition,N64,2007.0,Sports,CD Projekt,0.02,0.01,0.0,0.0,0.03
5373,Empire of Valor: Next Gen,PSV,2013.0,Shooter,Take-Two Interactive,0.02,0.0,0.0,0.01,0.03
5374,Shadows Destiny II,XOne,2018.0,Role-Playing,Square Enix,0.01,0.01,0.01,0.0,0.03
5375,Call of Racing Stars II,Switch,2019.0,Adventure,,0.02,0.01,0.0,0.0,0.03
5376,Saga of Legends,DS,2013.0,Shooter,Microsoft Game Studios,0.02,0.01,0.0,0.0,0.03
5377,Dragons Glory 3,3DS,2011.0,Platform,THQ,0.02,0.01,0.0,0.0,0.03
5378,Call of Racing Stars,X360,2006.0,Adventure,Bethesda Softworks,0.02,0.01,0.0,0.0,0.03
5379,Warriors Valor 2,PSP,2005.0,Racing,Disney Interactive Studios,0.02,0.01,0.0,0.0,0.03
5380,Call of Nations III,PSP,2007.0,Role-Playing,Activision,0.01,0.01,0.01,0.0,0.03
5381,Call of Heroes: Remastered,WiiU,2015.0,Misc,2K Games,0.0,0.01,0.01,0.01,0.03
5382,Empire of Valor: Remastered,X360,2005.0,Action,CD Projekt,0.01,0.01,0.0,0.01,0.03
5383,Call of Duty,Switch,2020.0,Role-Playing,Square Enix,0.01,0.01,0.01,0.0,0.03
5384,Heroes Skies III,DS,2011.0,Adventure,Capcom,0.02,0.01,0.0,0.0,0.03
5385,Call of Conquest III,PC,2000.0,Strategy,Atari,0.02,0.01,0.0,0.0,0.03
5386,Racing Stars Champions 3,DS,2010.0,Misc,Epic Games,0.02,0.01,0.0,0.0,0.03
5387,Glory Champions: Next Gen,Wii,2014.0,Shooter,Disney Interactive Studios,0.02,0.01,0.0,0.0,0.03
5388,Saga of Arena Gold Edition,XB,2005.0,Misc,Square Enix,0.01,0.01,0.01,0.0,0.03
5389,Battle for Empires,3DS,2020.0,Adventure,CD Projekt,0.02,0.01,0.0,0.0,0.03
5390,Frontier Skies,X360,2012.0,Role-Playing,Square Enix,0.01,0.01,0.01,0.0,0.03
5391,Tales of Destiny 3,PS,1999.0,Fighting,Warner Bros. Interactive,0.02,0.01,0.0,0.0,0.03
5392,Champions Storm: Remastered,Wii,2013.0,Strategy,Ubisoft,0.01,0.01,0.0,0.01,0.03
5393,Glory Shadows: Remastered,3DS,2020.0,Adventure,Epic Games,0.01,0.0,0.01,0.01,0.03
5394,Fall of Depths: Origins,PS2,2000.0,Platform,Sony Computer Entertainment,0.02,0.01,0.0,0.0,0.03
5395,Arena Champions 3,PS3,2009.0,Role-Playing,Sony Computer Entertainment,0.02,0.0,0.01,0.0,0.03
5396,Age of Fairways: Next Gen,XOne,2013.0,Role-Playing,Disney Interactive Studios,0.02,0.0,0.01,0.0,0.03
5397,Fury Gridiron Gold Edition,3DS,2016.0,Sports,Nintendo,0.02,0.01,0.0,0.0,0.03
5398,Legend of Destiny II,PS4,2017.0,Puzzle,Warner Bros. Interactive,0.01,0.01,0.01,0.0,0.03
5399,Battle for Depths: Revolution,SNES,2006.0,Puzzle,Capcom,0.02,0.01,0.0,0.0,0.03
5400,Chronicles of Skies: Origins,PSV,2018.0,Misc,Sony Computer Entertainment,0.02,0.01,0.0,0.0,0.03
5401,Empires Rebellion: Next Gen,SNES,2005.0,Racing,THQ,0.02,0.0,0.0,0.01,0.03
5402,Rise of Storm 2,PS,2005.0,Platform,Atari,0.02,0.01,0.0,0.0,0.03
5403,Fall of Heroes: Remastered,PS,2007.0,Puzzle,THQ,0.02,0.01,0.0,0.0,0.03
5404,Kingdom of Odyssey III,PSV,2012.0,Puzzle,Ubisoft,0.01,0.02,0.0,0.0,0.03
5405,Valor Dragons: Reborn,3DS,2013.0,Role-Playing,Sega,0.01,0.0,0.02,0.0,0.03
5406,Chronicles of Empires Gold Edition,N64,1999.0,Role-Playing,CD Projekt,0.01,0.0,0.01,0.01,0.03
5407,Age of Depths: Next Gen,PC,1998.0,Sports,Epic Games,0.02,0.01,0.0,0.0,0.03
5408,Glory Odyssey Gold Edition,GC,2004.0,Sports,Konami Digital Entertainment,0.02,0.01,0.0,0.0,0.03
5409,Fall of Titans 3,GBA,2005.0,Shooter,Sony Computer Entertainment,0.01,0.01,0.0,0.01,0.03
5410,Tales of Destiny II,PC,2002.0,Adventure,Capcom,0.01,0.0,0.01,0.01,0.03
5411,Rise of Frontier: Reborn,Wii,2010.0,Adventure,Warner Bros. Interactive,0.01,0.01,0.01,0.0,0.03
5412,Chronicles of Fury,Switch,2018.0,Misc,2K Games,0.01,0.01,0.0,0.01,0.03
5413,Age of Destiny,PS2,2008.0,Adventure,Ubisoft,0.01,0.01,0.0,0.01,0.03
5414,Depths Frontier: Revolution,XOne,2013.0,Adventure,Ubisoft,0.01,0.01,0.01,0.0,0.03
5415,Fairways Odyssey,N64,1996.0,Platform,Sega,0.01,0.01,0.0,0.01,0.03
5416,Chronicles of Valor,Switch,2018.0,Action,Nintendo,0.02,0.0,0.0,0.01,0.03
5417,Warriors Empires 3,PC,2002.0,Strategy,Sega,0.02,0.01,0.0,0.0,0.03
5418,Duty Storm 3,PS4,2015.0,Puzzle,Atari,0.01,0.01,0.01,0.0,0.03
5419,Arena Fairways 2,PS3,2011.0,Racing,Disney Interactive Studios,0.02,0.01,0.0,0.0,0.03
5420,Duty Storm: Next Gen,PSV,2011.0,Racing,Atari,0.02,0.01,0.0,0.0,0.03
5421,Realm of Legends II,XOne,2014.0,Fighting,Activision,0.02,0.01,0.0,0.0,0.03
5422,Odyssey Empires: Next Gen,GB,2005.0,Role-Playing,Sega,0.02,0.0,0.01,0.0,0.03
5423,Legends Rebellion: Remastered,PC,1997.0,Role-Playing,Atari,0.01,0.01,0.01,0.0,0.03
5424,Champions Arena,GB,2005.0,Puzzle,Microsoft Game Studios,0.01,0.01,0.01,0.0,0.03
5425,Nations Fury: Revolution,XOne,2014.0,Action,Konami Digital Entertainment,0.02,0.01,0.0,0.0,0.03
5426,Champions Warriors,PS4,2015.0,Misc,2K Games,0.02,0.01,0.0,0.0,0.03
5427,Tales of Legends,PSP,2014.0,Action,Epic Games,0.02,0.01,0.0,0.0,0.03
5428,Honor Dragons Gold Edition,GC,2006.0,Shooter,CD Projekt,0.02,0.01,0.0,0.0,0.03
5429,Champions Skies 3,PSV,2012.0,Platform,Epic Games,0.01,0.01,0.01,0.0,0.03
5430,Destiny Heroes,XOne,2019.0,Simulation,Ubisoft,0.01,0.01,0.0,0.01,0.03
5431,Legend of Gridiron: Reborn,WiiU,2020.0,Shooter,Activision,0.02,0.01,0.0,0.0,0.03
5432,Rise of Champions 3,GBA,2009.0,Simulation,Square Enix,0.0,0.01,0.01,0.01,0.03
5433,Chronicles of Dragons: Reborn,DS,2006.0,Misc,Nintendo,0.02,0.01,0.0,0.0,0.03
5434,Saga of Duty: Next Gen,SNES,1996.0,Simulation,Sega,0.0,0.01,0.01,0.01,0.03
5435,Quest for Rebellion,GB,1997.0,Platform,Capcom,0.01,0.01,0.0,0.01,0.03
5436,Tales of Racing Stars 2,Wii,2006.0,Adventure,CD Projekt,0.03,0.0,0.0,0.0,0.03
5437,Realm of Dragons,SNES,2000.0,Misc,Epic Games,0.02,0.01,0.0,0.0,0.03
5438,Tales of Depths,X360,2016.0,Simulation,Disney Interactive Studios,0.02,0.01,0.0,0.0,0.03
5439,Nations Fairways: Reborn,SNES,2005.0,Misc,Atari,0.01,0.01,0.01,0.0,0.03
5440,Quest for Arena: Next Gen,WiiU,2018.0,Simulation,Electronic Arts,0.02,0.01,0.0,0.0,0.03
5441,Tales of Depths,PSV,2013.0,Puzzle,Take-Two Interactive,0.01,0.01,0.0,0.01,0.03
5442,Saga of Fairways,PS4,2016.0,Platform,Microsoft Game Studios,0.02,0.01,0.0,0.0,0.03
5443,Legend of Duty: Remastered,XOne,2014.0,Simulation,Warner Bros. Interactive,0.02,0.0,0.01,0.0,0.03
5444,Battle for Shadows: Revolution,GC,2007.0,Simulation,THQ,0.02,0.01,0.0,0.0,0.03
5445,Empire of Heroes,PSV,2015.0,Role-Playing,Square Enix,0.0,0.01,0.02,0.0,0.03
5446,Titans Heroes,PS,1998.0,Puzzle,Ubisoft,0.01,0.01,0.01,0.0,0.03
5447,Kingdom of Heroes: Origins,GBA,2003.0,Action,2K Games,0.02,0.01,0.0,0.0,0.03
5448,Chronicles of Nations II,XOne,2014.0,Platform,Atari,0.02,0.01,0.0,0.0,0.03
5449,Fury Champions 3,3DS,2017.0,Action,Electronic Arts,0.02,0.01,0.0,0.0,0.03
5450,Chronicles of Storm,PS3,2013.0,Action,Konami Digital Entertainment,0.01,0.0,0.01,0.01,0.03
5451,Fall of Conquest 2,XB,2009.0,Fighting,THQ,0.01,0.01,0.0,0.01,0.03
5452,Realm of Heroes III,X360,2015.0,Action,Disney Interactive Studios,0.01,0.02,0.0,0.0,0.03
5453,World of Titans: Next Gen,PS,2005.0,Simulation,Epic Games,0.0,0.01,0.01,0.01,0.03
5454,Kingdom of Glory: Reborn,PSV,2013.0,Adventure,THQ,0.0,0.01,0.01,0.01,0.03
5455,Champions Storm II,WiiU,2019.0,Strategy,Microsoft Game Studios,0.02,0.01,0.0,0.0,0.03
5456,Warriors Legends: Revolution,Switch,2018.0,Racing,THQ,0.01,0.01,0.01,0.0,0.03
5457,Shadow of Empires III,WiiU,2014.0,Action,Namco Bandai Games,0.0,0.01,0.01,0.01,0.03
5458,Kingdom of Warriors 2,PC,2000.0,Fighting,Sony Computer Entertainment,0.01,0.01,0.01,0.0,0.03
5459,Age of Frontier 2,3DS,2013.0,Platform,Take-Two Interactive,0.01,0.01,0.01,0.0,0.03
5460,Empire of Fury: Origins,N64,1999.0,Racing,Electronic Arts,0.02,0.01,0.0,0.0,0.03
5461,Empire of Frontier,GB,2002.0,Strategy,Sony Computer Entertainment,0.01,0.01,0.0,0.01,0.03
5462,Fall of Empires Gold Edition,PSV,2014.0,Sports,Electronic Arts,0.02,0.01,0.0,0.0,0.03
5463,Conquest Empires 2,N64,2006.0,Misc,Bethesda Softworks,0.01,0.01,0.0,0.01,0.03
5464,Titans Honor: Origins,PSP,2014.0,Puzzle,Nintendo,0.02,0.01,0.0,0.0,0.03
5465,Quest for Warriors: Next Gen,SNES,2001.0,Misc,Konami Digital Entertainment,0.02,0.01,0.0,0.0,0.03
5466,Honor Valor 2,WiiU,2016.0,Sports,Disney Interactive Studios,0.02,0.01,0.0,0.0,0.03
5467,Call of Dragons III,N64,2006.0,Strategy,Square Enix,0.01,0.01,0.0,0.0,0.02
5468,Shadows Gridiron: Reborn,3DS,2014.0,Strategy,Sony Computer Entertainment,0.01,0.01,0.0,0.0,0.02
5469,Age of Dragons: Next Gen,Switch,2020.0,Adventure,Capcom,0.0,0.01,0.01,0.0,0.02
5470,Empire of Destiny Gold Edition,PSP,2005.0,Puzzle,Sony Computer Entertainment,0.02,0.0,0.0,0.0,0.02
5471,Heroes Odyssey Gold Edition,PSP,2016.0,Misc,Capcom,0.02,0.0,0.0,0.0,0.02
5472,Gridiron Dragons Gold Edition,PS2,2001.0,Fighting,Ubisoft,0.02,0.0,0.0,0.0,0.02
5473,World of Gridiron 3,WiiU,2017.0,Strategy,Microsoft Game Studios,0.0,0.01,0.01,0.0,0.02
5474,Fall of Conquest: Revolution,PS2,2007.0,Sports,THQ,0.01,0.0,0.0,0.01,0.02
5475,Legends Glory II,WiiU,2015.0,Racing,Disney Interactive Studios,0.01,0.01,0.0,0.0,0.02
5476,Racing Stars Honor: Next Gen,DS,2005.0,Action,Activision,0.01,0.01,0.0,0.0,0.02
5477,Rise of Storm: Origins,PSV,2019.0,Simulation,Namco Bandai Games,0.01,0.01,0.0,0.0,0.02
5478,Legend of Fury: Revolution,Wii,2014.0,Action,Konami Digital Entertainment,0.0,0.01,0.0,0.01,0.02
5479,Nations Heroes 3,PC,1995.0,Action,Disney Interactive Studios,0.01,0.01,0.0,0.0,0.02
5480,Warriors Heroes 3,SNES,2003.0,Adventure,Namco Bandai Games,0.0,0.01,0.0,0.01,0.02
5481,Fury Shadows Gold Edition,XOne,2020.0,Sports,Konami Digital Entertainment,0.01,0.01,0.0,0.0,0.02
5482,World of Gridiron: Reborn,Switch,2019.0,Puzzle,2K Games,0.01,0.01,0.0,0.0,0.02
5483,World of Nations: Next Gen,PSV,2020.0,Simulation,Warner Bros. Interactive,0.0,0.01,0.01,0.0,0.02
5484,Rise of Titans,PS2,2002.0,Role-Playing,Microsoft Game Studios,0.01,0.0,0.01,0.0,0.02
5485,Arena Rebellion II,PC,1996.0,Sports,Konami Digital Entertainment,0.01,0.0,0.0,0.01,0.02
5486,Depths Dragons III,PS,2006.0,Adventure,Bethesda Softworks,0.01,0.01,0.0,0.0,0.02
5487,Rise of Conquest: Remastered,GB,1999.0,Adventure,Square Enix,0.01,0.01,0.0,0.0,0.02
5488,Chronicles of Storm,WiiU,2013.0,Fighting,Konami Digital Entertainment,0.01,0.01,0.0,0.0,0.02
5489,Fall of Valor 2,PS2,2008.0,Fighting,Ubisoft,0.01,0.01,0.0,0.0,0.02
5490,Depths Warriors 3,PS4,2016.0,Action,Bethesda Softworks,0.02,0.0,0.0,0.0,0.02
5491,Saga of Fury III,GBA,2008.0,Action,Microsoft Game Studios,0.01,0.01,0.0,0.0,0.02
5492,Tales of Champions,GBA,2003.0,Platform,Namco Bandai Games,0.0,0.01,0.0,0.01,0.02
5493,Saga of Heroes: Remastered,N64,2005.0,Racing,Disney Interactive Studios,0.01,0.01,0.0,0.0,0.02
5494,Fall of Arena Gold Edition,PS2,2002.0,Adventure,Square Enix,0.01,0.01,0.0,0.0,0.02
5495,Saga of Empires 3,PSP,2014.0,Platform,Nintendo,0.01,0.01,0.0,0.0,0.02
5496,Destiny Duty 2,PC,2002.0,Shooter,Capcom,0.0,0.01,0.0,0.01,0.02
5497,Age of Fairways Gold Edition,Wii,2015.0,Fighting,Disney Interactive Studios,0.01,0.01,0.0,0.0,0.02
5498,Fury Fairways: Next Gen,GB,2005.0,Adventure,CD Projekt,0.01,0.0,0.01,0.0,0.02
5499,Chronicles of Gridiron: Remastered,PS4,2013.0,Shooter,Disney Interactive Studios,0.01,0.01,0.0,0.0,0.02
5500,Age of Rebellion II,XOne,2019.0,Platform,Nintendo,0.01,0.01,0.0,0.0,0.02
5501,Fairways Racing Stars: Remastered,X360,2010.0,Puzzle,2K Games,0.01,0.01,0.0,0.0,0.02
5502,Battle for Arena II,WiiU,2017.0,Shooter,Electronic Arts,0.01,0.01,0.0,0.0,0.02
5503,Quest for Legends 3,Switch,2020.0,Simulation,CD Projekt,0.02,0.0,0.0,0.0,0.02
5504,Chronicles of Fury Gold Edition,PSP,2008.0,Action,Konami Digital Entertainment,0.01,0.01,0.0,0.0,0.02
5505,World of Heroes 2,PS4,2019.0,Misc,Sony Computer Entertainment,0.01,0.0,0.01,0.0,0.02
5506,Champions Warriors III,XOne,2014.0,Puzzle,Microsoft Game Studios,0.01,0.01,0.0,0.0,0.02
5507,Battle for Fairways III,N64,2003.0,Puzzle,Sony Computer Entertainment,0.02,0.0,0.0,0.0,0.02
5508,Rise of Glory 3,PS4,2020.0,Puzzle,Ubisoft,0.01,0.01,0.0,0.0,0.02
5509,Empire of Shadows: Next Gen,PC,2001.0,Fighting,CD Projekt,0.01,0.0,0.01,0.0,0.02
5510,Heroes Rebellion 3,X360,2013.0,Action,THQ,0.02,0.0,0.0,0.0,0.02
5511,Saga of Heroes Gold Edition,WiiU,2015.0,Adventure,THQ,0.02,0.0,0.0,0.0,0.02
5512,Battle for Frontier II,GB,1996.0,Role-Playing,Ubisoft,0.0,0.0,0.01,0.01,0.02
5513,Age of Rebellion Gold Edition,N64,2003.0,Adventure,Sony Computer Entertainment,0.0,0.01,0.01,0.0,0.02
5514,Age of Depths: Remastered,PSP,2016.0,Adventure,Warner Bros. Interactive,0.02,0.0,0.0,0.0,0.02
5515,Age of Empires: Reborn,Wii,2010.0,Racing,Activision,0.01,0.01,0.0,0.0,0.02
5516,Shadow of Fury III,PS4,2020.0,Strategy,Sony Computer Entertainment,0.01,0.01,0.0,0.0,0.02
5517,Saga of Titans,XB,2007.0,Racing,THQ,0.01,0.01,0.0,0.0,0.02
5518,Call of Duty II,X360,2005.0,Simulation,Atari,0.01,0.01,0.0,0.0,0.02
5519,World of Legends,PSP,2011.0,Shooter,Ubisoft,0.01,0.01,0.0,0.0,0.02
5520,Honor Valor III,PS,2008.0,Fighting,Sega,0.01,0.01,0.0,0.0,0.02
5521,Chronicles of Rebellion 2,PS,2005.0,Adventure,Atari,0.01,0.01,0.0,0.0,0.02
5522,Valor Shadows 2,3DS,2013.0,Action,Bethesda Softworks,0.01,0.0,0.0,0.01,0.02
5523,Empire of Legends: Next Gen,3DS,2020.0,Fighting,Namco Bandai Games,0.01,0.01,0.0,0.0,0.02
5524,Saga of Gridiron Gold Edition,GC,2001.0,Strategy,Microsoft Game Studios,0.01,0.01,0.0,0.0,0.02
5525,Honor Nations 3,GC,2007.0,Adventure,Bethesda Softworks,0.01,0.01,0.0,0.0,0.02
5526,Tales of Frontier,XOne,2013.0,Platform,Warner Bros. Interactive,0.02,0.0,0.0,0.0,0.02
5527,Chronicles of Warriors: Remastered,Switch,2018.0,Racing,Sony Computer Entertainment,0.02,0.0,0.0,0.0,0.02
5528,Storm Shadows,PSP,2013.0,Role-Playing,CD Projekt,0.0,0.01,0.01,0.0,0.02
5529,Champions Arena: Reborn,DS,2006.0,Role-Playing,Ubisoft,0.0,0.01,0.01,0.0,0.02
5530,Shadow of Legends: Origins,X360,2007.0,Puzzle,Sony Computer Entertainment,0.01,0.0,0.0,0.01,0.02
5531,Gridiron Destiny 2,SNES,2003.0,Strategy,Disney Interactive Studios,0.02,0.0,0.0,0.0,0.02
5532,Warriors Frontier: Reborn,PS3,2015.0,Misc,Microsoft Game Studios,0.0,0.01,0.0,0.01,0.02
5533,Champions Destiny 3,Switch,2019.0,Role-Playing,CD Projekt,0.0,0.01,0.01,0.0,0.02
5534,Shadow of Fury: Remastered,SNES,2006.0,Role-Playing,CD Projekt,0.0,0.01,0.01,0.0,0.02
5535,Saga of Arena,GB,2001.0,Action,Capcom,0.01,0.01,0.0,0.0,0.02
5536,Realm of Champions: Remastered,GC,2013.0,Role-Playing,Atari,0.0,0.01,0.01,0.0,0.02
5537,Heroes Honor: Revolution,SNES,1995.0,Fighting,Activision,0.01,0.01,0.0,0.0,0.02
5538,Realm of Nations: Revolution,XOne,2019.0,Sports,Take-Two Interactive,0.01,0.01,0.0,0.0,0.02
5539,World of Odyssey: Remastered,PC,1995.0,Fighting,Microsoft Game Studios,0.02,0.0,0.0,0.0,0.02
5540,Honor Storm II,GC,2009.0,Adventure,Bethesda Softworks,0.0,0.01,0.0,0.01,0.02
5541,Shadow of Gridiron 2,PS,2003.0,Adventure,Atari,0.02,0.0,0.0,0.0,0.02
5542,Gridiron Odyssey 2,XB,2008.0,Adventure,Capcom,0.02,0.0,0.0,0.0,0.02
5543,Call of Fury 3,X360,2005.0,Strategy,Epic Games,0.01,0.01,0.0,0.0,0.02
5544,Arena Racing Stars: Reborn,GB,2001.0,Strategy,Ubisoft,0.01,0.01,0.0,0.0,0.02
5545,Age of Glory: Next Gen,GBA,2005.0,Racing,Sony Computer Entertainment,0.02,0.0,0.0,0.0,0.02
5546,Honor Empires: Revolution,PSV,2018.0,Action,Warner Bros. Interactive,0.0,0.01,0.0,0.01,0.02
5547,Destiny Duty III,SNES,1995.0,Puzzle,Ubisoft,0.0,0.01,0.01,0.0,0.02
5548,Warriors Conquest: Revolution,XB,2003.0,Adventure,2K Games,0.01,0.01,0.0,0.0,0.02
5549,Fall of Heroes III,WiiU,2012.0,Action,Sony Computer Entertainment,0.01,0.01,0.0,0.0,0.02
5550,World of Nations: Reborn,XB,2010.0,Shooter,Capcom,0.01,0.0,0.0,0.01,0.02
5551,Gridiron Honor,XB,2007.0,Puzzle,Namco Bandai Games,0.01,0.01,0.0,0.0,0.02
5552,Fall of Rebellion Gold Edition,XB,2008.0,Fighting,Activision,0.02,0.0,0.0,0.0,0.02
5553,Valor Glory Gold Edition,PS,1997.0,Puzzle,Namco Bandai Games,0.01,0.01,0.0,0.0,0.02
5554,Glory Rebellion 3,GB,1999.0,Platform,Sega,0.0,0.01,0.0,0.01,0.02
5555,Duty Titans: Next Gen,XB,2010.0,Puzzle,Ubisoft,0.01,0.01,0.0,0.0,0.02
5556,Odyssey Depths: Revolution,X360,2015.0,Adventure,Warner Bros. Interactive,0.02,0.0,0.0,0.0,0.02
5557,Shadow of Honor III,PS4,2017.0,Puzzle,2K Games,0.01,0.01,0.0,0.0,0.02
5558,Racing Stars Titans: Reborn,WiiU,2014.0,Misc,Sega,0.01,0.01,0.0,0.0,0.02
5559,Heroes Champions Gold Edition,WiiU,2020.0,Misc,Take-Two Interactive,0.01,0.01,0.0,0.0,0.02
5560,Dragons Odyssey: Reborn,XB,2007.0,Action,Square Enix,0.01,0.01,0.0,0.0,0.02
5561,Call of Warriors,3DS,2015.0,Platform,Namco Bandai Games,0.01,0.01,0.0,0.0,0.02
5562,Call of Arena,PS,2001.0,Role-Playing,Warner Bros. Interactive,0.0,0.01,0.01,0.0,0.02
5563,Storm Arena: Reborn,PSP,2006.0,Strategy,THQ,0.02,0.0,0.0,0.0,0.02
5564,Legend of Nations 2,PS3,2006.0,Role-Playing,THQ,0.01,0.0,0.01,0.0,0.02
5565,Skies Destiny Gold Edition,SNES,2003.0,Strategy,Sega,0.02,0.0,0.0,0.0,0.02
5566,Champions Dragons,DS,2008.0,Platform,2K Games,0.02,0.0,0.0,0.0,0.02
5567,World of Dragons II,GB,2002.0,Platform,Sega,0.01,0.01,0.0,0.0,0.02
5568,Storm Destiny II,X360,2015.0,Strategy,Activision,0.01,0.01,0.0,0.0,0.02
5569,Shadow of Empires Gold Edition,GC,2011.0,Misc,THQ,0.02,0.0,0.0,0.0,0.02
5570,Tales of Glory II,SNES,2001.0,Fighting,Sony Computer Entertainment,0.01,0.01,0.0,0.0,0.02
5571,Chronicles of Glory 2,PS,2000.0,Puzzle,Take-Two Interactive,0.02,0.0,0.0,0.0,0.02
5572,Heroes Odyssey,Switch,2020.0,Fighting,Activision,0.01,0.01,0.0,0.0,0.02
5573,Empires Warriors 3,Wii,2010.0,Misc,Konami Digital Entertainment,0.02,0.0,0.0,0.0,0.02
5574,Realm of Heroes: Origins,PS,2007.0,Adventure,Bethesda Softworks,0.01,0.0,0.01,0.0,0.02
5575,Champions Odyssey: Next Gen,X360,2008.0,Platform,Microsoft Game Studios,0.0,0.01,0.01,0.0,0.02
5576,Frontier Racing Stars,PC,1998.0,Simulation,Ubisoft,0.01,0.01,0.0,0.0,0.02
5577,Frontier Warriors: Remastered,GBA,2004.0,Strategy,CD Projekt,0.01,0.01,0.0,0.0,0.02
5578,Gridiron Skies II,GBA,2001.0,Role-Playing,CD Projekt,0.01,0.0,0.01,0.0,0.02
5579,Duty Fury: Revolution,Wii,2009.0,Racing,Epic Games,0.01,0.01,0.0,0.0,0.02
5580,Racing Stars Racing Stars: Revolution,PS3,2006.0,Strategy,Nintendo,0.01,0.0,0.01,0.0,0.02
5581,Legend of Arena: Origins,PS4,2019.0,Sports,Bethesda Softworks,0.01,0.01,0.0,0.0,0.02
5582,Tales of Skies,Wii,2016.0,Simulation,Namco Bandai Games,0.01,0.01,0.0,0.0,0.02
5583,Empires Destiny II,XB,2003.0,Fighting,Take-Two Interactive,0.01,0.01,0.0,0.0,0.02
5584,Chronicles of Nations: Next Gen,PS4,2014.0,Puzzle,Sony Computer Entertainment,0.02,0.0,0.0,0.0,0.02
5585,Fairways Titans Gold Edition,GBA,2005.0,Shooter,Activision,0.01,0.01,0.0,0.0,0.02
5586,Saga of Rebellion: Next Gen,Switch,2017.0,Role-Playing,CD Projekt,0.01,0.0,0.01,0.0,0.02
5587,Rise of Skies,PSV,2020.0,Fighting,THQ,0.01,0.01,0.0,0.0,0.02
5588,Fury Destiny III,N64,2003.0,Sports,Atari,0.02,0.0,0.0,0.0,0.02
5589,Frontier Empires: Next Gen,WiiU,2015.0,Adventure,Bethesda Softworks,0.01,0.0,0.0,0.01,0.02
5590,Quest for Odyssey,GC,2013.0,Fighting,Activision,0.01,0.01,0.0,0.0,0.02
5591,Age of Fury,GBA,2004.0,Misc,2K Games,0.02,0.0,0.0,0.0,0.02
5592,Empire of Odyssey,PC,2000.0,Role-Playing,Square Enix,0.01,0.0,0.01,0.0,0.02
5593,Odyssey Rebellion: Next Gen,N64,2005.0,Fighting,Activision,0.01,0.01,0.0,0.0,0.02
5594,Duty Valor,GB,1997.0,Simulation,Atari,0.01,0.01,0.0,0.0,0.02
5595,Quest for Conquest: Origins,GC,2010.0,Sports,2K Games,0.02,0.0,0.0,0.0,0.02
5596,Empires Valor: Next Gen,PSV,2015.0,Puzzle,Nintendo,0.01,0.01,0.0,0.0,0.02
5597,Empires Arena III,N64,2005.0,Adventure,CD Projekt,0.01,0.01,0.0,0.0,0.02
5598,Quest for Shadows III,PSV,2020.0,Sports,Atari,0.01,0.01,0.0,0.0,0.02
5599,Nations Racing Stars 3,PSP,2013.0,Fighting,Konami Digital Entertainment,0.01,0.01,0.0,0.0,0.02
5600,World of Duty 2,N64,1999.0,Role-Playing,CD Projekt,0.01,0.0,0.01,0.0,0.02
5601,Racing Stars Destiny 3,N64,2003.0,Sports,Konami Digital Entertainment,0.01,0.0,0.0,0.01,0.02
5602,Valor Fury: Remastered,Switch,2020.0,Action,Nintendo,0.01,0.01,0.0,0.0,0.02
5603,Honor Fury III,GBA,,Racing,Sega,0.01,0.01,0.0,0.0,0.02
5604,Fall of Fairways,PS,2008.0,Role-Playing,CD Projekt,0.0,0.01,0.01,0.0,0.02
5605,Kingdom of Arena,PC,2002.0,Role-Playing,CD Projekt,0.01,0.0,0.01,0.0,0.02
5606,Age of Skies: Remastered,XB,2004.0,Simulation,CD Projekt,0.01,0.01,0.0,0.0,0.02
5607,Kingdom of Glory: Revolution,WiiU,2014.0,Platform,Disney Interactive Studios,0.01,0.01,0.0,0.0,0.02
5608,Storm Frontier 2,PC,1999.0,Action,Activision,0.01,0.01,0.0,0.0,0.02
5609,Duty Gridiron,3DS,2014.0,Misc,Warner Bros. Interactive,0.01,0.01,0.0,0.0,0.02
5610,Rebellion Fairways,GBA,2003.0,Shooter,Take-Two Interactive,0.01,0.01,0.0,0.0,0.02
5611,Depths Skies: Revolution,PSP,2009.0,Adventure,Electronic Arts,0.01,0.01,0.0,0.0,0.02
5612,Fall of Nations II,WiiU,2013.0,Fighting,Konami Digital Entertainment,0.0,0.01,0.01,0.0,0.02
5613,Saga of Depths Gold Edition,XB,2006.0,Role-Playing,Atari,0.01,0.0,0.01,0.0,0.02
5614,Tales of Duty: Origins,N64,2007.0,Shooter,THQ,0.01,0.01,0.0,0.0,0.02
5615,Saga of Racing Stars: Remastered,GBA,2005.0,Fighting,Epic Games,0.01,0.01,0.0,0.0,0.02
5616,Battle for Skies: Next Gen,XOne,2014.0,Adventure,Sega,0.02,0.0,0.0,0.0,0.02
5617,Realm of Depths,PS4,2018.0,Shooter,Activision,0.01,0.01,0.0,0.0,0.02
5618,Destiny Frontier 2,3DS,2013.0,Racing,Ubisoft,0.02,0.0,0.0,0.0,0.02
5619,Conquest Fairways,WiiU,2020.0,Strategy,Warner Bros. Interactive,0.01,0.01,0.0,0.0,0.02
5620,Shadow of Rebellion 2,WiiU,2013.0,Role-Playing,Atari,0.0,0.01,0.01,0.0,0.02
5621,Heroes Fury II,GB,2005.0,Strategy,THQ,0.01,0.01,0.0,0.0,0.02
5622,Empires Skies,N64,2002.0,Role-Playing,Namco Bandai Games,0.01,0.0,0.01,0.0,0.02
5623,Realm of Warriors: Remastered,N64,1998.0,Role-Playing,Microsoft Game Studios,0.01,0.0,0.01,0.0,0.02
5624,World of Dragons: Origins,PS,,Adventure,Atari,0.02,0.0,0.0,0.0,0.02
5625,Conquest Fairways 2,N64,2005.0,Fighting,THQ,0.01,0.01,0.0,0.0,0.02
5626,Kingdom of Titans,PSV,2018.0,Shooter,Ubisoft,0.01,0.01,0.0,0.0,0.02
5627,Call of Conquest: Reborn,PS,2003.0,Misc,Microsoft Game Studios,0.01,0.01,0.0,0.0,0.02
5628,Frontier Titans: Reborn,WiiU,2018.0,Role-Playing,Bethesda Softworks,0.01,0.0,0.01,0.0,0.02
5629,Heroes Champions 3,GB,2000.0,Fighting,THQ,0.01,0.01,0.0,0.0,0.02
5630,Kingdom of Honor,XOne,2019.0,Puzzle,Atari,0.01,0.01,0.0,0.0,0.02
5631,Chronicles of Fairways,GC,2004.0,Strategy,THQ,0.02,0.0,0.0,0.0,0.02
5632,Rise of Racing Stars,PC,2003.0,Action,Sony Computer Entertainment,0.01,0.01,0.0,0.0,0.02
5633,Saga of Heroes,GB,1997.0,Puzzle,Capcom,0.02,0.0,0.0,0.0,0.02
5634,Legend of Rebellion,XOne,2017.0,Shooter,CD Projekt,0.01,0.01,0.0,0.0,0.02
5635,Warriors Honor,3DS,2012.0,Puzzle,Activision,0.02,0.0,0.0,0.0,0.02
5636,Kingdom of Destiny: Revolution,XOne,2020.0,Racing,Epic Games,0.02,0.0,0.0,0.0,0.02
5637,Empire of Rebellion Gold Edition,GB,2005.0,Strategy,CD Projekt,0.01,0.01,0.0,0.0,0.02
5638,World of Shadows III,GB,1996.0,Action,Warner Bros. Interactive,0.0,0.01,0.01,0.0,0.02
5639,World of Arena,PC,2002.0,Puzzle,Nintendo,0.01,0.01,0.0,0.0,0.02
5640,Shadow of Shadows,3DS,2015.0,Adventure,Epic Games,0.02,0.0,0.0,0.0,0.02
5641,Honor Honor 3,N64,2006.0,Fighting,Epic Games,0.02,0.0,0.0,0.0,0.02
5642,Battle for Racing Stars,GBA,2006.0,Action,Electronic Arts,0.02,0.0,0.0,0.0,0.02
5643,Chronicles of Legends II,XB,2005.0,Shooter,Konami Digital Entertainment,0.01,0.01,0.0,0.0,0.02
5644,Champions Conquest Gold Edition,GB,2005.0,Platform,Activision,0.0,0.01,0.01,0.0,0.02
5645,Age of Rebellion: Origins,X360,2017.0,Fighting,Sony Computer Entertainment,0.01,0.01,0.0,0.0,0.02
5646,World of Duty 3,PC,1999.0,Action,Activision,0.01,0.01,0.0,0.0,0.02
5647,Champions Arena 3,PS2,2006.0,Simulation,Epic Games,0.01,0.01,0.0,0.0,0.02
5648,Empire of Glory,N64,1997.0,Strategy,Ubisoft,0.02,0.0,0.0,0.0,0.02
5649,Rebellion Titans: Reborn,Wii,2006.0,Fighting,Microsoft Game Studios,0.01,0.01,0.0,0.0,0.02
5650,Rise of Fairways: Next Gen,XB,2009.0,Role-Playing,2K Games,0.01,0.01,0.0,0.0,0.02
5651,Honor Rebellion,PS2,2002.0,Role-Playing,Electronic Arts,0.0,0.01,0.01,0.0,0.02
5652,Kingdom of Dragons: Reborn,XOne,2013.0,Role-Playing,Sega,0.01,0.0,0.01,0.0,0.02
5653,Storm Frontier 2,Switch,2019.0,Racing,Ubisoft,0.02,0.0,0.0,0.0,0.02
5654,Frontier Titans II,GBA,2006.0,Role-Playing,Square Enix,0.01,0.0,0.01,0.0,0.02
5655,Kingdom of Frontier: Remastered,3DS,2013.0,Fighting,THQ,0.01,0.01,0.0,0.0,0.02
5656,Empire of Duty II,SNES,1995.0,Action,Bethesda Softworks,0.02,0.0,0.0,0.0,0.02
5657,Gridiron Rebellion 3,GC,2003.0,Strategy,2K Games,0.0,0.01,0.01,0.0,0.02
5658,Battle for Shadows: Remastered,Switch,2017.0,Strategy,Epic Games,0.01,0.01,0.0,0.0,0.02
5659,Rebellion Rebellion: Next Gen,GB,2001.0,Role-Playing,Namco Bandai Games,0.0,0.01,0.01,0.0,0.02
5660,Arena Dragons,X360,2005.0,Sports,Sony Computer Entertainment,0.01,0.01,0.0,0.0,0.02
5661,Rise of Storm: Revolution,DS,2004.0,Puzzle,Take-Two Interactive,0.01,0.01,0.0,0.0,0.02
5662,Fairways Skies II,X360,2011.0,Role-Playing,Epic Games,0.01,0.0,0.01,0.0,0.02
5663,Fall of Glory: Next Gen,PS3,2006.0,Adventure,Bethesda Softworks,0.01,0.01,0.0,0.0,0.02
5664,Glory Empires 2,GBA,2004.0,Action,Bethesda Softworks,0.01,0.01,0.0,0.0,0.02
5665,Empire of Empires: Reborn,DS,2011.0,Fighting,Atari,0.01,0.0,0.01,0.0,0.02
5666,Destiny Storm: Revolution,XOne,2019.0,Role-Playing,Namco Bandai Games,0.01,0.0,0.01,0.0,0.02
5667,World of Empires Gold Edition,SNES,2003.0,Racing,Epic Games,0.02,0.0,0.0,0.0,0.02
5668,Fall of Destiny: Remastered,GC,2001.0,Shooter,Microsoft Game Studios,0.02,0.0,0.0,0.0,0.02
5669,Depths Empires 2,3DS,2011.0,Fighting,Namco Bandai Games,0.02,0.0,0.0,0.0,0.02
5670,Chronicles of Warriors: Revolution,DS,2010.0,Misc,Activision,0.02,0.0,0.0,0.0,0.02
5671,Warriors Empires Gold Edition,DS,2004.0,Puzzle,2K Games,0.01,0.01,0.0,0.0,0.02
5672,Nations Heroes III,PS4,2019.0,Role-Playing,Activision,0.01,0.0,0.01,0.0,0.02
5673,Destiny Skies 3,Switch,2018.0,Fighting,Microsoft Game Studios,0.0,0.01,0.01,0.0,0.02
5674,World of Rebellion 2,SNES,2004.0,Simulation,Nintendo,0.01,0.01,0.0,0.0,0.02
5675,Racing Stars Fairways,3DS,2017.0,Simulation,Epic Games,0.01,0.01,0.0,0.0,0.02
5676,Gridiron Dragons: Next Gen,PSV,2013.0,Fighting,Activision,0.02,0.0,0.0,0.0,0.02
5677,Empire of Rebellion,Switch,2017.0,Fighting,Warner Bros. Interactive,0.02,0.0,0.0,0.0,0.02
5678,Quest for Honor,DS,2006.0,Role-Playing,Bethesda Softworks,0.01,0.0,0.01,0.0,0.02
5679,Quest for Valor Gold Edition,WiiU,2013.0,Fighting,Epic Games,0.01,0.01,0.0,0.0,0.02
5680,Quest for Glory III,PSP,2014.0,Strategy,Ubisoft,0.01,0.0,0.01,0.0,0.02
5681,Rebellion Arena,GB,2006.0,Puzzle,Konami Digital Entertainment,0.01,0.01,0.0,0.0,0.02
5682,Fall of Nations Gold Edition,N64,2003.0,Platform,Take-Two Interactive,0.01,0.01,0.0,0.0,0.02
5683,Rebellion Skies: Next Gen,XB,2006.0,Role-Playing,Square Enix,0.01,0.0,0.01,0.0,0.02
5684,Tales of Glory II,PS4,2020.0,Racing,Namco Bandai Games,0.01,0.01,0.0,0.0,0.02
5685,Glory Warriors 3,X360,2009.0,Fighting,Disney Interactive Studios,0.01,0.01,0.0,0.0,0.02
5686,Empire of Duty: Next Gen,PS4,2015.0,Fighting,Capcom,0.01,0.01,0.0,0.0,0.02
5687,Nations Champions III,PSP,2006.0,Sports,Electronic Arts,0.01,0.01,0.0,0.0,0.02
5688,Racing Stars Warriors,XOne,2019.0,Action,Take-Two Interactive,0.01,0.01,0.0,0.0,0.02
5689,Rebellion Dragons 3,Wii,2007.0,Shooter,Activision,0.01,0.01,0.0,0.0,0.02
5690,Depths Warriors Gold Edition,PS,2002.0,Sports,Konami Digital Entertainment,0.02,0.0,0.0,0.0,0.02
5691,Odyssey Storm II,PSP,2016.0,Shooter,Microsoft Game Studios,0.01,0.01,0.0,0.0,0.02
5692,Fairways Shadows: Remastered,3DS,2020.0,Fighting,Ubisoft,0.02,0.0,0.0,0.0,0.02
5693,Skies Titans II,PS,2003.0,Simulation,Sega,0.01,0.01,0.0,0.0,0.02
5694,Warriors Warriors 2,PS3,2016.0,Shooter,Nintendo,0.02,0.0,0.0,0.0,0.02
5695,Tales of Legends,PS3,2008.0,Fighting,Sega,0.01,0.01,0.0,0.0,0.02
5696,Kingdom of Skies: Revolution,XB,2010.0,Simulation,Konami Digital Entertainment,0.0,0.0,0.01,0.01,0.02
5697,Gridiron Glory: Remastered,PS4,2017.0,Simulation,Epic Games,0.02,0.0,0.0,0.0,0.02
5698,Shadow of Destiny,GC,2011.0,Fighting,Sega,0.01,0.01,0.0,0.0,0.02
5699,Arena Frontier,DS,2011.0,Adventure,Namco Bandai Games,0.02,0.0,0.0,0.0,0.02
5700,Nations Gridiron Gold Edition,N64,1999.0,Strategy,Atari,0.01,0.01,0.0,0.0,0.02
5701,Kingdom of Valor 3,PS,1996.0,Misc,Epic Games,0.0,0.01,0.0,0.01,0.02
5702,Honor Storm: Reborn,GB,2001.0,Role-Playing,Bethesda Softworks,0.0,0.01,0.01,0.0,0.02
5703,Titans Frontier: Remastered,WiiU,2015.0,Racing,2K Games,0.01,0.01,0.0,0.0,0.02
5704,Shadows Nations 3,3DS,2014.0,Role-Playing,Square Enix,0.01,0.0,0.01,0.0,0.02
5705,Nations Racing Stars II,GB,1998.0,Fighting,Activision,0.01,0.01,0.0,0.0,0.02
5706,Titans Arena: Reborn,WiiU,2016.0,Platform,2K Games,0.01,0.01,0.0,0.0,0.02
5707,Battle for Legends: Revolution,PS,1997.0,Simulation,Sony Computer Entertainment,0.01,0.01,0.0,0.0,0.02
5708,Skies Titans: Origins,SNES,1995.0,Platform,Capcom,0.02,0.0,0.0,0.0,0.02
5709,Call of Shadows: Remastered,PC,1997.0,Fighting,Microsoft Game Studios,0.0,0.01,0.01,0.0,0.02
5710,Saga of Fury,GB,2001.0,Puzzle,Nintendo,0.01,0.01,0.0,0.0,0.02
5711,Rebellion Honor,PSP,2010.0,Fighting,2K Games,0.01,0.01,0.0,0.0,0.02
5712,Age of Arena,WiiU,2013.0,Role-Playing,Microsoft Game Studios,0.0,0.01,0.01,0.0,0.02
5713,Chronicles of Warriors Gold Edition,3DS,2015.0,Puzzle,Disney Interactive Studios,0.01,0.01,0.0,0.0,0.02
5714,Legends Odyssey II,WiiU,2015.0,Platform,CD Projekt,0.01,0.01,0.0,0.0,0.02
5715,World of Conquest: Origins,N64,2001.0,Simulation,Square Enix,0.01,0.01,0.0,0.0,0.02
5716,Shadow of Honor: Revolution,N64,2007.0,Shooter,Sega,0.02,0.0,0.0,0.0,0.02
5717,Conquest Empires Gold Edition,PS2,2006.0,Adventure,Ubisoft,0.02,0.0,0.0,0.0,0.02
5718,Warriors Fairways: Reborn,PSV,2016.0,Adventure,Disney Interactive Studios,0.01,0.01,0.0,0.0,0.02
5719,Tales of Heroes,XOne,2014.0,Racing,Sony Computer Entertainment,0.01,0.01,0.0,0.0,0.02
5720,Kingdom of Warriors III,PS4,2014.0,Misc,Atari,0.01,0.01,0.0,0.0,0.02
5721,Nations Dragons: Next Gen,PC,1995.0,Puzzle,2K Games,0.01,0.01,0.0,0.0,0.02
5722,Glory Rebellion,PSV,2013.0,Shooter,Namco Bandai Games,0.01,0.01,0.0,0.0,0.02
5723,Racing Stars Empires 2,PC,1997.0,Adventure,2K Games,0.01,0.01,0.0,0.0,0.02
5724,Fury Shadows 3,PS3,2013.0,Fighting,Konami Digital Entertainment,0.01,0.01,0.0,0.0,0.02
5725,Call of Fairways,3DS,2012.0,Role-Playing,Activision,0.01,0.0,0.01,0.0,0.02
5726,Age of Valor III,PS3,2009.0,Strategy,Capcom,0.01,0.01,0.0,0.0,0.02
5727,Destiny Frontier II,PS2,2008.0,Fighting,Activision,0.01,0.01,0.0,0.0,0.02
5728,Conquest Fairways,XOne,2019.0,Puzzle,Bethesda Softworks,0.01,0.01,0.0,0.0,0.02
5729,Champions Arena 3,N64,1996.0,Fighting,Atari,0.0,0.01,0.0,0.01,0.02
5730,Honor Fury: Next Gen,XOne,2015.0,Fighting,Sony Computer Entertainment,0.01,0.01,0.0,0.0,0.02
5731,Destiny Gridiron,XOne,2018.0,Platform,CD Projekt,0.01,0.01,0.0,0.0,0.02
5732,Saga of Dragons 3,GB,2005.0,Sports,Ubisoft,0.02,0.0,0.0,0.0,0.02
5733,Call of Shadows: Reborn,GBA,2002.0,Platform,Warner Bros. Interactive,0.02,0.0,0.0,0.0,0.02
5734,Call of Racing Stars Gold Edition,PS,2000.0,Action,Warner Bros. Interactive,0.01,0.01,0.0,0.0,0.02
5735,Realm of Valor 3,PSP,2011.0,Sports,Capcom,0.02,0.0,0.0,0.0,0.02
5736,Rebellion Depths II,3DS,2019.0,Racing,Sony Computer Entertainment,0.01,0.01,0.0,0.0,0.02
5737,Dragons Conquest: Origins,DS,2014.0,Puzzle,Microsoft Game Studios,0.01,0.01,0.0,0.0,0.02
5738,Saga of Gridiron 2,WiiU,2012.0,Strategy,Konami Digital Entertainment,0.01,0.01,0.0,0.0,0.02
5739,Frontier Nations: Reborn,X360,2010.0,Fighting,Atari,0.01,0.01,0.0,0.0,0.02
5740,Glory Duty: Revolution,PS2,2006.0,Role-Playing,Bethesda Softworks,0.0,0.01,0.01,0.0,0.02
5741,Tales of Destiny III,PS,2004.0,Sports,Konami Digital Entertainment,0.01,0.01,0.0,0.0,0.02
5742,Tales of Frontier: Remastered,N64,2007.0,Shooter,Microsoft Game Studios,0.01,0.01,0.0,0.0,0.02
5743,Dragons Arena: Revolution,PSP,2012.0,Action,Nintendo,0.01,0.01,0.0,0.0,0.02
5744,Champions Duty,N64,1999.0,Sports,Activision,0.01,0.01,0.0,0.0,0.02
5745,Valor Valor II,XB,2002.0,Racing,2K Games,0.01,0.01,0.0,0.0,0.02
5746,Rise of Storm: Next Gen,GC,2007.0,Misc,Atari,0.02,0.0,0.0,0.0,0.02
5747,Racing Stars Odyssey: Next Gen,PSP,2012.0,Adventure,Capcom,0.01,0.01,0.0,0.0,0.02
5748,World of Warriors,3DS,2018.0,Role-Playing,THQ,0.01,0.0,0.01,0.0,0.02
5749,Age of Dragons 3,GC,2004.0,Platform,Atari,0.01,0.01,0.0,0.0,0.02
5750,Tales of Empires 3,N64,2006.0,Simulation,Activision,0.01,0.01,0.0,0.0,0.02
5751,Storm Legends 3,SNES,2006.0,Role-Playing,Bethesda Softworks,0.01,0.0,0.01,0.0,0.02
5752,Chronicles of Fury III,Wii,2007.0,Strategy,Konami Digital Entertainment,0.01,0.01,0.0,0.0,0.02
5753,Saga of Arena III,PSV,2014.0,Simulation,Electronic Arts,0.02,0.0,0.0,0.0,0.02
5754,Battle for Warriors: Origins,PS3,2017.0,Simulation,Epic Games,0.01,0.0,0.01,0.0,0.02
5755,Empires Racing Stars,GBA,2005.0,Racing,Activision,0.01,0.01,0.0,0.0,0.02
5756,Racing Stars Titans II,N64,2005.0,Role-Playing,THQ,0.01,0.0,0.01,0.0,0.02
5757,Rise of Depths,PS2,,Simulation,Microsoft Game Studios,0.02,0.0,0.0,0.0,0.02
5758,Glory Glory,PSV,2013.0,Strategy,Bethesda Softworks,0.01,0.01,0.0,0.0,0.02
5759,Conquest Honor II,SNES,1994.0,Role-Playing,Nintendo,0.0,0.01,0.01,0.0,0.02
5760,Nations Honor: Revolution,N64,1998.0,Platform,Namco Bandai Games,0.01,0.01,0.0,0.0,0.02
5761,Empire of Fury,PS,2006.0,Strategy,Atari,0.01,0.01,0.0,0.0,0.02
5762,Empire of Nations,GC,2004.0,Adventure,CD Projekt,0.01,0.01,0.0,0.0,0.02
5763,Honor Fairways Gold Edition,SNES,1998.0,Strategy,2K Games,0.01,0.01,0.0,0.0,0.02
5764,Empire of Frontier,N64,2007.0,Fighting,Epic Games,0.01,0.01,0.0,0.0,0.02
5765,Arena Glory: Origins,GBA,2007.0,Strategy,Namco Bandai Games,0.0,0.01,0.01,0.0,0.02
5766,Chronicles of Arena: Next Gen,XB,2007.0,Misc,Sega,0.0,0.01,0.01,0.0,0.02
5767,Gridiron Arena: Origins,X360,2014.0,Puzzle,Disney Interactive Studios,0.01,0.01,0.0,0.0,0.02
5768,Fall of Storm: Remastered,WiiU,2015.0,Puzzle,Ubisoft,0.01,0.01,0.0,0.0,0.02
5769,Dragons Storm 3,GB,1999.0,Shooter,Microsoft Game Studios,0.0,0.01,0.0,0.01,0.02
5770,Empire of Arena,XB,2005.0,Adventure,2K Games,0.01,0.01,0.0,0.0,0.02
5771,Saga of Duty III,GB,2003.0,Strategy,2K Games,0.02,0.0,0.0,0.0,0.02
5772,Racing Stars Warriors,PS2,2000.0,Sports,Nintendo,0.01,0.01,0.0,0.0,0.02
5773,Storm Racing Stars: Next Gen,N64,1997.0,Sports,Capcom,0.02,0.0,0.0,0.0,0.02
5774,Battle for Fury: Next Gen,PS,2003.0,Fighting,Konami Digital Entertainment,0.01,0.01,0.0,0.0,0.02
5775,Battle for Gridiron,PSV,2013.0,Action,Bethesda Softworks,0.01,0.01,0.0,0.0,0.02
5776,Legend of Destiny: Origins,DS,2014.0,Strategy,Namco Bandai Games,0.01,0.01,0.0,0.0,0.02
5777,Gridiron Destiny 3,3DS,2013.0,Puzzle,THQ,0.0,0.01,0.0,0.01,0.02
5778,Empire of Fairways III,WiiU,2020.0,Strategy,CD Projekt,0.01,0.01,0.0,0.0,0.02
5779,Champions Depths II,XOne,2020.0,Fighting,THQ,0.01,0.01,0.0,0.0,0.02
5780,Skies Glory: Reborn,PSV,2019.0,Racing,Sega,0.01,0.01,0.0,0.0,0.02
5781,Call of Depths Gold Edition,PS4,2018.0,Action,Warner Bros. Interactive,0.01,0.01,0.0,0.0,0.02
5782,Tales of Warriors,N64,2003.0,Misc,Sega,0.01,0.0,0.01,0.0,0.02
5783,Quest for Warriors 2,PSV,2014.0,Racing,Konami Digital Entertainment,0.01,0.01,0.0,0.0,0.02
5784,Realm of Empires 3,DS,2009.0,Racing,2K Games,0.02,0.0,0.0,0.0,0.02
5785,Shadows Odyssey,PSV,2020.0,Adventure,Square Enix,0.01,0.01,0.0,0.0,0.02
5786,Fall of Honor 3,PSV,,Action,Disney Interactive Studios,0.01,0.01,0.0,0.0,0.02
5787,Frontier Destiny III,GB,2005.0,Platform,Nintendo,0.01,0.01,0.0,0.0,0.02
5788,Kingdom of Depths 2,WiiU,2013.0,Strategy,Nintendo,0.02,0.0,0.0,0.0,0.02
5789,Titans Rebellion II,WiiU,2018.0,Fighting,2K Games,0.01,0.01,0.0,0.0,0.02
5790,Champions Honor: Origins,PS,1998.0,Puzzle,Bethesda Softworks,0.01,0.01,0.0,0.0,0.02
5791,Legend of Dragons,Switch,2019.0,Role-Playing,Namco Bandai Games,0.01,0.0,0.01,0.0,0.02
5792,Age of Titans: Remastered,PC,1998.0,Fighting,Konami Digital Entertainment,0.01,0.01,0.0,0.0,0.02
5793,Battle for Dragons: Origins,PS2,2006.0,Puzzle,Epic Games,0.01,0.0,0.0,0.01,0.02
5794,Arena Glory,XB,2010.0,Fighting,Konami Digital Entertainment,0.01,0.01,0.0,0.0,0.02
5795,Chronicles of Duty: Origins,X360,2013.0,Strategy,Namco Bandai Games,0.01,0.01,0.0,0.0,0.02
5796,Call of Titans II,X360,2014.0,Misc,Microsoft Game Studios,0.01,0.01,0.0,0.0,0.02
5797,Rise of Skies: Remastered,GC,2009.0,Role-Playing,Bethesda Softworks,0.01,0.0,0.01,0.0,0.02
5798,Tales of Valor II,SNES,1996.0,Racing,Konami Digital Entertainment,0.01,0.01,0.0,0.0,0.02
5799,World of Skies,PSP,2013.0,Misc,Sega,0.01,0.01,0.0,0.0,0.02
5800,Racing Stars Glory III,X360,2015.0,Platform,Microsoft Game Studios,0.01,0.01,0.0,0.0,0.02
5801,Legend of Odyssey,N64,2007.0,Action,Nintendo,0.01,0.01,0.0,0.0,0.02
5802,Heroes Honor,PSV,2014.0,Fighting,Take-Two Interactive,0.01,0.01,0.0,0.0,0.02
5803,Frontier Storm: Origins,PS,2008.0,Puzzle,Disney Interactive Studios,0.02,0.0,0.0,0.0,0.02
5804,Kingdom of Rebellion,Wii,2009.0,Shooter,Activision,0.01,0.01,0.0,0.0,0.02
5805,Quest for Titans,PSV,2013.0,Adventure,Square Enix,0.01,0.01,0.0,0.0,0.02
5806,Conquest Conquest: Revolution,3DS,2019.0,Platform,Atari,0.0,0.01,0.01,0.0,0.02
5807,Gridiron Empires III,XB,2010.0,Adventure,Atari,0.01,0.01,0.0,0.0,0.02
5808,Valor Valor 2,PS2,2006.0,Racing,Namco Bandai Games,0.01,0.01,0.0,0.0,0.02
5809,Call of Legends II,GB,2000.0,Simulation,THQ,0.01,0.01,0.0,0.0,0.02
5810,Frontier Arena II,Wii,2010.0,Simulation,Take-Two Interactive,0.01,0.01,0.0,0.0,0.02
5811,Valor Fury,PSP,2008.0,Shooter,2K Games,0.01,0.01,0.0,0.0,0.02
5812,Quest for Fairways: Next Gen,XB,2004.0,Adventure,Atari,0.0,0.01,0.01,0.0,0.02
5813,Tales of Storm 2,GBA,2004.0,Racing,Square Enix,0.01,0.01,0.0,0.0,0.02
5814,Empire of Champions,3DS,2015.0,Action,Sony Computer Entertainment,0.01,0.01,0.0,0.0,0.02
5815,Chronicles of Fairways: Origins,N64,2005.0,Simulation,Ubisoft,0.02,0.0,0.0,0.0,0.02
5816,Tales of Legends: Origins,PSP,2016.0,Fighting,Activision,0.01,0.01,0.0,0.0,0.02
5817,Rise of Odyssey,GBA,2008.0,Adventure,Square Enix,0.01,0.01,0.0,0.0,0.02
5818,Depths Legends Gold Edition,GB,1996.0,Adventure,Warner Bros. Interactive,0.02,0.0,0.0,0.0,0.02
5819,Fairways Conquest: Revolution,Switch,2020.0,Adventure,Namco Bandai Games,0.02,0.0,0.0,0.0,0.02
5820,Dragons Legends 3,N64,2001.0,Shooter,Sega,0.01,0.01,0.0,0.0,0.02
5821,Saga of Legends: Revolution,DS,2014.0,Sports,Disney Interactive Studios,0.01,0.01,0.0,0.0,0.02
5822,World of Dragons: Reborn,N64,2000.0,Fighting,Activision,0.02,0.0,0.0,0.0,0.02
5823,Kingdom of Dragons: Remastered,GBA,2002.0,Misc,Atari,0.02,0.0,0.0,0.0,0.02
5824,Titans Valor: Remastered,GBA,2005.0,Shooter,Electronic Arts,0.01,0.01,0.0,0.0,0.02
5825,Titans Depths 3,PSP,2006.0,Shooter,Namco Bandai Games,0.01,0.01,0.0,0.0,0.02
5826,Realm of Duty,PC,2001.0,Racing,Epic Games,0.02,0.0,0.0,0.0,0.02
5827,Depths Frontier 3,PSV,2016.0,Racing,Electronic Arts,0.02,0.0,0.0,0.0,0.02
5828,Honor Fairways: Next Gen,XOne,2016.0,Role-Playing,2K Games,0.01,0.0,0.01,0.0,0.02
5829,Gridiron Rebellion: Remastered,PS4,2020.0,Adventure,Sega,0.02,0.0,0.0,0.0,0.02
5830,Depths Empires: Origins,PS,2009.0,Action,Bethesda Softworks,0.01,0.01,0.0,0.0,0.02
5831,Heroes Warriors: Next Gen,XOne,2017.0,Simulation,Microsoft Game Studios,0.02,0.0,0.0,0.0,0.02
5832,Nations Legends 2,WiiU,2017.0,Role-Playing,Nintendo,0.0,0.01,0.01,0.0,0.02
5833,Shadow of Conquest,N64,2008.0,Fighting,Activision,0.0,0.01,0.0,0.01,0.02
5834,Quest for Legends II,X360,2017.0,Platform,Microsoft Game Studios,0.01,0.0,0.01,0.0,0.02
5835,Rise of Skies: Next Gen,PSV,2015.0,Simulation,Microsoft Game Studios,0.02,0.0,0.0,0.0,0.02
5836,Battle for Heroes,DS,2005.0,Misc,Atari,0.02,0.0,0.0,0.0,0.02
5837,Honor Gridiron II,3DS,2020.0,Fighting,Warner Bros. Interactive,0.01,0.01,0.0,0.0,0.02
5838,Legends Duty: Remastered,Switch,2017.0,Racing,CD Projekt,0.01,0.01,0.0,0.0,0.02
5839,Skies Legends III,Switch,2020.0,Puzzle,Nintendo,0.01,0.01,0.0,0.0,0.02
5840,Chronicles of Glory: Reborn,PC,1996.0,Racing,2K Games,0.02,0.0,0.0,0.0,0.02
5841,Chronicles of Destiny 2,WiiU,2014.0,Role-Playing,Nintendo,0.01,0.0,0.01,0.0,0.02
5842,Fairways Glory II,GB,2003.0,Fighting,Namco Bandai Games,0.01,0.01,0.0,0.0,0.02
5843,Legend of Shadows,GC,2010.0,Misc,Namco Bandai Games,0.01,0.01,0.0,0.0,0.02
5844,Chronicles of Fury II,PC,2002.0,Misc,Activision,0.01,0.01,0.0,0.0,0.02
5845,Quest for Shadows 3,DS,2011.0,Fighting,2K Games,0.01,0.01,0.0,0.0,0.02
5846,Legends Depths: Origins,SNES,1994.0,Puzzle,Sony Computer Entertainment,0.01,0.01,0.0,0.0,0.02
5847,Legend of Glory,PC,1995.0,Simulation,Disney Interactive Studios,0.01,0.01,0.0,0.0,0.02
5848,Saga of Depths: Reborn,PSV,2014.0,Action,Ubisoft,0.01,0.01,0.0,0.0,0.02
5849,World of Dragons,PC,1998.0,Role-Playing,Bethesda Softworks,0.01,0.0,0.01,0.0,0.02
5850,Honor Fury,GB,1997.0,Action,Warner Bros. Interactive,0.01,0.01,0.0,0.0,0.02
5851,Rise of Nations: Origins,N64,2005.0,Puzzle,Sony Computer Entertainment,0.01,0.01,0.0,0.0,0.02
5852,Saga of Warriors,GBA,2008.0,Misc,Capcom,0.01,0.0,0.0,0.01,0.02
5853,Age of Gridiron 2,XB,2010.0,Role-Playing,Square Enix,0.01,0.0,0.01,0.0,0.02
5854,Kingdom of Honor Gold Edition,SNES,2003.0,Action,Capcom,0.02,0.0,0.0,0.0,0.02
5855,Rebellion Duty,GC,2003.0,Adventure,CD Projekt,0.01,0.01,0.0,0.0,0.02
5856,Shadow of Arena 2,GB,,Adventure,Namco Bandai Games,0.01,0.0,0.0,0.01,0.02
5857,Titans Fury: Next Gen,GBA,2004.0,Misc,THQ,0.01,0.01,0.0,0.0,0.02
5858,Honor Gridiron,X360,2005.0,Strategy,Disney Interactive Studios,0.01,0.01,0.0,0.0,0.02
5859,Frontier Depths: Revolution,GBA,2001.0,Sports,Take-Two Interactive,0.02,0.0,0.0,0.0,0.02
5860,Realm of Storm,GBA,2001.0,Shooter,Sony Computer Entertainment,0.01,0.01,0.0,0.0,0.02
5861,Shadow of Honor: Revolution,GC,2010.0,Fighting,Capcom,0.01,0.01,0.0,0.0,0.02
5862,World of Skies 3,XB,2010.0,Shooter,Electronic Arts,0.02,0.0,0.0,0.0,0.02
5863,Quest for Nations 3,PSP,2006.0,Action,Namco Bandai Games,0.01,0.01,0.0,0.0,0.02
5864,Empires Fairways Gold Edition,WiiU,2020.0,Racing,2K Games,0.01,0.01,0.0,0.0,0.02
5865,Realm of Destiny: Revolution,WiiU,2017.0,Adventure,Epic Games,0.01,0.01,0.0,0.0,0.02
5866,Empire of Heroes Gold Edition,PS3,2006.0,Puzzle,THQ,0.01,0.0,0.01,0.0,0.02
5867,Legend of Champions Gold Edition,XB,2010.0,Simulation,Electronic Arts,0.01,0.0,0.01,0.0,0.02
5868,Arena Storm: Next Gen,GBA,2003.0,Adventure,CD Projekt,0.01,0.01,0.0,0.0,0.02
5869,Age of Champions,PSP,2007.0,Role-Playing,Square Enix,0.0,0.0,0.01,0.01,0.02
5870,Valor Honor,XOne,2019.0,Puzzle,Disney Interactive Studios,0.01,0.01,0.0,0.0,0.02
5871,Call of Honor Gold Edition,SNES,2000.0,Adventure,CD Projekt,0.02,0.0,0.0,0.0,0.02
5872,Glory Legends 2,DS,2012.0,Racing,2K Games,0.01,0.01,0.0,0.0,0.02
5873,Glory Arena: Reborn,PS,2008.0,Misc,2K Games,0.02,0.0,0.0,0.0,0.02
5874,Call of Conquest II,N64,1998.0,Simulation,Warner Bros. Interactive,0.01,0.0,0.0,0.01,0.02
5875,Racing Stars Empires,PS4,2013.0,Racing,Sony Computer Entertainment,0.01,0.01,0.0,0.0,0.02
5876,Saga of Racing Stars III,Switch,2017.0,Shooter,Namco Bandai Games,0.02,0.0,0.0,0.0,0.02
5877,Shadow of Dragons,PS2,2005.0,Action,Square Enix,0.01,0.01,0.0,0.0,0.02
5878,Valor Duty,PS4,2018.0,Misc,Ubisoft,0.01,0.01,0.0,0.0,0.02
5879,Call of Frontier,WiiU,2014.0,Strategy,,0.01,0.01,0.0,0.0,0.02
5880,Warriors Destiny: Origins,Wii,2009.0,Adventure,Take-Two Interactive,0.02,0.0,0.0,0.0,0.02
5881,Shadow of Skies: Origins,X360,2008.0,Role-Playing,Ubisoft,0.0,0.01,0.01,0.0,0.02
5882,Fury Odyssey: Origins,N64,1997.0,Fighting,Epic Games,0.01,0.01,0.0,0.0,0.02
5883,Nations Champions,GBA,2003.0,Shooter,Capcom,0.01,0.01,0.0,0.0,0.02
5884,Tales of Gridiron,N64,2007.0,Strategy,Disney Interactive Studios,0.01,0.01,0.0,0.0,0.02
5885,Honor Shadows: Next Gen,PS2,2006.0,Racing,Disney Interactive Studios,0.02,0.0,0.0,0.0,0.02
5886,Rise of Conquest,WiiU,,Platform,Sony Computer Entertainment,0.01,0.01,0.0,0.0,0.02
5887,Saga of Odyssey Gold Edition,X360,2016.0,Role-Playing,Nintendo,0.01,0.0,0.01,0.0,0.02
5888,Chronicles of Depths: Revolution,PS,2000.0,Sports,Microsoft Game Studios,0.02,0.0,0.0,0.0,0.02
5889,Quest for Arena 2,GB,2004.0,Racing,Warner Bros. Interactive,0.02,0.0,0.0,0.0,0.02
5890,Rebellion Odyssey,PS2,2003.0,Racing,Ubisoft,0.01,0.01,0.0,0.0,0.02
5891,Kingdom of Heroes: Reborn,DS,2011.0,Strategy,Atari,0.0,0.01,0.0,0.01,0.02
5892,Valor Legends 2,GC,2003.0,Shooter,Atari,0.02,0.0,0.0,0.0,0.02
5893,World of Glory: Remastered,XOne,,Simulation,Warner Bros. Interactive,0.01,0.01,0.0,0.0,0.02
5894,Honor Heroes Gold Edition,GBA,2006.0,Sports,Atari,0.01,0.01,0.0,0.0,0.02
5895,Empires Odyssey III,GBA,2002.0,Action,Sega,0.01,0.01,0.0,0.0,0.02
5896,Saga of Odyssey,Switch,2018.0,Action,Atari,0.01,0.01,0.0,0.0,0.02
5897,Skies Glory: Reborn,PS3,2007.0,Racing,Epic Games,0.02,0.0,0.0,0.0,0.02
5898,Duty Skies: Next Gen,Switch,2018.0,Misc,2K Games,0.01,0.01,0.0,0.0,0.02
5899,Realm of Nations: Origins,PC,1998.0,Simulation,Namco Bandai Games,0.01,0.01,0.0,0.0,0.02
5900,Age of Empires: Reborn,Wii,2009.0,Role-Playing,Nintendo,0.01,0.0,0.01,0.0,0.02
5901,Battle for Skies,PS4,2017.0,Platform,Namco Bandai Games,0.01,0.0,0.01,0.0,0.02
5902,Fury Fairways 3,PS4,2018.0,Puzzle,Sega,0.01,0.0,0.01,0.0,0.02
5903,Fall of Frontier,GBA,2007.0,Action,Konami Digital Entertainment,0.02,0.0,0.0,0.0,0.02
5904,Call of Fairways,GB,2005.0,Fighting,Take-Two Interactive,0.01,0.0,0.0,0.01,0.02
5905,Empire of Depths II,PS3,2012.0,Fighting,Activision,0.0,0.01,0.01,0.0,0.02
5906,Shadow of Shadows Gold Edition,PC,1998.0,Adventure,Square Enix,0.01,0.01,0.0,0.0,0.02
5907,Depths Titans: Next Gen,GC,2009.0,Action,THQ,0.01,0.01,0.0,0.0,0.02
5908,Quest for Fairways,GB,1998.0,Role-Playing,Disney Interactive Studios,0.01,0.0,0.01,0.0,0.02
5909,Age of Heroes: Revolution,GB,1997.0,Adventure,Namco Bandai Games,0.01,0.01,0.0,0.0,0.02
5910,Chronicles of Rebellion 2,N64,2001.0,Puzzle,Namco Bandai Games,0.01,0.01,0.0,0.0,0.02
5911,Quest for Depths II,N64,1997.0,Misc,Konami Digital Entertainment,0.02,0.0,0.0,0.0,0.02
5912,Kingdom of Warriors: Remastered,PS3,2017.0,Puzzle,Nintendo,0.01,0.01,0.0,0.0,0.02
5913,Battle for Valor,GC,2004.0,Puzzle,Microsoft Game Studios,0.01,0.01,0.0,0.0,0.02
5914,Warriors Champions,DS,2007.0,Fighting,Konami Digital Entertainment,0.0,0.01,0.01,0.0,0.02
5915,Depths Empires: Origins,X360,2008.0,Misc,Warner Bros. Interactive,0.01,0.01,0.0,0.0,0.02
5916,Dragons Honor: Remastered,PS3,2013.0,Puzzle,Atari,0.02,0.0,0.0,0.0,0.02
5917,Honor Racing Stars,PSP,2007.0,Action,Activision,0.0,0.01,0.01,0.0,0.02
5918,Fall of Heroes,PS3,2009.0,Sports,Warner Bros. Interactive,0.02,0.0,0.0,0.0,0.02
5919,Titans Heroes 2,SNES,1999.0,Simulation,Ubisoft,0.02,0.0,0.0,0.0,0.02
5920,Heroes Champions: Next Gen,WiiU,2017.0,Racing,THQ,0.01,0.01,0.0,0.0,0.02
5921,Champions Heroes: Next Gen,PS,1996.0,Adventure,Square Enix,0.01,0.01,0.0,0.0,0.02
5922,Quest for Empires III,PC,2001.0,Sports,2K Games,0.01,0.01,0.0,0.0,0.02
5923,Age of Destiny: Next Gen,Wii,2010.0,Role-Playing,CD Projekt,0.01,0.0,0.01,0.0,0.02
5924,Valor Frontier: Next Gen,PS,2005.0,Sports,Epic Games,0.01,0.01,0.0,0.0,0.02
5925,Racing Stars Dragons: Revolution,GBA,2005.0,Misc,Take-Two Interactive,0.02,0.0,0.0,0.0,0.02
5926,Fall of Odyssey 3,XOne,2013.0,Role-Playing,THQ,0.01,0.0,0.01,0.0,0.02
5927,Quest for Storm: Revolution,PSV,2020.0,Sports,Microsoft Game Studios,0.02,0.0,0.0,0.0,0.02
5928,Glory Empires 2,GBA,2003.0,Fighting,Activision,0.02,0.0,0.0,0.0,0.02
5929,Kingdom of Depths,N64,1996.0,Adventure,Bethesda Softworks,0.02,0.0,0.0,0.0,0.02
5930,World of Dragons: Origins,PS4,2017.0,Shooter,Activision,0.02,0.0,0.0,0.0,0.02
5931,Destiny Valor 3,XOne,2019.0,Misc,THQ,0.01,0.0,0.0,0.01,0.02
5932,Legend of Heroes: Reborn,GB,,Sports,Nintendo,0.01,0.01,0.0,0.0,0.02
5933,Nations Storm: Origins,XB,2010.0,Adventure,CD Projekt,0.01,0.01,0.0,0.0,0.02
5934,Titans Legends: Revolution,3DS,2015.0,Action,Nintendo,0.02,0.0,0.0,0.0,0.02
5935,Fall of Glory: Remastered,PSP,2007.0,Fighting,Activision,0.01,0.01,0.0,0.0,0.02
5936,Warriors Shadows III,PS4,2017.0,Simulation,THQ,0.01,0.01,0.0,0.0,0.02
5937,Titans Honor: Remastered,X360,2010.0,Platform,Sega,0.02,0.0,0.0,0.0,0.02
5938,Kingdom of Destiny: Reborn,PS,2009.0,Fighting,Konami Digital Entertainment,0.01,0.01,0.0,0.0,0.02
5939,Chronicles of Champions: Remastered,PSP,2010.0,Adventure,Square Enix,0.01,0.01,0.0,0.0,0.02
5940,Chronicles of Fury,GC,2005.0,Simulation,Disney Interactive Studios,0.01,0.01,0.0,0.0,0.02
5941,Realm of Heroes II,PSP,2007.0,Adventure,THQ,0.02,0.0,0.0,0.0,0.02
5942,Call of Odyssey III,N64,2006.0,Misc,Warner Bros. Interactive,0.01,0.0,0.01,0.0,0.02
5943,Rise of Heroes: Remastered,XB,2002.0,Strategy,Epic Games,0.01,0.01,0.0,0.0,0.02
5944,Tales of Depths,PS3,2011.0,Racing,Nintendo,0.01,0.0,0.0,0.01,0.02
5945,Legend of Rebellion Gold Edition,WiiU,2019.0,Strategy,Ubisoft,0.01,0.01,0.0,0.0,0.02
5946,Glory Titans: Revolution,GBA,2009.0,Simulation,Ubisoft,0.01,0.01,0.0,0.0,0.02
5947,Rise of Shadows 3,GBA,2007.0,Action,Sega,0.01,0.01,0.0,0.0,0.02
5948,Odyssey Titans Gold Edition,N64,2003.0,Role-Playing,Square Enix,0.01,0.01,0.0,0.0,0.02
5949,Warriors Valor,XOne,2018.0,Puzzle,Square Enix,0.01,0.01,0.0,0.0,0.02
5950,Tales of Shadows Gold Edition,GB,2001.0,Simulation,Take-Two Interactive,0.01,0.01,0.0,0.0,0.02
5951,World of Shadows,GC,2009.0,Simulation,Microsoft Game Studios,0.01,0.01,0.0,0.0,0.02
5952,Legend of Empires 2,PS4,2017.0,Adventure,Bethesda Softworks,0.0,0.01,0.01,0.0,0.02
5953,Fall of Warriors: Origins,3DS,,Strategy,THQ,0.01,0.0,0.0,0.01,0.02
5954,Odyssey Destiny,WiiU,2019.0,Adventure,Disney Interactive Studios,0.0,0.01,0.0,0.01,0.02
5955,Rise of Champions: Next Gen,WiiU,2014.0,Sports,Sega,0.01,0.01,0.0,0.0,0.02
5956,Valor Shadows,XB,2002.0,Platform,Disney Interactive Studios,0.02,0.0,0.0,0.0,0.02
5957,Kingdom of Dragons 3,3DS,2018.0,Sports,Activision,0.02,0.0,0.0,0.0,0.02
5958,Kingdom of Glory Gold Edition,XB,2010.0,Racing,THQ,0.01,0.01,0.0,0.0,0.02
5959,Racing Stars Arena II,3DS,2018.0,Adventure,Square Enix,0.02,0.0,0.0,0.0,0.02
5960,Arena Fury,XB,2008.0,Role-Playing,Activision,0.01,0.0,0.01,0.0,0.02
5961,Legends Destiny: Remastered,SNES,1997.0,Strategy,Warner Bros. Interactive,0.02,0.0,0.0,0.0,0.02
5962,Warriors Skies: Reborn,DS,2010.0,Puzzle,Microsoft Game Studios,0.01,0.01,0.0,0.0,0.02
5963,Shadow of Empires: Remastered,XB,2005.0,Fighting,Atari,0.0,0.01,0.01,0.0,0.02
5964,Empires Depths: Remastered,3DS,2017.0,Adventure,Warner Bros. Interactive,0.01,0.0,0.01,0.0,0.02
5965,Saga of Fury: Remastered,WiiU,2012.0,Fighting,Epic Games,0.01,0.01,0.0,0.0,0.02
5966,Destiny Fairways,GBA,2008.0,Sports,Atari,0.0,0.01,0.0,0.01,0.02
5967,Gridiron Legends III,3DS,2015.0,Fighting,Warner Bros. Interactive,0.02,0.0,0.0,0.0,0.02
5968,Honor Destiny II,XOne,2014.0,Shooter,Electronic Arts,0.02,0.0,0.0,0.0,0.02
5969,Saga of Odyssey 2,PC,,Strategy,Activision,0.01,0.01,0.0,0.0,0.02
5970,Warriors Racing Stars,PC,1997.0,Fighting,Activision,0.01,0.01,0.0,0.0,0.02
5971,Quest for Titans II,PS,2005.0,Platform,Sega,0.02,0.0,0.0,0.0,0.02
5972,Shadows Glory,PSP,2010.0,Adventure,Sony Computer Entertainment,0.01,0.01,0.0,0.0,0.02
5973,Dragons Destiny 3,PSV,2012.0,Adventure,Atari,0.01,0.0,0.0,0.01,0.02
5974,Call of Legends,3DS,2014.0,Shooter,Disney Interactive Studios,0.01,0.01,0.0,0.0,0.02
5975,Fury Rebellion Gold Edition,PS4,2018.0,Simulation,Capcom,0.02,0.0,0.0,0.0,0.02
5976,Glory Rebellion II,WiiU,,Simulation,Electronic Arts,0.01,0.0,0.01,0.0,0.02
5977,Tales of Valor II,N64,2003.0,Racing,CD Projekt,0.02,0.0,0.0,0.0,0.02
5978,Fall of Frontier III,GBA,2002.0,Strategy,Take-Two Interactive,0.02,0.0,0.0,0.0,0.02
5979,Empire of Racing Stars: Reborn,PS,1998.0,Racing,2K Games,0.01,0.01,0.0,0.0,0.02
5980,Saga of Heroes Gold Edition,X360,2011.0,Fighting,Konami Digital Entertainment,0.01,0.01,0.0,0.0,0.02
5981,Call of Arena Gold Edition,WiiU,2018.0,Strategy,Sega,0.0,0.01,0.01,0.0,0.02
5982,Honor Racing Stars II,3DS,2018.0,Platform,Disney Interactive Studios,0.01,0.01,0.0,0.0,0.02
5983,Storm Skies Gold Edition,X360,2014.0,Racing,2K Games,0.02,0.0,0.0,0.0,0.02
5984,Age of Frontier II,N64,1999.0,Puzzle,Atari,0.01,0.01,0.0,0.0,0.02
5985,Tales of Gridiron,GC,2008.0,Fighting,Sega,0.01,0.01,0.0,0.0,0.02
5986,Storm Fury 3,N64,1998.0,Adventure,Sega,0.01,0.01,0.0,0.0,0.02
5987,Honor Skies 3,PS,2000.0,Platform,Activision,0.01,0.0,0.0,0.01,0.02
5988,Depths Destiny,GB,2006.0,Adventure,CD Projekt,0.01,0.01,0.0,0.0,0.02
5989,Heroes Dragons 3,PS3,2017.0,Strategy,Atari,0.0,0.01,0.0,0.01,0.02
5990,Dragons Odyssey: Reborn,XOne,2014.0,Puzzle,Epic Games,0.01,0.01,0.0,0.0,0.02
5991,Odyssey Glory Gold Edition,N64,2005.0,Simulation,Atari,0.02,0.0,0.0,0.0,0.02
5992,Legend of Destiny II,X360,2015.0,Action,Activision,0.01,0.0,0.01,0.0,0.02
5993,Valor Heroes,PS,2000.0,Platform,Atari,0.0,0.01,0.0,0.01,0.02
5994,Legend of Gridiron: Origins,WiiU,2018.0,Role-Playing,Sega,0.01,0.0,0.01,0.0,0.02
5995,Odyssey Rebellion: Revolution,DS,2005.0,Platform,Namco Bandai Games,0.0,0.01,0.01,0.0,0.02
5996,Rise of Conquest 2,XB,2001.0,Racing,Take-Two Interactive,0.01,0.0,0.0,0.01,0.02
5997,Saga of Odyssey 2,DS,2004.0,Platform,2K Games,0.01,0.01,0.0,0.0,0.02
5998,Warriors Fury: Revolution,DS,2010.0,Sports,Microsoft Game Studios,0.01,0.01,0.0,0.0,0.02
5999,Call of Destiny: Next Gen,PS2,2006.0,Action,Warner Bros. Interactive,0.01,0.01,0.0,0.0,0.02
6000,Legend of Fury 2,GB,1997.0,Fighting,Sony Computer Entertainment,0.01,0.01,0.0,0.0,0.02
6001,Depths Duty 3,Switch,2020.0,Action,Warner Bros. Interactive,0.01,0.01,0.0,0.0,0.02
6002,Warriors Gridiron: Remastered,XB,2009.0,Strategy,Epic Games,0.01,0.01,0.0,0.0,0.02
6003,Legend of Warriors II,GB,1998.0,Strategy,Epic Games,0.02,0.0,0.0,0.0,0.02
6004,Chronicles of Depths Gold Edition,XOne,2019.0,Racing,Microsoft Game Studios,0.01,0.01,0.0,0.0,0.02
6005,Dragons Gridiron III,PS,2002.0,Racing,Ubisoft,0.02,0.0,0.0,0.0,0.02
6006,Saga of Duty 3,GB,2000.0,Simulation,Square Enix,0.02,0.0,0.0,0.0,0.02
6007,Call of Nations II,PS,2001.0,Racing,Sony Computer Entertainment,0.01,0.01,0.0,0.0,0.02
6008,Valor Heroes,DS,2011.0,Puzzle,Epic Games,0.0,0.01,0.0,0.01,0.02
6009,Fury Destiny III,Switch,2020.0,Simulation,Electronic Arts,0.0,0.01,0.01,0.0,0.02
6010,Destiny Warriors: Next Gen,PS,1999.0,Action,Warner Bros. Interactive,0.01,0.01,0.0,0.0,0.02
6011,Titans Honor: Origins,GB,1997.0,Role-Playing,Sony Computer Entertainment,0.01,0.0,0.01,0.0,0.02
6012,Conquest Storm III,PSV,2017.0,Misc,Sega,0.02,0.0,0.0,0.0,0.02
6013,Skies Fury: Reborn,PC,1996.0,Platform,Electronic Arts,0.0,0.01,0.01,0.0,0.02
6014,Skies Gridiron: Revolution,3DS,2011.0,Racing,Electronic Arts,0.01,0.01,0.0,0.0,0.02
6015,Fall of Fairways: Origins,XOne,2020.0,Shooter,Namco Bandai Games,0.01,0.01,0.0,0.0,0.02
6016,Battle for Skies III,GBA,2003.0,Misc,THQ,0.01,0.0,0.0,0.01,0.02
6017,Chronicles of Skies: Revolution,SNES,2004.0,Adventure,Sega,0.0,0.01,0.01,0.0,0.02
6018,Kingdom of Frontier III,WiiU,2015.0,Role-Playing,Sony Computer Entertainment,0.01,0.0,0.01,0.0,0.02
6019,Legend of Honor: Revolution,XOne,2013.0,Adventure,Bethesda Softworks,0.01,0.01,0.0,0.0,0.02
6020,Conquest Titans II,WiiU,2016.0,Strategy,Sony Computer Entertainment,0.02,0.0,0.0,0.0,0.02
6021,Fairways Honor: Origins,PS2,2001.0,Simulation,Activision,0.02,0.0,0.0,0.0,0.02
6022,Tales of Dragons II,3DS,2015.0,Fighting,Namco Bandai Games,0.01,0.0,0.0,0.01,0.02
6023,Warriors Rebellion 3,SNES,1999.0,Action,Bethesda Softworks,0.01,0.01,0.0,0.0,0.02
6024,Glory Fury: Reborn,XB,2005.0,Fighting,Square Enix,0.01,0.01,0.0,0.0,0.02
6025,Legend of Empires,X360,2005.0,Adventure,CD Projekt,0.01,0.01,0.0,0.0,0.02
6026,Realm of Titans,WiiU,2019.0,Shooter,Activision,0.02,0.0,0.0,0.0,0.02
6027,Warriors Valor: Revolution,XOne,2015.0,Sports,Atari,0.01,0.0,0.0,0.01,0.02
6028,Battle for Odyssey: Revolution,3DS,2017.0,Simulation,Microsoft Game Studios,0.01,0.01,0.0,0.0,0.02
6029,Frontier Skies II,PS3,2014.0,Fighting,Capcom,0.01,0.01,0.0,0.0,0.02
6030,Battle for Glory: Revolution,GC,2008.0,Fighting,Take-Two Interactive,0.01,0.01,0.0,0.0,0.02
6031,Destiny Shadows III,PC,2000.0,Misc,Namco Bandai Games,0.01,0.01,0.0,0.0,0.02
6032,Empire of Glory: Origins,PSV,2017.0,Simulation,Warner Bros. Interactive,0.02,0.0,0.0,0.0,0.02
6033,Empire of Destiny 2,Switch,2017.0,Puzzle,Sega,0.01,0.01,0.0,0.0,0.02
6034,Tales of Nations,GBA,2001.0,Racing,Electronic Arts,0.02,0.0,0.0,0.0,0.02
6035,Empire of Fury: Reborn,GB,2005.0,Fighting,,0.02,0.0,0.0,0.0,0.02
6036,Chronicles of Valor: Remastered,PSV,2013.0,Action,Capcom,0.01,0.01,0.0,0.0,0.02
6037,Champions Storm,GB,1996.0,Platform,Atari,0.0,0.01,0.0,0.01,0.02
6038,Nations Fury,GBA,2007.0,Fighting,Atari,0.02,0.0,0.0,0.0,0.02
6039,Tales of Racing Stars,N64,2005.0,Adventure,Warner Bros. Interactive,0.01,0.01,0.0,0.0,0.02
6040,Storm Warriors: Next Gen,PC,2001.0,Strategy,Capcom,0.01,0.01,0.0,0.0,0.02
6041,Shadows Fairways,GC,2003.0,Role-Playing,Sony Computer Entertainment,0.0,0.01,0.01,0.0,0.02
6042,Champions Rebellion,PS3,2013.0,Action,Konami Digital Entertainment,0.0,0.01,0.0,0.01,0.02
6043,Rebellion Depths: Remastered,XOne,2018.0,Misc,Capcom,0.01,0.01,0.0,0.0,0.02
6044,Shadow of Shadows 2,PC,1999.0,Shooter,Ubisoft,0.01,0.01,0.0,0.0,0.02
6045,Battle for Dragons: Origins,3DS,2018.0,Adventure,Bethesda Softworks,0.01,0.0,0.0,0.01,0.02
6046,Chronicles of Skies,GB,2004.0,Simulation,Electronic Arts,0.01,0.01,0.0,0.0,0.02
6047,Chronicles of Duty 2,PS,,Racing,Bethesda Softworks,0.01,0.01,0.0,0.0,0.02
6048,Battle for Storm,N64,2007.0,Action,Bethesda Softworks,0.01,0.01,0.0,0.0,0.02
6049,Kingdom of Heroes Gold Edition,WiiU,2018.0,Sports,Take-Two Interactive,0.02,0.0,0.0,0.0,0.02
6050,Empires Champions,GC,2013.0,Adventure,,0.01,0.01,0.0,0.0,0.02
6051,Skies Titans II,DS,2007.0,Fighting,,0.01,0.0,0.01,0.0,0.02
6052,Racing Stars Nations 2,PSV,2011.0,Sports,Warner Bros. Interactive,0.01,0.01,0.0,0.0,0.02
6053,Rise of Honor: Next Gen,XOne,2014.0,Simulation,Disney Interactive Studios,0.01,0.01,0.0,0.0,0.02
6054,Fall of Conquest,SNES,1999.0,Strategy,Ubisoft,0.02,0.0,0.0,0.0,0.02
6055,Champions Rebellion II,XOne,2019.0,Adventure,CD Projekt,0.0,0.01,0.01,0.0,0.02
6056,Call of Destiny,PSV,2019.0,Puzzle,THQ,0.01,0.01,0.0,0.0,0.02
6057,Age of Frontier: Origins,WiiU,2017.0,Sports,Electronic Arts,0.0,0.01,0.0,0.01,0.02
6058,Call of Warriors: Next Gen,X360,2008.0,Puzzle,THQ,0.02,0.0,0.0,0.0,0.02
6059,Age of Titans,GBA,2002.0,Adventure,Epic Games,0.02,0.0,0.0,0.0,0.02
6060,Odyssey Warriors II,PC,2001.0,Action,Activision,0.01,0.01,0.0,0.0,0.02
6061,Quest for Titans,XB,2005.0,Misc,Sega,0.01,0.0,0.0,0.0,0.01
6062,Tales of Frontier: Reborn,XOne,2020.0,Fighting,Ubisoft,0.01,0.0,0.0,0.0,0.01
6063,Call of Depths: Origins,DS,2011.0,Puzzle,Atari,0.01,0.0,0.0,0.0,0.01
6064,Fall of Depths III,WiiU,2016.0,Fighting,Nintendo,0.01,0.0,0.0,0.0,0.01
6065,Arena Destiny III,DS,2005.0,Adventure,THQ,0.01,0.0,0.0,0.0,0.01
6066,Chronicles of Valor 3,Wii,2013.0,Strategy,CD Projekt,0.01,0.0,0.0,0.0,0.01
6067,Valor Champions,XOne,2013.0,Adventure,Nintendo,0.01,0.0,0.0,0.0,0.01
6068,Shadows Frontier III,GB,2005.0,Racing,Atari,0.01,0.0,0.0,0.0,0.01
6069,Fairways Nations II,Switch,2018.0,Adventure,Namco Bandai Games,0.01,0.0,0.0,0.0,0.01
6070,Battle for Dragons: Remastered,N64,1998.0,Misc,Disney Interactive Studios,0.01,0.0,0.0,0.0,0.01
6071,Saga of Nations,N64,2006.0,Adventure,CD Projekt,0.01,0.0,0.0,0.0,0.01
6072,Age of Titans,GC,2013.0,Simulation,Namco Bandai Games,0.01,0.0,0.0,0.0,0.01
6073,Destiny Warriors 2,PSV,2016.0,Platform,Sega,0.01,0.0,0.0,0.0,0.01
6074,Valor Gridiron: Revolution,GC,2007.0,Platform,Ubisoft,0.01,0.0,0.0,0.0,0.01
6075,Titans Fury,WiiU,2018.0,Puzzle,2K Games,0.01,0.0,0.0,0.0,0.01
6076,Destiny Heroes Gold Edition,WiiU,2012.0,Platform,Warner Bros. Interactive,0.01,0.0,0.0,0.0,0.01
6077,Storm Titans: Next Gen,N64,1999.0,Fighting,2K Games,0.01,0.0,0.0,0.0,0.01
6078,Quest for Fury: Remastered,GC,2003.0,Adventure,2K Games,0.01,0.0,0.0,0.0,0.01
6079,Nations Dragons,PS,2005.0,Simulation,Bethesda Softworks,0.01,0.0,0.0,0.0,0.01
6080,Chronicles of Valor II,XOne,2014.0,Simulation,Nintendo,0.01,0.0,0.0,0.0,0.01
6081,Age of Depths 2,XB,2003.0,Adventure,Disney Interactive Studios,0.01,0.0,0.0,0.0,0.01
6082,Battle for Valor III,XB,2008.0,Puzzle,Microsoft Game Studios,0.01,0.0,0.0,0.0,0.01
6083,Skies Rebellion II,PS,2000.0,Puzzle,Nintendo,0.01,0.0,0.0,0.0,0.01
6084,World of Duty,WiiU,2020.0,Adventure,CD Projekt,0.01,0.0,0.0,0.0,0.01
6085,Realm of Warriors: Revolution,WiiU,2013.0,Fighting,Namco Bandai Games,0.01,0.0,0.0,0.0,0.01
6086,Fall of Racing Stars III,N64,1997.0,Fighting,Activision,0.01,0.0,0.0,0.0,0.01
6087,Empires Valor III,SNES,1995.0,Misc,Square Enix,0.01,0.0,0.0,0.0,0.01
6088,Storm Shadows: Origins,SNES,2002.0,Strategy,Sega,0.01,0.0,0.0,0.0,0.01
6089,Call of Conquest III,PSV,2013.0,Strategy,THQ,0.0,0.01,0.0,0.0,0.01
6090,Destiny Conquest,SNES,2001.0,Strategy,Ubisoft,0.01,0.0,0.0,0.0,0.01
6091,Destiny Duty 2,PS4,2016.0,Puzzle,Nintendo,0.01,0.0,0.0,0.0,0.01
6092,Fairways Honor II,N64,2004.0,Misc,Electronic Arts,0.01,0.0,0.0,0.0,0.01
6093,World of Nations Gold Edition,PSP,2013.0,Strategy,Ubisoft,0.01,0.0,0.0,0.0,0.01
6094,Rise of Rebellion,N64,1996.0,Adventure,Electronic Arts,0.01,0.0,0.0,0.0,0.01
6095,Saga of Frontier Gold Edition,GBA,2001.0,Puzzle,Microsoft Game Studios,0.01,0.0,0.0,0.0,0.01
6096,Frontier Warriors 3,PSV,2013.0,Simulation,THQ,0.01,0.0,0.0,0.0,0.01
6097,Dragons Valor Gold Edition,N64,1997.0,Role-Playing,Epic Games,0.01,0.0,0.0,0.0,0.01
6098,Kingdom of Depths 2,PS,1997.0,Fighting,Sega,0.01,0.0,0.0,0.0,0.01
6099,Valor Glory III,N64,2007.0,Adventure,Sony Computer Entertainment,0.01,0.0,0.0,0.0,0.01
6100,World of Rebellion: Origins,PSV,2015.0,Racing,CD Projekt,0.01,0.0,0.0,0.0,0.01
6101,Quest for Empires Gold Edition,WiiU,2014.0,Action,Konami Digital Entertainment,0.01,0.0,0.0,0.0,0.01
6102,Realm of Honor Gold Edition,XOne,2017.0,Sports,Microsoft Game Studios,0.01,0.0,0.0,0.0,0.01
6103,Call of Odyssey,PSV,2013.0,Adventure,Microsoft Game Studios,0.01,0.0,0.0,0.0,0.01
6104,Nations Warriors,PS,2007.0,Action,Activision,0.01,0.0,0.0,0.0,0.01
6105,Nations Honor 3,GC,2011.0,Fighting,2K Games,0.01,0.0,0.0,0.0,0.01
6106,Chronicles of Storm: Revolution,GC,2006.0,Misc,Capcom,0.01,0.0,0.0,0.0,0.01
6107,Glory Heroes 3,SNES,1995.0,Fighting,Activision,0.01,0.0,0.0,0.0,0.01
6108,Destiny Heroes III,WiiU,2020.0,Adventure,Bethesda Softworks,0.01,0.0,0.0,0.0,0.01
6109,Arena Skies: Origins,Switch,2018.0,Fighting,Bethesda Softworks,0.01,0.0,0.0,0.0,0.01
6110,Titans Champions 3,PSV,2015.0,Puzzle,Warner Bros. Interactive,0.01,0.0,0.0,0.0,0.01
6111,Realm of Skies III,PS,2009.0,Platform,Sega,0.01,0.0,0.0,0.0,0.01
6112,Empires Nations: Revolution,GBA,2007.0,Simulation,Bethesda Softworks,0.01,0.0,0.0,0.0,0.01
6113,Fall of Fairways: Remastered,GC,,Adventure,Square Enix,0.0,0.01,0.0,0.0,0.01
6114,Tales of Skies,3DS,2019.0,Misc,Capcom,0.01,0.0,0.0,0.0,0.01
6115,Glory Depths,PS3,2012.0,Fighting,Take-Two Interactive,0.01,0.0,0.0,0.0,0.01
6116,Age of Honor: Next Gen,PSP,2014.0,Fighting,Atari,0.01,0.0,0.0,0.0,0.01
6117,Heroes Frontier: Reborn,SNES,2002.0,Strategy,2K Games,0.01,0.0,0.0,0.0,0.01
6118,Rise of Gridiron: Remastered,GB,2002.0,Racing,Microsoft Game Studios,0.01,0.0,0.0,0.0,0.01
6119,Shadows Shadows II,PSP,2004.0,Puzzle,Disney Interactive Studios,0.01,0.0,0.0,0.0,0.01
6120,Rise of Frontier Gold Edition,N64,2000.0,Fighting,Capcom,0.01,0.0,0.0,0.0,0.01
6121,Heroes Depths: Revolution,GB,2004.0,Role-Playing,Warner Bros. Interactive,0.01,0.0,0.0,0.0,0.01
6122,Fall of Glory III,PS4,2014.0,Misc,Take-Two Interactive,0.01,0.0,0.0,0.0,0.01
6123,Tales of Skies Gold Edition,XOne,2018.0,Puzzle,THQ,0.01,0.0,0.0,0.0,0.01
6124,Empire of Destiny,XB,2005.0,Platform,Disney Interactive Studios,0.01,0.0,0.0,0.0,0.01
6125,Honor Glory 3,3DS,2014.0,Role-Playing,Ubisoft,0.01,0.0,0.0,0.0,0.01
6126,Empires Skies III,WiiU,2015.0,Platform,Nintendo,0.01,0.0,0.0,0.0,0.01
6127,Duty Glory: Remastered,3DS,2016.0,Puzzle,Atari,0.01,0.0,0.0,0.0,0.01
6128,Rise of Skies: Remastered,WiiU,2015.0,Strategy,Microsoft Game Studios,0.01,0.0,0.0,0.0,0.01
6129,Shadow of Titans 3,XOne,2013.0,Puzzle,Electronic Arts,0.01,0.0,0.0,0.0,0.01
6130,Age of Racing Stars: Revolution,PSP,2010.0,Action,Konami Digital Entertainment,0.01,0.0,0.0,0.0,0.01
6131,Empire of Shadows Gold Edition,N64,1998.0,Puzzle,Epic Games,0.01,0.0,0.0,0.0,0.01
6132,Chronicles of Skies: Reborn,PS4,2017.0,Adventure,Microsoft Game Studios,0.01,0.0,0.0,0.0,0.01
6133,Depths Legends: Revolution,XB,2005.0,Fighting,Konami Digital Entertainment,0.01,0.0,0.0,0.0,0.01
6134,Conquest Titans 3,N64,,Simulation,Warner Bros. Interactive,0.01,0.0,0.0,0.0,0.01
6135,Arena Skies,GB,1998.0,Action,Activision,0.01,0.0,0.0,0.0,0.01
6136,Realm of Odyssey: Remastered,PS,2000.0,Sports,Atari,0.01,0.0,0.0,0.0,0.01
6137,Rise of Valor,N64,1997.0,Racing,THQ,0.01,0.0,0.0,0.0,0.01
6138,Quest for Racing Stars II,PS3,2014.0,Racing,Namco Bandai Games,0.01,0.0,0.0,0.0,0.01
6139,Nations Gridiron 2,PSP,2008.0,Sports,Disney Interactive Studios,0.01,0.0,0.0,0.0,0.01
6140,Racing Stars Warriors Gold Edition,Switch,2020.0,Misc,Atari,0.01,0.0,0.0,0.0,0.01
6141,Chronicles of Storm: Origins,XB,2010.0,Strategy,Ubisoft,0.01,0.0,0.0,0.0,0.01
6142,Shadow of Empires,GB,1997.0,Racing,Epic Games,0.01,0.0,0.0,0.0,0.01
6143,Skies Destiny III,SNES,1995.0,Strategy,Nintendo,0.01,0.0,0.0,0.0,0.01
6144,Kingdom of Honor,GC,2007.0,Shooter,Epic Games,0.01,0.0,0.0,0.0,0.01
6145,Battle for Depths: Revolution,PSP,2005.0,Simulation,THQ,0.01,0.0,0.0,0.0,0.01
6146,Shadows Shadows III,SNES,2006.0,Puzzle,Nintendo,0.01,0.0,0.0,0.0,0.01
6147,Depths Fairways,Wii,2014.0,Puzzle,Sony Computer Entertainment,0.01,0.0,0.0,0.0,0.01
6148,Fall of Odyssey: Origins,WiiU,2014.0,Role-Playing,Bethesda Softworks,0.0,0.0,0.01,0.0,0.01
6149,Shadow of Odyssey: Next Gen,3DS,2020.0,Puzzle,Ubisoft,0.01,0.0,0.0,0.0,0.01
6150,Fall of Titans,PS,2003.0,Puzzle,Nintendo,0.01,0.0,0.0,0.0,0.01
6151,Realm of Warriors: Remastered,SNES,1996.0,Fighting,Disney Interactive Studios,0.01,0.0,0.0,0.0,0.01
6152,Empires Heroes: Revolution,XOne,2020.0,Puzzle,Electronic Arts,0.01,0.0,0.0,0.0,0.01
6153,Tales of Frontier,PSP,2013.0,Sports,Sony Computer Entertainment,0.01,0.0,0.0,0.0,0.01
6154,Quest for Duty: Reborn,WiiU,2014.0,Simulation,Electronic Arts,0.01,0.0,0.0,0.0,0.01
6155,Glory Racing Stars III,SNES,2000.0,Simulation,Atari,0.01,0.0,0.0,0.0,0.01
6156,Fall of Destiny: Next Gen,PSV,2016.0,Fighting,Sega,0.01,0.0,0.0,0.0,0.01
6157,Fairways Dragons,PSV,2012.0,Shooter,Namco Bandai Games,0.01,0.0,0.0,0.0,0.01
6158,Heroes Warriors: Next Gen,PS,2003.0,Adventure,Bethesda Softworks,0.01,0.0,0.0,0.0,0.01
6159,Quest for Nations II,PSV,2014.0,Fighting,Konami Digital Entertainment,0.01,0.0,0.0,0.0,0.01
6160,Depths Duty III,PS,2008.0,Puzzle,Take-Two Interactive,0.01,0.0,0.0,0.0,0.01
6161,Destiny Racing Stars: Origins,XOne,2019.0,Sports,2K Games,0.01,0.0,0.0,0.0,0.01
6162,Racing Stars Empires III,XB,2006.0,Platform,Ubisoft,0.01,0.0,0.0,0.0,0.01
6163,Fairways Skies: Remastered,WiiU,,Strategy,Capcom,0.01,0.0,0.0,0.0,0.01
6164,Skies Titans: Revolution,SNES,2006.0,Strategy,Sony Computer Entertainment,0.01,0.0,0.0,0.0,0.01
6165,Shadow of Duty: Reborn,GBA,2002.0,Adventure,Bethesda Softworks,0.01,0.0,0.0,0.0,0.01
6166,Saga of Glory: Remastered,PSP,2011.0,Adventure,Take-Two Interactive,0.01,0.0,0.0,0.0,0.01
6167,Fairways Valor II,XOne,2017.0,Shooter,THQ,0.01,0.0,0.0,0.0,0.01
6168,Kingdom of Storm III,SNES,2006.0,Adventure,Bethesda Softworks,0.01,0.0,0.0,0.0,0.01
6169,Honor Odyssey,SNES,1999.0,Platform,CD Projekt,0.01,0.0,0.0,0.0,0.01
6170,Kingdom of Arena Gold Edition,N64,1996.0,Adventure,Sony Computer Entertainment,0.01,0.0,0.0,0.0,0.01
6171,Shadows Nations,WiiU,2016.0,Adventure,Epic Games,0.01,0.0,0.0,0.0,0.01
6172,Warriors Shadows 3,XB,2008.0,Puzzle,Warner Bros. Interactive,0.01,0.0,0.0,0.0,0.01
6173,Rise of Odyssey: Revolution,XB,2004.0,Role-Playing,Atari,0.01,0.0,0.0,0.0,0.01
6174,Realm of Empires II,GC,2007.0,Adventure,Atari,0.01,0.0,0.0,0.0,0.01
6175,Dragons Heroes 3,X360,2013.0,Adventure,CD Projekt,0.01,0.0,0.0,0.0,0.01
6176,Gridiron Gridiron,PSP,2014.0,Fighting,Activision,0.01,0.0,0.0,0.0,0.01
6177,Destiny Destiny: Origins,Switch,2017.0,Misc,Nintendo,0.01,0.0,0.0,0.0,0.01
6178,Call of Honor II,GC,2008.0,Strategy,2K Games,0.01,0.0,0.0,0.0,0.01
6179,Empire of Destiny: Revolution,GB,2003.0,Role-Playing,2K Games,0.01,0.0,0.0,0.0,0.01
6180,Champions Heroes: Origins,3DS,2013.0,Fighting,Activision,0.01,0.0,0.0,0.0,0.01
6181,Shadows Shadows II,PC,1999.0,Simulation,Capcom,0.01,0.0,0.0,0.0,0.01
6182,Realm of Duty,XB,2008.0,Adventure,Activision,0.01,0.0,0.0,0.0,0.01
6183,Dragons Fairways 3,GC,2002.0,Adventure,Square Enix,0.0,0.01,0.0,0.0,0.01
6184,Arena Fairways 3,GBA,2004.0,Puzzle,THQ,0.01,0.0,0.0,0.0,0.01
6185,Call of Shadows: Next Gen,WiiU,2013.0,Misc,Epic Games,0.01,0.0,0.0,0.0,0.01
6186,Storm Warriors,PS,1998.0,Adventure,Square Enix,0.01,0.0,0.0,0.0,0.01
6187,Fury Shadows III,PC,1997.0,Platform,Sega,0.01,0.0,0.0,0.0,0.01
6188,Valor Skies,GC,2012.0,Fighting,,0.01,0.0,0.0,0.0,0.01
6189,Warriors Heroes 3,GB,1997.0,Puzzle,Konami Digital Entertainment,0.01,0.0,0.0,0.0,0.01
6190,Saga of Fury 2,XB,2010.0,Platform,Epic Games,0.01,0.0,0.0,0.0,0.01
6191,Tales of Racing Stars: Reborn,PSV,2014.0,Adventure,Atari,0.0,0.01,0.0,0.0,0.01
6192,Tales of Shadows: Reborn,GB,1998.0,Strategy,Warner Bros. Interactive,0.01,0.0,0.0,0.0,0.01
6193,Storm Conquest II,GB,2006.0,Strategy,THQ,0.01,0.0,0.0,0.0,0.01
6194,Destiny Fairways 2,GB,1999.0,Simulation,Atari,0.01,0.0,0.0,0.0,0.01
6195,Rise of Warriors,WiiU,2017.0,Racing,Warner Bros. Interactive,0.01,0.0,0.0,0.0,0.01
6196,Nations Titans: Revolution,PSV,2014.0,Platform,Sega,0.01,0.0,0.0,0.0,0.01
6197,Chronicles of Arena II,N64,2002.0,Action,Nintendo,0.01,0.0,0.0,0.0,0.01
6198,Storm Legends Gold Edition,PC,2001.0,Strategy,Electronic Arts,0.01,0.0,0.0,0.0,0.01
6199,Legends Warriors,PC,1999.0,Role-Playing,Square Enix,0.01,0.0,0.0,0.0,0.01
6200,Duty Glory 3,N64,2005.0,Platform,Activision,0.0,0.01,0.0,0.0,0.01
6201,Rebellion Nations: Remastered,WiiU,2019.0,Misc,Namco Bandai Games,0.01,0.0,0.0,0.0,0.01
6202,Dragons Dragons: Revolution,PC,1997.0,Platform,Activision,0.01,0.0,0.0,0.0,0.01
6203,Tales of Shadows 2,X360,2008.0,Role-Playing,Nintendo,0.0,0.0,0.01,0.0,0.01
6204,World of Skies Gold Edition,N64,1999.0,Strategy,Namco Bandai Games,0.01,0.0,0.0,0.0,0.01
6205,Nations Depths,PSV,2020.0,Puzzle,Ubisoft,0.01,0.0,0.0,0.0,0.01
6206,Rise of Warriors Gold Edition,N64,2000.0,Fighting,Activision,0.01,0.0,0.0,0.0,0.01
6207,Depths Titans 3,DS,2008.0,Strategy,Sega,0.01,0.0,0.0,0.0,0.01
6208,Fury Titans: Reborn,PSP,2011.0,Adventure,THQ,0.01,0.0,0.0,0.0,0.01
6209,Racing Stars Racing Stars,WiiU,2017.0,Racing,Sony Computer Entertainment,0.01,0.0,0.0,0.0,0.01
6210,Call of Skies 3,PS,2000.0,Simulation,Sega,0.01,0.0,0.0,0.0,0.01
6211,Legend of Depths Gold Edition,3DS,2012.0,Racing,Atari,0.01,0.0,0.0,0.0,0.01
6212,Chronicles of Empires,Switch,2019.0,Fighting,THQ,0.01,0.0,0.0,0.0,0.01
6213,World of Odyssey: Remastered,Wii,2007.0,Adventure,Sega,0.01,0.0,0.0,0.0,0.01
6214,Saga of Legends 2,XB,2009.0,Platform,Capcom,0.01,0.0,0.0,0.0,0.01
6215,Saga of Fairways,SNES,2004.0,Puzzle,Ubisoft,0.01,0.0,0.0,0.0,0.01
6216,Call of Skies: Revolution,PSP,2014.0,Shooter,Epic Games,0.01,0.0,0.0,0.0,0.01
6217,Empires Skies: Reborn,PS,2000.0,Fighting,Bethesda Softworks,0.01,0.0,0.0,0.0,0.01
6218,Call of Arena: Next Gen,PS,2004.0,Puzzle,THQ,0.01,0.0,0.0,0.0,0.01
6219,Gridiron Glory II,Switch,2018.0,Fighting,Epic Games,0.01,0.0,0.0,0.0,0.01
6220,World of Legends: Remastered,PSV,2020.0,Role-Playing,CD Projekt,0.01,0.0,0.0,0.0,0.01
6221,Empires Glory,PSV,2017.0,Puzzle,Bethesda Softworks,0.01,0.0,0.0,0.0,0.01
6222,Rise of Fairways: Origins,PS3,2011.0,Puzzle,Electronic Arts,0.01,0.0,0.0,0.0,0.01
6223,Chronicles of Duty,PS,2000.0,Puzzle,Sony Computer Entertainment,0.01,0.0,0.0,0.0,0.01
6224,Age of Valor,WiiU,2018.0,Role-Playing,Namco Bandai Games,0.01,0.0,0.0,0.0,0.01
6225,Empires Depths: Origins,XB,2004.0,Role-Playing,Namco Bandai Games,0.01,0.0,0.0,0.0,0.01
6226,Battle for Nations 3,PS4,2019.0,Strategy,Take-Two Interactive,0.01,0.0,0.0,0.0,0.01
6227,Fall of Fairways 3,N64,1998.0,Action,Nintendo,0.01,0.0,0.0,0.0,0.01
6228,Rise of Frontier: Next Gen,GC,2004.0,Strategy,Microsoft Game Studios,0.01,0.0,0.0,0.0,0.01
6229,Warriors Titans,PSV,2019.0,Platform,Capcom,0.01,0.0,0.0,0.0,0.01
6230,Fall of Odyssey,PS,1999.0,Strategy,Capcom,0.01,0.0,0.0,0.0,0.01
6231,Dragons Racing Stars 3,PS,2005.0,Misc,Activision,0.01,0.0,0.0,0.0,0.01
6232,Age of Destiny: Next Gen,PS4,2018.0,Simulation,Epic Games,0.01,0.0,0.0,0.0,0.01
6233,World of Storm: Next Gen,N64,1997.0,Sports,Electronic Arts,0.01,0.0,0.0,0.0,0.01
6234,Conquest Glory III,GC,2005.0,Misc,Epic Games,0.01,0.0,0.0,0.0,0.01
6235,Call of Skies 2,PSV,2020.0,Platform,Electronic Arts,0.01,0.0,0.0,0.0,0.01
6236,Shadow of Glory: Remastered,N64,2002.0,Shooter,Sony Computer Entertainment,0.01,0.0,0.0,0.0,0.01
6237,Racing Stars Rebellion Gold Edition,PSV,2016.0,Misc,Sony Computer Entertainment,0.01,0.0,0.0,0.0,0.01
6238,World of Duty: Revolution,PS,2006.0,Adventure,Bethesda Softworks,0.01,0.0,0.0,0.0,0.01
6239,Fury Rebellion: Revolution,WiiU,2020.0,Racing,Warner Bros. Interactive,0.01,0.0,0.0,0.0,0.01
6240,Realm of Empires 2,SNES,1999.0,Strategy,Microsoft Game Studios,0.0,0.01,0.0,0.0,0.01
6241,Fall of Valor: Next Gen,GC,2011.0,Misc,Namco Bandai Games,0.01,0.0,0.0,0.0,0.01
6242,Realm of Conquest Gold Edition,GC,2012.0,Simulation,Bethesda Softworks,0.01,0.0,0.0,0.0,0.01
6243,Duty Glory,X360,2005.0,Adventure,Square Enix,0.0,0.01,0.0,0.0,0.01
6244,Call of Storm 3,PS,,Puzzle,Sega,0.01,0.0,0.0,0.0,0.01
6245,Empire of Frontier III,PSP,2013.0,Strategy,Disney Interactive Studios,0.01,0.0,0.0,0.0,0.01
6246,Call of Frontier,PSP,2014.0,Puzzle,Konami Digital Entertainment,0.01,0.0,0.0,0.0,0.01
6247,Odyssey Heroes: Origins,GC,2001.0,Role-Playing,Square Enix,0.01,0.0,0.0,0.0,0.01
6248,Heroes Warriors: Next Gen,GC,2005.0,Strategy,Sega,0.01,0.0,0.0,0.0,0.01
6249,Tales of Heroes: Origins,XB,2007.0,Fighting,Warner Bros. Interactive,0.01,0.0,0.0,0.0,0.01
6250,Gridiron Frontier III,GB,2005.0,Role-Playing,Ubisoft,0.01,0.0,0.0,0.0,0.01
6251,Chronicles of Fury 3,PS3,2013.0,Adventure,Square Enix,0.01,0.0,0.0,0.0,0.01
6252,Saga of Honor,N64,2006.0,Adventure,CD Projekt,0.01,0.0,0.0,0.0,0.01
6253,Honor Nations: Reborn,PSV,2013.0,Strategy,Ubisoft,0.01,0.0,0.0,0.0,0.01
6254,Empire of Destiny III,XB,2005.0,Adventure,CD Projekt,0.01,0.0,0.0,0.0,0.01
6255,Fall of Odyssey Gold Edition,PS,1998.0,Strategy,Warner Bros. Interactive,0.01,0.0,0.0,0.0,0.01
6256,Age of Fury: Origins,XOne,2013.0,Role-Playing,Bethesda Softworks,0.01,0.0,0.0,0.0,0.01
6257,Titans Fury,XB,2008.0,Fighting,Konami Digital Entertainment,0.01,0.0,0.0,0.0,0.01
6258,Arena Frontier Gold Edition,PS2,2007.0,Simulation,Electronic Arts,0.01,0.0,0.0,0.0,0.01
6259,Empire of Fairways II,GB,,Strategy,Sony Computer Entertainment,0.01,0.0,0.0,0.0,0.01
6260,Legend of Glory: Reborn,XOne,2017.0,Racing,2K Games,0.0,0.01,0.0,0.0,0.01
6261,Fury Dragons Gold Edition,PS,2006.0,Misc,Warner Bros. Interactive,0.01,0.0,0.0,0.0,0.01
6262,Fall of Valor: Remastered,GC,2011.0,Strategy,Atari,0.01,0.0,0.0,0.0,0.01
6263,Empire of Warriors,XB,2006.0,Misc,Epic Games,0.0,0.01,0.0,0.0,0.01
6264,Rise of Nations III,WiiU,2020.0,Adventure,Disney Interactive Studios,0.01,0.0,0.0,0.0,0.01
6265,Empire of Legends: Origins,WiiU,2016.0,Fighting,Namco Bandai Games,0.01,0.0,0.0,0.0,0.01
6266,Nations Empires,XB,2007.0,Role-Playing,Square Enix,0.01,0.0,0.0,0.0,0.01
6267,Shadow of Frontier: Origins,PC,2003.0,Role-Playing,Atari,0.0,0.0,0.01,0.0,0.01
6268,Legend of Glory,XOne,2020.0,Platform,Warner Bros. Interactive,0.01,0.0,0.0,0.0,0.01
6269,Gridiron Nations: Remastered,XB,2008.0,Simulation,Activision,0.01,0.0,0.0,0.0,0.01
6270,Legend of Glory: Next Gen,GB,2001.0,Role-Playing,Disney Interactive Studios,0.0,0.0,0.01,0.0,0.01
6271,Call of Frontier: Remastered,PSV,2020.0,Sports,Sony Computer Entertainment,0.01,0.0,0.0,0.0,0.01
6272,Dragons Odyssey: Reborn,GC,2007.0,Fighting,Capcom,0.01,0.0,0.0,0.0,0.01
6273,Rise of Duty,PSV,2014.0,Fighting,Epic Games,0.01,0.0,0.0,0.0,0.01
6274,Quest for Dragons 3,PS,2009.0,Puzzle,Disney Interactive Studios,0.01,0.0,0.0,0.0,0.01
6275,Rise of Frontier 2,XB,2002.0,Racing,Warner Bros. Interactive,0.01,0.0,0.0,0.0,0.01
6276,Legends Skies: Next Gen,WiiU,2016.0,Puzzle,2K Games,0.01,0.0,0.0,0.0,0.01
6277,Realm of Conquest,GC,2012.0,Racing,Ubisoft,0.01,0.0,0.0,0.0,0.01
6278,Realm of Skies,WiiU,2012.0,Role-Playing,Square Enix,0.01,0.0,0.0,0.0,0.01
6279,Honor Fairways: Reborn,PSV,2016.0,Action,Konami Digital Entertainment,0.01,0.0,0.0,0.0,0.01
6280,World of Glory,GB,2006.0,Role-Playing,Namco Bandai Games,0.01,0.0,0.0,0.0,0.01
6281,Battle for Conquest: Revolution,SNES,2002.0,Role-Playing,Square Enix,0.01,0.0,0.0,0.0,0.01
6282,World of Valor: Revolution,GBA,2003.0,Misc,Sony Computer Entertainment,0.01,0.0,0.0,0.0,0.01
6283,Fairways Frontier II,Switch,2019.0,Puzzle,Namco Bandai Games,0.01,0.0,0.0,0.0,0.01
6284,Empire of Gridiron: Remastered,N64,1996.0,Sports,Epic Games,0.01,0.0,0.0,0.0,0.01
6285,Fall of Racing Stars,SNES,1994.0,Action,Namco Bandai Games,0.01,0.0,0.0,0.0,0.01
6286,Heroes Destiny,GC,2006.0,Puzzle,Bethesda Softworks,0.01,0.0,0.0,0.0,0.01
6287,Shadow of Depths III,XB,2004.0,Fighting,Warner Bros. Interactive,0.01,0.0,0.0,0.0,0.01
6288,Legend of Odyssey,Wii,2006.0,Puzzle,Atari,0.01,0.0,0.0,0.0,0.01
6289,Quest for Titans 2,PS4,2015.0,Platform,THQ,0.01,0.0,0.0,0.0,0.01
6290,Legend of Fairways,N64,1996.0,Misc,Sony Computer Entertainment,0.01,0.0,0.0,0.0,0.01
6291,Honor Racing Stars,Switch,2019.0,Adventure,Atari,0.01,0.0,0.0,0.0,0.01
6292,Conquest Legends,XB,2002.0,Racing,Microsoft Game Studios,0.01,0.0,0.0,0.0,0.01
6293,Fall of Fairways: Remastered,GB,2000.0,Simulation,Capcom,0.01,0.0,0.0,0.0,0.01
6294,Shadow of Champions 3,XOne,2015.0,Role-Playing,Microsoft Game Studios,0.0,0.0,0.01,0.0,0.01
6295,Tales of Gridiron,PS,2006.0,Sports,CD Projekt,0.01,0.0,0.0,0.0,0.01
6296,Racing Stars Gridiron: Revolution,N64,2007.0,Action,Microsoft Game Studios,0.01,0.0,0.0,0.0,0.01
6297,Depths Conquest: Revolution,PS,2009.0,Strategy,Ubisoft,0.01,0.0,0.0,0.0,0.01
6298,Titans Glory: Next Gen,N64,1999.0,Fighting,Sony Computer Entertainment,0.01,0.0,0.0,0.0,0.01
6299,Fall of Titans: Revolution,Switch,2017.0,Puzzle,Warner Bros. Interactive,0.01,0.0,0.0,0.0,0.01
6300,Saga of Conquest II,XOne,2016.0,Adventure,Microsoft Game Studios,0.01,0.0,0.0,0.0,0.01
6301,Age of Heroes 2,3DS,2011.0,Racing,Sega,0.0,0.01,0.0,0.0,0.01
6302,Champions Heroes,SNES,2003.0,Strategy,Warner Bros. Interactive,0.01,0.0,0.0,0.0,0.01
6303,World of Heroes: Origins,GBA,2007.0,Misc,Electronic Arts,0.01,0.0,0.0,0.0,0.01
6304,Age of Storm II,GBA,2001.0,Fighting,2K Games,0.0,0.01,0.0,0.0,0.01
6305,Fall of Fury: Origins,X360,2013.0,Racing,Warner Bros. Interactive,0.01,0.0,0.0,0.0,0.01
6306,Kingdom of Heroes 2,GBA,2008.0,Role-Playing,Square Enix,0.01,0.0,0.0,0.0,0.01
6307,Honor Champions III,3DS,2019.0,Adventure,Epic Games,0.01,0.0,0.0,0.0,0.01
6308,Empire of Titans: Remastered,XOne,2018.0,Strategy,Activision,0.01,0.0,0.0,0.0,0.01
6309,Empires Odyssey: Next Gen,GB,2003.0,Puzzle,Nintendo,0.01,0.0,0.0,0.0,0.01
6310,Call of Rebellion,GB,1997.0,Puzzle,Microsoft Game Studios,0.01,0.0,0.0,0.0,0.01
6311,Chronicles of Titans 3,GC,2004.0,Fighting,Ubisoft,0.01,0.0,0.0,0.0,0.01
6312,Rise of Storm 3,GC,2007.0,Role-Playing,Warner Bros. Interactive,0.01,0.0,0.0,0.0,0.01
6313,Call of Warriors,WiiU,2016.0,Fighting,Namco Bandai Games,0.01,0.0,0.0,0.0,0.01
6314,Duty Conquest Gold Edition,XOne,2019.0,Strategy,Electronic Arts,0.01,0.0,0.0,0.0,0.01
6315,Valor Fairways 3,PC,,Fighting,2K Games,0.01,0.0,0.0,0.0,0.01
6316,Titans Depths,3DS,2014.0,Simulation,2K Games,0.01,0.0,0.0,0.0,0.01
6317,Realm of Warriors: Next Gen,X360,2017.0,Puzzle,Activision,0.01,0.0,0.0,0.0,0.01
6318,Warriors Depths,PS,2007.0,Adventure,Square Enix,0.01,0.0,0.0,0.0,0.01
6319,Honor Honor 3,XOne,2019.0,Puzzle,Nintendo,0.01,0.0,0.0,0.0,0.01
6320,Shadow of Storm,Wii,2006.0,Puzzle,Epic Games,0.0,0.01,0.0,0.0,0.01
6321,Legend of Legends,PS,2009.0,Strategy,Ubisoft,0.01,0.0,0.0,0.0,0.01
6322,Realm of Titans III,GC,2006.0,Action,Ubisoft,0.01,0.0,0.0,0.0,0.01
6323,World of Dragons Gold Edition,SNES,1999.0,Puzzle,Activision,0.01,0.0,0.0,0.0,0.01
6324,World of Glory: Reborn,XB,2008.0,Fighting,Namco Bandai Games,0.01,0.0,0.0,0.0,0.01
6325,Warriors Dragons 3,GC,2003.0,Strategy,THQ,0.01,0.0,0.0,0.0,0.01
6326,Call of Storm 3,XOne,2016.0,Platform,Atari,0.01,0.0,0.0,0.0,0.01
6327,Call of Depths: Remastered,GBA,2003.0,Adventure,Square Enix,0.01,0.0,0.0,0.0,0.01
6328,Dragons Heroes 3,PSP,2012.0,Puzzle,Namco Bandai Games,0.01,0.0,0.0,0.0,0.01
6329,Legend of Rebellion Gold Edition,PSP,2008.0,Role-Playing,CD Projekt,0.01,0.0,0.0,0.0,0.01
6330,Tales of Empires 3,N64,1997.0,Role-Playing,Bethesda Softworks,0.01,0.0,0.0,0.0,0.01
6331,Destiny Duty 3,GB,2000.0,Simulation,Take-Two Interactive,0.01,0.0,0.0,0.0,0.01
6332,Gridiron Destiny II,GBA,2006.0,Role-Playing,Square Enix,0.01,0.0,0.0,0.0,0.01
6333,Fairways Gridiron: Origins,PSP,2016.0,Misc,Nintendo,0.01,0.0,0.0,0.0,0.01
6334,Saga of Duty: Origins,XB,2002.0,Simulation,Atari,0.01,0.0,0.0,0.0,0.01
6335,Empires Nations 3,SNES,2003.0,Fighting,Ubisoft,0.01,0.0,0.0,0.0,0.01
6336,Shadow of Shadows: Reborn,PS,2005.0,Puzzle,Electronic Arts,0.01,0.0,0.0,0.0,0.01
6337,Shadow of Gridiron 3,PSV,2017.0,Fighting,Epic Games,0.01,0.0,0.0,0.0,0.01
6338,Storm Glory III,GC,2010.0,Misc,Take-Two Interactive,0.01,0.0,0.0,0.0,0.01
6339,Realm of Shadows: Remastered,XOne,2013.0,Strategy,Microsoft Game Studios,0.01,0.0,0.0,0.0,0.01
6340,Valor Depths,GB,1996.0,Strategy,Capcom,0.01,0.0,0.0,0.0,0.01
6341,Empire of Arena: Origins,WiiU,2014.0,Simulation,Microsoft Game Studios,0.01,0.0,0.0,0.0,0.01
6342,Dragons Fairways III,XOne,,Misc,Sega,0.01,0.0,0.0,0.0,0.01
6343,Storm Empires Gold Edition,WiiU,2012.0,Fighting,Ubisoft,0.01,0.0,0.0,0.0,0.01
6344,Racing Stars Glory,PSP,2005.0,Fighting,Epic Games,0.01,0.0,0.0,0.0,0.01
6345,Duty Dragons Gold Edition,PSV,2014.0,Fighting,Activision,0.01,0.0,0.0,0.0,0.01
6346,Call of Rebellion,PSP,2012.0,Strategy,Sony Computer Entertainment,0.01,0.0,0.0,0.0,0.01
6347,Odyssey Glory 3,N64,1996.0,Adventure,Atari,0.01,0.0,0.0,0.0,0.01
6348,Saga of Titans,PSV,2020.0,Sports,THQ,0.01,0.0,0.0,0.0,0.01
6349,Nations Glory III,XB,2006.0,Sports,Sega,0.01,0.0,0.0,0.0,0.01
6350,Skies Legends III,XOne,2015.0,Fighting,2K Games,0.01,0.0,0.0,0.0,0.01
6351,Kingdom of Champions 3,SNES,1997.0,Role-Playing,Square Enix,0.01,0.0,0.0,0.0,0.01
6352,World of Depths: Next Gen,PS4,2013.0,Simulation,2K Games,0.01,0.0,0.0,0.0,0.01
6353,Glory Skies,GB,1997.0,Fighting,Nintendo,0.01,0.0,0.0,0.0,0.01
6354,Titans Heroes,GB,1997.0,Misc,Epic Games,0.01,0.0,0.0,0.0,0.01
6355,Arena Champions,PS4,2018.0,Simulation,Ubisoft,0.01,0.0,0.0,0.0,0.01
6356,Empire of Fury Gold Edition,XOne,2020.0,Role-Playing,Nintendo,0.01,0.0,0.0,0.0,0.01
6357,World of Odyssey: Origins,WiiU,2020.0,Role-Playing,Namco Bandai Games,0.0,0.0,0.01,0.0,0.01
6358,Depths Heroes 2,PSV,2018.0,Simulation,Electronic Arts,0.01,0.0,0.0,0.0,0.01
6359,Legend of Racing Stars,XOne,2017.0,Strategy,Sega,0.01,0.0,0.0,0.0,0.01
6360,Legends Legends Gold Edition,XB,2001.0,Adventure,2K Games,0.01,0.0,0.0,0.0,0.01
6361,Battle for Skies,GC,2005.0,Action,Bethesda Softworks,0.01,0.0,0.0,0.0,0.01
6362,Kingdom of Arena 3,GC,2003.0,Racing,Sega,0.01,0.0,0.0,0.0,0.01
6363,Skies Skies 2,PSV,2015.0,Fighting,Activision,0.01,0.0,0.0,0.0,0.01
6364,Depths Fairways III,WiiU,2020.0,Fighting,Atari,0.01,0.0,0.0,0.0,0.01
6365,Rise of Honor: Remastered,GC,2005.0,Sports,Nintendo,0.01,0.0,0.0,0.0,0.01
6366,Fairways Odyssey: Origins,XOne,2014.0,Strategy,Take-Two Interactive,0.01,0.0,0.0,0.0,0.01
6367,Dragons Arena 2,SNES,2000.0,Strategy,Ubisoft,0.0,0.01,0.0,0.0,0.01
6368,Tales of Dragons 2,N64,1997.0,Simulation,Sony Computer Entertainment,0.01,0.0,0.0,0.0,0.01
6369,Arena Storm: Next Gen,WiiU,2015.0,Platform,Atari,0.01,0.0,0.0,0.0,0.01
6370,Fairways Glory: Origins,PSV,2012.0,Puzzle,Disney Interactive Studios,0.01,0.0,0.0,0.0,0.01
6371,Warriors Valor 2,WiiU,2017.0,Adventure,Atari,0.01,0.0,0.0,0.0,0.01
6372,Quest for Dragons,PC,1999.0,Fighting,Konami Digital Entertainment,0.01,0.0,0.0,0.0,0.01
6373,Fall of Fairways,SNES,2002.0,Misc,Warner Bros. Interactive,0.01,0.0,0.0,0.0,0.01
6374,Empire of Fairways: Revolution,XB,2006.0,Platform,Square Enix,0.01,0.0,0.0,0.0,0.01
6375,Depths Valor III,PS,2005.0,Shooter,2K Games,0.01,0.0,0.0,0.0,0.01
6376,Honor Honor: Reborn,PSV,2011.0,Strategy,Sega,0.01,0.0,0.0,0.0,0.01
6377,Quest for Honor,3DS,2012.0,Puzzle,,0.01,0.0,0.0,0.0,0.01
6378,Chronicles of Conquest: Revolution,PC,2000.0,Platform,Square Enix,0.01,0.0,0.0,0.0,0.01
6379,Honor Warriors: Origins,3DS,2019.0,Fighting,THQ,0.01,0.0,0.0,0.0,0.01
6380,Skies Depths: Revolution,XB,2001.0,Platform,Warner Bros. Interactive,0.01,0.0,0.0,0.0,0.01
6381,Tales of Warriors II,SNES,2000.0,Puzzle,Warner Bros. Interactive,0.01,0.0,0.0,0.0,0.01
6382,Kingdom of Odyssey Gold Edition,XB,2007.0,Sports,Epic Games,0.01,0.0,0.0,0.0,0.01
6383,Age of Skies,XB,2004.0,Platform,Microsoft Game Studios,0.01,0.0,0.0,0.0,0.01
6384,Empires Warriors: Remastered,PSP,2012.0,Racing,2K Games,0.01,0.0,0.0,0.0,0.01
6385,Storm Destiny,3DS,2011.0,Simulation,Disney Interactive Studios,0.01,0.0,0.0,0.0,0.01
6386,Titans Racing Stars,GBA,2003.0,Sports,Namco Bandai Games,0.01,0.0,0.0,0.0,0.01
6387,Titans Champions 3,N64,1996.0,Role-Playing,Take-Two Interactive,0.01,0.0,0.0,0.0,0.01
6388,Realm of Depths: Remastered,GBA,2009.0,Action,THQ,0.01,0.0,0.0,0.0,0.01
6389,Depths Fury,XB,2002.0,Misc,Capcom,0.01,0.0,0.0,0.0,0.01
6390,Heroes Warriors: Origins,GB,1997.0,Role-Playing,Square Enix,0.01,0.0,0.0,0.0,0.01
6391,Realm of Honor: Remastered,SNES,1999.0,Adventure,Square Enix,0.01,0.0,0.0,0.0,0.01
6392,Titans Heroes 2,GB,1999.0,Shooter,Take-Two Interactive,0.01,0.0,0.0,0.0,0.01
6393,Gridiron Honor: Next Gen,GC,2002.0,Platform,Ubisoft,0.01,0.0,0.0,0.0,0.01
6394,Legends Warriors 2,PS,1997.0,Sports,Konami Digital Entertainment,0.01,0.0,0.0,0.0,0.01
6395,Call of Shadows,PS3,2009.0,Fighting,Konami Digital Entertainment,0.01,0.0,0.0,0.0,0.01
6396,Titans Duty Gold Edition,WiiU,2018.0,Simulation,Take-Two Interactive,0.01,0.0,0.0,0.0,0.01
6397,Age of Destiny Gold Edition,PS,1996.0,Fighting,Nintendo,0.01,0.0,0.0,0.0,0.01
6398,Champions Skies Gold Edition,GC,2001.0,Role-Playing,CD Projekt,0.0,0.0,0.01,0.0,0.01
6399,Gridiron Warriors: Next Gen,XB,2008.0,Sports,Sony Computer Entertainment,0.01,0.0,0.0,0.0,0.01
6400,Kingdom of Warriors,PS2,2001.0,Adventure,THQ,0.01,0.0,0.0,0.0,0.01
6401,Duty Valor III,SNES,2006.0,Role-Playing,Epic Games,0.01,0.0,0.0,0.0,0.01
6402,Battle for Depths: Origins,WiiU,2019.0,Strategy,Sony Computer Entertainment,0.01,0.0,0.0,0.0,0.01
6403,Storm Destiny: Remastered,SNES,2001.0,Shooter,Take-Two Interactive,0.0,0.01,0.0,0.0,0.01
6404,Kingdom of Shadows II,WiiU,2018.0,Simulation,Sony Computer Entertainment,0.01,0.0,0.0,0.0,0.01
6405,Shadows Fury Gold Edition,PSP,2007.0,Misc,CD Projekt,0.01,0.0,0.0,0.0,0.01
6406,Quest for Titans II,WiiU,2013.0,Sports,Namco Bandai Games,0.01,0.0,0.0,0.0,0.01
6407,Tales of Champions III,XB,2005.0,Adventure,CD Projekt,0.01,0.0,0.0,0.0,0.01
6408,Nations Nations III,PSV,2020.0,Adventure,Sony Computer Entertainment,0.01,0.0,0.0,0.0,0.01
6409,Quest for Titans: Next Gen,XB,2006.0,Sports,Electronic Arts,0.01,0.0,0.0,0.0,0.01
6410,Champions Duty: Reborn,N64,2003.0,Puzzle,Atari,0.01,0.0,0.0,0.0,0.01
6411,Odyssey Odyssey: Origins,SNES,2003.0,Role-Playing,Electronic Arts,0.01,0.0,0.0,0.0,0.01
6412,Quest for Champions II,GBA,2008.0,Strategy,CD Projekt,0.01,0.0,0.0,0.0,0.01
6413,Battle for Empires 2,PSV,2012.0,Action,Konami Digital Entertainment,0.01,0.0,0.0,0.0,0.01
6414,Legend of Conquest: Origins,PSV,2017.0,Misc,Atari,0.01,0.0,0.0,0.0,0.01
6415,Kingdom of Fairways,GC,2004.0,Adventure,Square Enix,0.01,0.0,0.0,0.0,0.01
6416,Kingdom of Duty II,GB,2001.0,Fighting,Sega,0.01,0.0,0.0,0.0,0.01
6417,Valor Odyssey II,3DS,2017.0,Shooter,Electronic Arts,0.01,0.0,0.0,0.0,0.01
6418,Quest for Shadows,XB,2002.0,Simulation,THQ,0.01,0.0,0.0,0.0,0.01
6419,World of Gridiron III,N64,2001.0,Shooter,Activision,0.01,0.0,0.0,0.0,0.01
6420,Frontier Fury 3,XB,2001.0,Role-Playing,Disney Interactive Studios,0.01,0.0,0.0,0.0,0.01
6421,Battle for Valor: Revolution,Switch,2019.0,Adventure,Bethesda Softworks,0.01,0.0,0.0,0.0,0.01
6422,Rise of Valor: Next Gen,XOne,,Misc,Warner Bros. Interactive,0.01,0.0,0.0,0.0,0.01
6423,Skies Shadows,PC,2000.0,Strategy,Nintendo,0.01,0.0,0.0,0.0,0.01
6424,Chronicles of Titans II,PC,1996.0,Role-Playing,Square Enix,0.01,0.0,0.0,0.0,0.01
6425,Chronicles of Storm: Revolution,PS,2006.0,Fighting,Namco Bandai Games,0.01,0.0,0.0,0.0,0.01
6426,Legend of Depths 3,SNES,1998.0,Adventure,THQ,0.01,0.0,0.0,0.0,0.01
6427,Legend of Storm II,PS,2008.0,Shooter,Ubisoft,0.01,0.0,0.0,0.0,0.01
6428,Destiny Valor,Switch,2017.0,Fighting,Take-Two Interactive,0.01,0.0,0.0,0.0,0.01
6429,Kingdom of Arena 2,XB,2006.0,Sports,Konami Digital Entertainment,0.01,0.0,0.0,0.0,0.01
6430,Chronicles of Fairways,PS3,2007.0,Simulation,Activision,0.01,0.0,0.0,0.0,0.01
6431,Shadow of Racing Stars 2,X360,2008.0,Misc,Sega,0.01,0.0,0.0,0.0,0.01
6432,Fall of Storm 2,XB,2007.0,Platform,Capcom,0.01,0.0,0.0,0.0,0.01
6433,Quest for Depths 2,GC,2010.0,Platform,Microsoft Game Studios,0.01,0.0,0.0,0.0,0.01
6434,Gridiron Warriors: Next Gen,PSV,2015.0,Strategy,Namco Bandai Games,0.0,0.01,0.0,0.0,0.01
6435,Legends Nations: Remastered,SNES,2003.0,Role-Playing,Bethesda Softworks,0.0,0.0,0.01,0.0,0.01
6436,Dragons Skies 2,SNES,2000.0,Action,Microsoft Game Studios,0.01,0.0,0.0,0.0,0.01
6437,Legend of Skies: Reborn,Wii,2015.0,Simulation,Take-Two Interactive,0.01,0.0,0.0,0.0,0.01
6438,Saga of Titans,N64,1996.0,Fighting,Konami Digital Entertainment,0.01,0.0,0.0,0.0,0.01
6439,Call of Gridiron: Origins,PC,1997.0,Simulation,Capcom,0.01,0.0,0.0,0.0,0.01
6440,Quest for Shadows 2,PSV,2014.0,Puzzle,Electronic Arts,0.01,0.0,0.0,0.0,0.01
6441,Quest for Rebellion 2,XOne,2017.0,Strategy,Take-Two Interactive,0.01,0.0,0.0,0.0,0.01
6442,World of Conquest III,PSV,2013.0,Sports,Activision,0.01,0.0,0.0,0.0,0.01
6443,Tales of Depths,PS,2005.0,Adventure,Sega,0.01,0.0,0.0,0.0,0.01
6444,Glory Frontier 2,PS3,2006.0,Misc,Capcom,0.01,0.0,0.0,0.0,0.01
6445,Gridiron Conquest: Remastered,GBA,2007.0,Strategy,Sega,0.01,0.0,0.0,0.0,0.01
6446,Shadows Fury,PSV,2017.0,Puzzle,2K Games,0.01,0.0,0.0,0.0,0.01
6447,Arena Nations: Remastered,XB,2008.0,Adventure,Bethesda Softworks,0.01,0.0,0.0,0.0,0.01
6448,Shadows Nations,Switch,2017.0,Simulation,Atari,0.01,0.0,0.0,0.0,0.01
6449,Shadow of Conquest 3,PS4,2018.0,Fighting,Sega,0.01,0.0,0.0,0.0,0.01
6450,Quest for Rebellion II,PS,,Role-Playing,CD Projekt,0.01,0.0,0.0,0.0,0.01
6451,Tales of Fairways: Next Gen,PS,2001.0,Strategy,Ubisoft,0.0,0.01,0.0,0.0,0.01
6452,Fall of Fairways,X360,2011.0,Puzzle,Atari,0.01,0.0,0.0,0.0,0.01
6453,Chronicles of Legends,N64,2008.0,Fighting,Warner Bros. Interactive,0.01,0.0,0.0,0.0,0.01
6454,Saga of Arena 2,XB,2007.0,Fighting,Konami Digital Entertainment,0.01,0.0,0.0,0.0,0.01
6455,Duty Champions III,N64,2001.0,Adventure,CD Projekt,0.01,0.0,0.0,0.0,0.01
6456,Empire of Gridiron III,SNES,2003.0,Platform,Microsoft Game Studios,0.01,0.0,0.0,0.0,0.01
6457,Conquest Valor,XB,2010.0,Action,Epic Games,0.01,0.0,0.0,0.0,0.01
6458,World of Dragons: Reborn,PS,2006.0,Simulation,Sony Computer Entertainment,0.01,0.0,0.0,0.0,0.01
6459,Skies Storm: Reborn,GB,2003.0,Adventure,Bethesda Softworks,0.01,0.0,0.0,0.0,0.01
6460,Battle for Honor: Reborn,GB,1996.0,Strategy,Take-Two Interactive,0.01,0.0,0.0,0.0,0.01
6461,Skies Champions: Remastered,N64,1997.0,Simulation,Sony Computer Entertainment,0.01,0.0,0.0,0.0,0.01
6462,Duty Rebellion,XOne,2013.0,Simulation,Atari,0.01,0.0,0.0,0.0,0.01
6463,Quest for Shadows: Remastered,SNES,2004.0,Simulation,Ubisoft,0.01,0.0,0.0,0.0,0.01
6464,Rise of Storm: Next Gen,SNES,1995.0,Fighting,Take-Two Interactive,0.01,0.0,0.0,0.0,0.01
6465,Odyssey Valor: Remastered,GB,1998.0,Racing,Namco Bandai Games,0.01,0.0,0.0,0.0,0.01
6466,Battle for Champions: Remastered,PS,2001.0,Strategy,Epic Games,0.01,0.0,0.0,0.0,0.01
6467,Legend of Duty Gold Edition,XOne,2016.0,Racing,Namco Bandai Games,0.01,0.0,0.0,0.0,0.01
6468,Racing Stars Legends,GB,2003.0,Strategy,Sony Computer Entertainment,0.01,0.0,0.0,0.0,0.01
6469,Rebellion Storm,N64,2005.0,Puzzle,Capcom,0.01,0.0,0.0,0.0,0.01
6470,Kingdom of Gridiron: Revolution,3DS,2014.0,Simulation,Take-Two Interactive,0.01,0.0,0.0,0.0,0.01
6471,Frontier Dragons: Reborn,XOne,2018.0,Simulation,CD Projekt,0.01,0.0,0.0,0.0,0.01
6472,Duty Arena,PC,2002.0,Fighting,Epic Games,0.01,0.0,0.0,0.0,0.01
6473,World of Arena Gold Edition,XB,2008.0,Strategy,Sega,0.01,0.0,0.0,0.0,0.01
6474,Titans Nations,GC,2003.0,Role-Playing,Bethesda Softworks,0.0,0.0,0.01,0.0,0.01
6475,Legend of Storm,SNES,1995.0,Action,Ubisoft,0.01,0.0,0.0,0.0,0.01
6476,Tales of Fury 3,N64,2008.0,Puzzle,Ubisoft,0.01,0.0,0.0,0.0,0.01
6477,Glory Warriors II,N64,2006.0,Sports,Konami Digital Entertainment,0.01,0.0,0.0,0.0,0.01
6478,Quest for Titans: Revolution,GBA,2004.0,Puzzle,Bethesda Softworks,0.01,0.0,0.0,0.0,0.01
6479,World of Duty 3,N64,2002.0,Racing,2K Games,0.01,0.0,0.0,0.0,0.01
6480,Quest for Legends: Revolution,PS4,2015.0,Racing,Take-Two Interactive,0.01,0.0,0.0,0.0,0.01
6481,Shadows Champions,XOne,2016.0,Racing,Microsoft Game Studios,0.01,0.0,0.0,0.0,0.01
6482,Call of Odyssey: Next Gen,PSV,2018.0,Role-Playing,Sony Computer Entertainment,0.01,0.0,0.0,0.0,0.01
6483,Legend of Racing Stars,Switch,2019.0,Racing,Microsoft Game Studios,0.01,0.0,0.0,0.0,0.01
6484,Legend of Odyssey,GC,2008.0,Puzzle,THQ,0.01,0.0,0.0,0.0,0.01
6485,Empire of Shadows,GC,2013.0,Adventure,Disney Interactive Studios,0.01,0.0,0.0,0.0,0.01
6486,Saga of Racing Stars,N64,2005.0,Adventure,CD Projekt,0.01,0.0,0.0,0.0,0.01
6487,Tales of Skies: Remastered,PS4,2020.0,Simulation,Ubisoft,0.0,0.01,0.0,0.0,0.01
6488,Legend of Racing Stars Gold Edition,SNES,2006.0,Puzzle,Disney Interactive Studios,0.01,0.0,0.0,0.0,0.01
6489,Tales of Frontier II,N64,2006.0,Misc,Take-Two Interactive,0.01,0.0,0.0,0.0,0.01
6490,Champions Frontier,N64,2002.0,Racing,Epic Games,0.01,0.0,0.0,0.0,0.01
6491,Shadow of Rebellion,XOne,2018.0,Misc,Capcom,0.0,0.01,0.0,0.0,0.01
6492,Warriors Frontier II,Switch,2019.0,Adventure,Square Enix,0.01,0.0,0.0,0.0,0.01
6493,Heroes Frontier,PSP,2005.0,Strategy,Ubisoft,0.01,0.0,0.0,0.0,0.01
6494,Age of Depths: Origins,PSV,2020.0,Puzzle,Nintendo,0.01,0.0,0.0,0.0,0.01
6495,Tales of Gridiron II,GC,2004.0,Misc,Disney Interactive Studios,0.01,0.0,0.0,0.0,0.01
6496,Champions Dragons II,PS,1999.0,Simulation,Sega,0.01,0.0,0.0,0.0,0.01
6497,Empires Depths II,SNES,2001.0,Misc,Sega,0.01,0.0,0.0,0.0,0.01
6498,Shadow of Empires: Origins,N64,1999.0,Fighting,Disney Interactive Studios,0.01,0.0,0.0,0.0,0.01
6499,Tales of Odyssey 3,WiiU,2019.0,Misc,Microsoft Game Studios,0.01,0.0,0.0,0.0,0.01
6500,Battle for Fairways: Next Gen,PC,1995.0,Platform,THQ,0.01,0.0,0.0,0.0,0.01
